RID,DISCNAME,VISCNAME,INFO1,INFO2,IDX,VISCIDX,DISCGROUP,MODULENAME,IDX_VISCGROUP,Buf1,Buf2,Buf3,Buf4
1,多囊卵巢,超声,"经[阴道;腹部;直肠]探查:  
   子宫[前;后;平]位,形态规整，体积[偏小;正常[，大小约为  mm ×  mm ×  mm ，轮廓清晰，宫壁回声均匀，内膜线居中,内膜厚 mm,宫腔内未见异常回声。+ 
   右侧卵巢大小:  mm ×  mm ×  mm.    
   左侧卵巢大小:  mm ×  mm ×  mm .
   双侧卵巢包膜增厚,沿皮质区呈密集排列多个小卵泡,髓质回声增强增多. ","双侧卵巢体积增大,呈多囊改变.
子宫体积偏小.",027,0,常见,UIS,001,DNLC,附件,NULL,NULL
2,黄体血肿,超声,"经[阴道;腹部]探查:  
   子宫[前;后;水平]位,形态规整，大小正常，约为 mm × mm × mm ，轮廓清晰，宫壁回声均匀，内膜线居中,内膜厚 mm,宫腔内未见异常回声。+ 
   [左;右]侧卵巢结构正常。+ 
   [左;右]侧卵巢可探及 mm × mm大小的囊性包块,囊壁较厚,内壁粗糙，,其内可见絮状和细网状强回声，CDFI显示呈[环状;半环状]血流信号。+   
    盆腔内可见条片状暗区，液平 mm。+",[右;左]侧卵巢囊性包块（考虑为出血性黄体）。+（建议复查）
盆腔积液。+,028,0,常见,UIS,001,HTXZ,附件,NULL,NULL
3,监卵,超声,"经[阴道;腹部;直肠]探查:  
   子宫[前;后;平]位,形态规整，大小正常，约为  mm ×  mm ×  mm ，轮廓清晰，宫壁回声均匀，内膜线居中,内膜厚  mm,宫腔内未见异常回声。+ 
 [左;右]侧卵巢大小约为 :  mm ×  mm ×  mm  ，其内侧有直径约为 mm卵泡突起，边缘无卵巢组织覆盖。+[左;右]侧卵巢大小约为mm ×  mm ×  mm ，结构正常. ",结合月经周期考虑为[左;右]侧卵巢[优势;成熟]卵泡。+,029,0,常见,UIS,001,JL,附件,NULL,NULL
4,节育器探查,超声,"经[阴道;腹部]探查:
    子宫[前;平;后]位，子宫大小约  mmX  mm X mm.子宫轮廓清楚，边缘规整，宫壁回声均匀，宫腔线形回声居中，宫腔内可见[""O"";宫腔;""T"";母体乐]形节育器,位置[居中;下移],宫内环上缘距宫底外缘距离为 mm.
    双侧卵巢大小结构正常。+
    盆腔可见条片状暗区液平为 mm.",子宫内节育器位置[正常;下移]。+
双附件区未见异常声像.
盆腔积液.,030,0,常见,UIS,001,JYQTC,附件,NULL,NULL
5,卵巢癌[新],超声,    子宫纵断面与横断面；卵巢纵断面与横断面。+
    位于子宫右侧探及肿块，上下径  mm ，左右径  mm ，前后径  mm 。+外形不规整，边界较模糊，内部以实质性中等回声为主，出现大小不等、不规则的囊性区。+左侧卵巢未显示。+
   子宫后位，子宫体左右径  mm ，前后径  mm ，上下径  mm ，宫腔线形回声居中，子宫内膜前后径  mm ，盆、腹腔未探及游液体。+
    CDFI：位于肿块实性区内显示散在点状与条状动脉血流，RI=   ，子宫动脉 RI=   。+,右附件区实囊混合性肿块，考虑为卵巢癌。+
双侧输卵管积液,031,0,常见,UIS,001,LCA[X],附件,NULL,NULL
6,卵巢畸胎瘤[新],超声,"经[阴道;腹部;直肠]探查:  
   子宫[前;后;平]位,形态规整，体积[偏小;正常]，大小约为  mm ×  mm ×  mm ，轮廓清晰，宫壁回声均匀，内膜线居中,内膜厚 mm,宫腔内未见异常回声.
    [左;右]侧卵巢大小结构正常,[左;右]侧卵巢未探及.
    位于子宫[左;右]侧探及肿块左右径  mm ，前后径  mm ，上下径  mm ，外形呈球形，边界欠清晰。+",[左;右]侧附件区囊实混合性包块(考虑卵巢囊性畸胎瘤)。+,032,0,常见,UIS,001,LCJTL[X],附件,NULL,NULL
7,卵巢卵泡膜细胞瘤,超声,"     子宫[前位;后位;水平位]，子宫大小约: mm X mm X mm。+宫轮廓清楚，边缘规整，肌层回声均匀，宫腔线形回声居中，子宫内膜前后径  mm 。+位于子宫右侧探及包块，左右径  mm ,前后径  mm ,上下径  mm,外形规整，边界较清晰,内部为囊实混合性回声，可及mm ～  mm 大小不等囊性区，边缘规整，边界清晰，实性区为较均匀的低回声区。+
    左侧卵巢未显示。+",　　右侧附件区囊实性混合性肿瘤（考虑卵巢卵泡膜细胞瘤可能性大）。+,033,0,常见,UIS,001,LCLPMXBL,附件,NULL,NULL
8,卵巢囊腺瘤,超声,"经[阴道;腹部;直肠]探查:  
   子宫[前;后;平]位,形态规整，体积[偏小;正常[，大小约为  mm ×  mm ×  mm ，轮廓清晰，宫壁回声均匀，内膜线居中,内膜厚 mm,宫腔内未见异常回声。+ 
    [左;右]侧卵巢大小结构正常,[左;右]侧卵巢未探及位于子宫[左;右]侧探及肿块，大小约为 mm ×  mm ×  mm，外形呈球形，边界尚清晰，其内[可见;未见]亮光带分隔,囊壁[光滑;可见乳头状强回声团块],CDFI显示其内可见条点状血流信号.",[左;右]侧附件区囊实混合性包块(考虑卵巢囊性畸胎瘤)。+,034,0,常见,UIS,001,LCNXL,附件,NULL,NULL
9,卵巢囊性畸胎瘤,超声,"经[阴道;腹部;直肠]探查:  
   子宫[前;后;平]位,形态规整，体积[偏小;正常]，大小约为  mm ×  mm ×  mm ，轮廓清晰，宫壁回声均匀，内膜线居中,内膜厚 mm,宫腔内未见异常回声。+
    [左;右]侧卵巢大小结构正常,[左;右]侧卵巢未探及.位于子宫[左;右]侧探及肿块，大小约为 mm ×  mm ×  mm ，外形呈球形，边界欠清晰。+内部下2/3区为低回声区，并可见散在似层状短线强光条，其上部1/3为弧形强回声，并伴声影，转动体位后其上部强回声可浮动。+
    CDFI显示肿块内未见明确血流信号。+",[左;右]侧附件区囊实混合性包块(考虑卵巢囊性畸胎瘤)。+,035,0,常见,UIS,001,LCNXJTL,附件,NULL,NULL
10,卵巢囊肿,超声,"经[阴道;腹部;直肠]探查:  
   子宫[前;后;平]位,形态规整，大小正常，约为  mm ×  mm ×  mm ，轮廓清晰，宫壁回声均匀，内膜线居中,内膜厚  mm,宫腔内未见异常回声。+     
   [右;左]侧卵巢结构正常。+ 
   [右;左]侧卵巢可探及 mm ×  mm大小的囊性包块,边界清晰,其内可见絮状和网状强回声。+   
    盆腔内可见条片状暗区，液平 mm。+ ",[右;左]侧卵巢囊性包块（考虑为黄体囊肿）。+（建议复查）
盆腔积液。+,036,0,常见,UIS,001,LCNZ,附件,NULL,NULL
11,盆腔轻度淤血,超声,"经[阴道;腹部;直肠]探查：  
　　子宫[前;中;后]位,形态规整，大小约为： mm × mm × mm，轮廓清晰，子宫肌层外1/3及子宫两侧可见迂曲扩张的管状结构,内径 mm。+内膜线居中,内膜厚  0.5mm,宫腔内未见异常回声。+ 
　　双卵巢大小结构正常。+
　　盆腔内可见条片状暗区，液平   mm，透声性不佳。+",盆腔静脉淤血。+
盆腔少量积液。+,037,0,常见,UIS,001,PQQDYX,附件,NULL,NULL
12,输卵管积液[新],超声,"经[阴道;直肠;腹部]探查:
    子宫[前;中;后]位，大小约为 mm X mm X mm.子宫轮廓清楚，外形较规整，肌层回声欠均匀，宫腔线形回声隐约可见居中,子宫内膜前后径 mm 。+
    位于子宫[左;右]侧探及不规则形囊性包块，左右径  mm ，前后径  mm,上下径  mm ，囊壁稍厚不光滑。+ 
    CDFI：未见异常彩色血流信号。+
   双侧卵巢大小正常，卵巢表面可见多个细小光斑。+
   盆腔内可见片状暗区液平约为 mm,其内见[光带;光点]回声,透声性不佳.",[左;右]侧附件区囊性包块(考虑输卵管积液)。+
盆腔积液.
双卵巢表面多发细小钙化。+,038,0,常见,UIS,001,SLGJY[X],附件,NULL,NULL
13,双侧输卵管积液,超声,"经[阴道;直肠;腹部]探查:
    子宫[前;中;后]位，大小约为 mm X mm X mm.子宫轮廓清楚，外形较规整，肌层回声欠均匀，宫腔线形回声隐约可见居中,子宫内膜前后径 mm 。+
    子宫两侧均探及不规则形囊性包块,左侧大小约为 mm X mm,右侧大小约为 mmX mm,边界尚清晰与卵巢有粘连征象,CDFI：未见异常血流信号。+
    双侧卵巢表面弥漫分布多个细小光斑,内部结构正常.
    盆腔内可见片状暗区液平约为 mm,其内见[光带;光点]回声,透声性不佳.",双侧附件区囊性包块(考虑输卵管积液)。+
双侧卵巢表面多发细小钙化.
盆腔积液.,039,0,常见,UIS,001,SCSLGJY,附件,NULL,NULL
14,子宫内膜异位症,超声," 经[阴道;腹部;直肠]探查:
      子宫[前;中;后]位,增大,呈球形，大小约 mm X mm X mm，内膜线不居中，偏向[前;后]壁,宫壁回声不均匀。+宫体[前;后[壁肌壁间可见蜂窝状小囊及粗大光点。+CDFI显示其内血管紊乱。+
  [左;右]侧[卵巢内;附件区]可探及 mmX mmX mm囊性包块,边界清晰,包膜略厚欠光滑,其内可见云雾样细点状回声,后方回声增强。+CDFI显示包块内未见血流信号。+
      [左;右]侧卵巢大小结构正常。+
     盆腔内可见条片状暗区,液平 mm。+",[左;右]附件区囊性包块（考虑巧克力囊肿可能性大）。+ ,040,0,常见,UIS,001,ZGNMYWZ,附件,NULL,NULL
16,正常脑血管,超声,经颅彩色多普勒超声探查：
脑血管测值（速度单位mm/s）：
LMCA　PSV 70.0，EDV 35.0，TAV 45.0，RI0.80，PI0.50。+
LACA　PSV 40.0，EDV 25.0，TAV 35.0，RI0.85，PI0.50。+
LPCA　PSV 45.0，EDV 28.0，TAV 38.0，RI0.85，PI0.50。+
RMCA　PSV 70.0，EDV 35.0，TAV 45.0，RI0.80，PI0.50。+
RACA　PSV 40.0，EDV 25.0，TAV 35.0，RI0.85，PI0.50。+
RPCA　PSV 45.0，EDV 28.0，TAV 38.0，RI0.90，PI0.50。+
BA　  PSV 65.0，EDV 32.0，TAV 34.0，RI0.83，PI0.50。+
[双侧;左;右]侧颞窗封闭，[LMCA;RMCA]为眼窗颈内A虹吸段探测值。+
[RMCA;RACA;RPCA;LMCA;LACA;LPCA]未[探及;能显示]血流信号。+
双侧MCA、ACA、PCA 及 BA彩束显示清，走行正常，未见局部狭窄或增宽。+
频谱形态正常，频窗清晰，声频柔和，流速无增高或减慢，血管阻力无增高。+,[所查;其余]脑血管[流速及弹性]未见[明显]异常。+,002,0,常见,UIS,001,ZCNXG,颅脑,NULL,NULL
17,脑动脉硬化,超声,经颅彩色多普勒超声探查：
[RMCA;RACA;RPCA;LMCA;LACA;LPCA;BA]彩流[欠;尚]清，走行[正常;弯曲]，彩束[无;稍;明显]变细[，宽约mm][，呈断续状][，色泽][明亮;暗淡]。+
收缩期流速[稍;明显][减慢;加快][，峰速约mm/s]，舒张期流速[稍;明显][减慢]。+
频谱形态失常，[正;反]向，波峰[较][矮小;偏低][圆钝]，S1[=;<]S2[，呈][拱桥状;平顶状][，上升支][上;中;下][1/3处出现转折波]，频带增宽，频窗充填，声频低沉。+
血管阻力指数[稍;明显][正常;减低;增高]，血管脉动指数[稍;明显][正常;减低;增高]。+
以上血管改变以[左侧;右侧;BA]为著。+
[左;右;双侧][MCA;ACA;PCA;BA][前;中;后]段彩束[稍;明显]变细，局部彩流加速，呈五彩状[，峰速约mm/s]。+,脑动脉流速[轻度;明显;消失][减慢;加快]，弹性[轻度;明显][降低]。+
[符合]脑动脉[稍;轻度;中度;重度;明显]硬化。+
[左;右;双侧][MCA;ACA;PCA;BA][前;中;后]段[稍;轻度;明显]狭窄。+,003,0,?,UIS,001,NDMYH,TCI,NULL,NULL
18,基底动脉供血不足,超声,经颅彩色多普勒超声探查：
[RMCA;RACA;RPCA;LMCA;LACA;LPCA;BA]彩束清晰，走行正常，流速正常，频谱形态正常，血管阻力指数正常，血管脉动指数正常。+
基底动脉彩束[稍;明显]变细，暗淡，峰速[稍;明显]减慢[，局部彩流加速，呈五彩状][，峰速约mm/s]。+
频谱形态[正;失]常，[正;反]向，波峰[较][矮小;偏低][圆钝]，S1[=;<]S2[，呈][拱桥状;平顶状][，上升支][上;中;下][1/3处出现转折波]，频带增宽，频窗充填，声频低沉。+
血管阻力指数[稍;明显][正常;降低;增高][RI]，血管脉动指数[稍;明显][正常;降低;增高][PI]。+,基底动脉流速减慢，多普勒频谱失常，考虑[轻度;明显][缺血;供血不足][可能]。+,004,0,?,UIS,001,JDDMGXBZ,TCI,NULL,NULL
19,偏头痛,超声,经颅彩色多普勒超声探查：
[RMCA;RACA;RPCA;LMCA;LACA;LPCA;BA][稍;明显][加快;减慢]，较[对侧;正常][高出;低][30mm/s]。+频谱形态失常，[双;正;反]向，波峰[高尖;低矮]，频窗充填，声频粗糙。+
血管阻力指数[稍;明显][正常;降低;增高][RI]，血管脉动指数[稍;明显][正常;降低;增高][PI]。+
[其余脑动脉;左侧;右侧][MCA;ACA;PCA;BA]彩束显示[尚;欠]清，走行正常。+频谱形态[正;失]常，正向，流速正常，频窗充填，声音低沉。+,[左;右;双侧][MCA;ACA;PCA;BA]流速[轻度;明显][加快;减慢]，符合[左;右;双侧][MCA;ACA;PCA;BA][稍;轻度;明显;重度][痉挛;扩张]。+
结合临床考虑[血管性;偏][头痛][发作期;缓解期]。+,005,0,?,UIS,001,PTT,TCI,NULL,NULL
20,脑血管痉挛,超声,经颅彩色多普勒超声探查：
各脑动脉彩束显示[尚;欠]清，彩束[无;稍;明显]变细[，呈断续状]，走行[正常;弯曲]。+
[LMCA;LACA;LPCA;RMCA;RACA;RPCA;BA]流速[稍;明显]加快[，其中][LMCA;LACA;LPCA;RMCA;RACA;RPCA;BA][流速高达mm/s][，较正常高出30mm/s]。+
频谱形态失常，[双;正;反]向，波峰[高尖;低矮]，频窗充填，声频粗糙。+
血管阻力指数[稍;明显][正常;减低;增高][RI]，血管脉动指数[稍;明显][正常;降低;增高][PI]。+
以上血管改变以[左;右;BA]侧为著。+,[LMCA;LACA;LPCA;RMCA;RACA;RPCA;BA][各]脑动脉流速[普遍][轻度;明显][减慢;加快]，[考虑;符合]脑动脉[稍;轻度;明显;重度]痉挛。+
结合临床考虑[血管性头痛;蛛网膜下腔出血][发作期;缓解期]。+,006,0,?,UIS,001,NXGJL,TCI,NULL,NULL
21,脑血管扩张,超声,经颅彩色多普勒超声探查：
各脑动脉彩束显示[尚;欠]清，彩束[稍;明显][增宽;变细][，呈断续状]，走行[正常;弯曲]。+流速[稍;明显][加快;减慢][，其中][MCA;ACA;PCA;BA][流速为mm/s][，较正常][高出;低][30mm/s]。+
频谱形态失常，[双;正;反]向，波峰[高尖;低矮]，频窗充填，声频粗糙。+
血管阻力指数[稍;明显][正常;减低;增高][（RI）]，血管脉动指数[稍;明显][正常;降低;增高][（PI）]。+
以上血管改变以[左;右;BA]侧为著。+,各脑动脉流速[普遍][轻度;明显][减慢;加快]，[考虑;符合]脑动脉[稍;轻度;明显;重度]扩张。+
结合临床考虑血管性头痛[发作期;缓解期]。+,007,0,?,UIS,001,NXGKZ,TCI,NULL,NULL
22,脑动脉狭窄闭塞,超声,经颅彩色多普勒超声探查：
[RMCA;RACA;RPCA;LMCA;LACA;LPCA]未[探及;能显示]血流信号。+
[左;右][MCA;ACA;PCA][前;中;后]段未能显示。+
[RMCA;RACA;RPCA;LMCA;LACA;LPCA;BA][前;中;后]段彩束[稍;明显]变细[，色泽][暗淡;五彩状]，峰速[稍;明显][减慢;加快][，约mm/s]。+
频谱形态失常，[正;反]向，（收缩期与舒张期]波峰[较;不明显，呈平坦状][矮小;偏低][圆钝][，S1][=;<][S2][，呈][拱桥状;平顶状][，上升支][上;中;下][1/3处出现转折波]，频带增宽，频窗充填，声频低沉。+
其余脑血管[欠;不]清，走行[正常;弯曲]，彩束[无;稍;明显]变细[，宽约mm][，呈断续状][，色泽][明亮;暗淡]。+
收缩期流速[稍;明显][减慢;加快]，舒张期流速[稍;明显][减慢][，约mm/s]。+
频谱形态失常，[正;反]向，波峰[较][矮小;偏低][圆钝]，S1[=;<]S2[，呈][拱桥状;平顶状][，上升支][上;中;下][1/3处出现转折波]，频带增宽，频窗充填，声频低沉。+
血管阻力指数[稍;明显][正常;降低;增高][RI]，血管脉动指数[稍;明显][正常;降低;增高][PI]。+
以上血管改变以[左侧;右侧;BA]为著。+,脑动脉[稍;轻度;中度;重度;明显]硬化。+
[左;右;双侧][MCA;ACA;PCA;BA][前;中;后]段[稍;轻度;明显]狭窄。+
[左;右;双侧][MCA;ACA;PCA;BA][前;中;后]段[稍;轻度;明显]闭塞[可能]。+,008,0,?,UIS,001,NDMXZBS,TCI,NULL,NULL
23,脑动静脉畸形,超声,经颅彩色多普勒超声探查：
[RMCA;RACA;RPCA;LMCA;LACA;LPCA;BA][始部;中段;远端][稍;明显]增宽[，约mm][，呈瘤样][，五彩状]，峰速[稍;明显]加快[，约mm/s]。+频谱形态失常，[双;正;反]向，波峰[较][矮小;高尖][圆钝]，频带增宽，频窗充填，声频粗糙、响亮。+
血管阻力指数[稍;明显][正常;降低;增高][RI]，血管脉动指数[稍;明显][正常;降低;增高][PI]。+
[左;右;双侧][MCA;ACA;PCA;BA;其余脑血管][及右侧][MCA;ACA;PCA]彩束显示清，走行正常，未见局部狭窄或增宽，频谱形态正常，频窗清晰，声音柔和[，流速无增高或减慢，血管阻力无增高]。+,[左;右][MCA;ACA;PCA;BA]局限性瘤样扩张并有涡流，提示[脑动静脉畸形;脑底动脉瘤][可能]。+,009,0,?,UIS,001,NDJMJX,TCI,NULL,NULL
24,颅内高压,超声,经颅彩色多普勒超声探查：
各脑动脉彩束显示[尚;欠]清，彩束[稍;明显]变细[，呈断续状]，走行[正常;弯曲]。+流速[稍;明显]减慢[，其中][MCA;ACA;PCA;BA][流速为mm/s][，较正常低20mm/s]。+
频谱形态失常，[双;正;反]向，收缩峰[稍;明显]变尖，舒张峰[稍;明显][减低;消失]，频窗充填，声频低沉。+
血管阻力指数[稍;明显]增高[RI]，血管脉动指数[稍;明显][正常;降低;增高][PI]。+
以上血管改变以[左;右;BA]侧为著。+,各脑动脉流速[普遍][轻度;明显]减慢，血管阻力指数[稍;明显]增高，[考虑;符合]为脑颅内压[轻度;明显;重度]增高[所致]。+,010,0,?,UIS,001,LNGY,TCI,NULL,NULL
25,脑缺氧,超声,经颅彩色多普勒超声探查：
各脑动脉彩束显示[尚;欠]清，彩束[稍;明显]变细[，呈断续状]，走行[正常;弯曲]。+流速[稍;明显][加快;减慢][，以舒张期流速增高]更明显。+
频谱形态失常，[双;正;反]向，波峰[高尖;低矮]，频窗充填，声频粗糙。+
血管阻力指数[稍;明显][正常;减低][RI]，血管脉动指数[稍;明显][正常;降低;增高][PI]。+
以上血管改变以[左;右;BA]侧为著。+,各脑动脉流速[普遍][轻度;明显][减慢;加快]，[考虑;符合]脑动脉缺氧[所致]。+,011,0,?,UIS,001,NQY,TCI,NULL,NULL
26,新生儿脑缺氧,超声,经颅彩色多普勒超声探查：
脑中线居中，脑室稍变窄呈线状，第三脑室可显示。+
脑沟回欠清晰，脑实质呈散在致密点状较强回声。+
脑内未见斑片状强或无回声。+
各脑动脉彩束显示清，彩束稍变细，走行正常。+频谱形态失常，正向，波峰高尖，流速轻度加快，快速下降，舒张期流速明显减慢，频窗充填，声频粗糙。+血管阻力指数增高，血管脉动指数稍增高。+,脑实质弥漫性改变符合新生儿缺血缺氧性脑病（中度）。+
双侧脑动脉收缩期流速轻度加快，舒张期血流轻度减慢，符合脑内压轻度增高、脑动脉轻度痉挛。+,012,0,?,UIS,001,XSENQY,TCI,NULL,NULL
27,正常膀胱,超声,膀胱充盈[好;不良]，壁[欠;尚]光滑，内未见异常回声。+,膀胱内未见结石。+,001,0,常见,UIS,001,ZCBG,膀胱,NULL,NULL
28,膀胱结石,超声,膀胱壁[无;稍]增厚，[光滑;毛糙]，内见[数;多]个团状强回声，[最大;堆积成团]约mm×mm[、mm×mm][及mm×mm]，随体位移动，伴[明显]声影。+,膀胱[多发性]结石。+
建议[K.U.B;I.V.P;肾功能;治疗后;超声导向穿刺肾盂造影][复查;检查;碎石治疗]。+,002,0,常见,UIS,001,BGJS,膀胱,NULL,NULL
29,膀胱癌,超声,膀胱[前壁;后壁;顶部;三角区][左;右][侧壁;后方]见个[结节状;菜花状;乳头状][较强;较低;中等][回声肿块;局限性增厚区]，约mm×mm×mm。+
肿块表面不整，基底部[较宽;较窄呈蒂状]，局部粘膜线连续性[好;中断]，局部浆膜线[清晰;消失]。+
肿块浸润达[前列腺;精囊;直肠;子宫;卵巢]。+
肿块周边[未]见[半;少许][环状;星点状][动;静][脉]彩流，PSVmm/s，PI，RI。+内部[未]见[较][丰富;稀少;少许][短杆状;星点状;树枝状][动;静][脉]彩流，PSVmm/s，PI，RI[，并探及动静脉瘘血流信号]。+
盆腔内见个类圆形低回声区，约mm×mm至mm×mm。+,膀胱[前壁;后壁;顶部;三角区][左侧壁;右侧壁][占位;隆起]性病变（性质待定）。+
并[双侧;左;右]输尿管口梗阻。+
[结合临床][考虑][符合]膀胱[Ca;壁息肉][可能性大;术后][复发]。+
[符合]膀胱Ca[T期]。+
未除外[膀胱壁息肉;Ca][可能]。+
建议[膀胱镜检;超声导向穿刺活检;经直肠彩色多普勒超声检查]。+,003,0,常见,UIS,001,BGA,膀胱,NULL,NULL
30,膀胱内异物,超声,膀胱[高度]充盈[，顶部][于;平]脐[上;下][mm]。+
[膀胱变形，]膀胱壁[不;稍增;增]厚[、毛糙][，肌小梁明显]。+
膀胱内[未]见[数;多]个[团状;条带状;不规则团块状;点状][强;低]回声[漂浮]，约mm×mm至mm×mm，[不]随体位移动。+,[急;慢;神经]性尿潴留[并感染]。+
膀胱[多发性]结石。+
膀胱内异物[，血块可能性大]。+
建议[膀胱镜检;经直肠彩色多普勒超声检查]。+,004,0,常见,UIS,001,BGNYW,膀胱,NULL,NULL
31,慢性尿潴留,超声,[左;双]肾约mm×mm×mm，右肾约mm×mm×mm。+
[左;右;双]肾[大小正常;增大;明显增大][，形态失常]，肾窦[上盏;中盏;下盏;肾盂][未]见分离性液性暗区[，最宽处mm][，暗区内见点状弱回声]，内[未]见[个]团状强回声[，约mm×mm][至mm×mm]。+
肾皮质[稍;明显]变薄，约mm，回声[稍;明显]增强。+
[左;右;双]肾血管[较;明显][丰富;减少;稀少]，分布[正;失]常[，呈][短杆状;星点状;树枝状][，弓形动脉PSVmm/s，PI，RI][，血管阻力][未见;稍;明显][增加]。+
[左;右;双]输尿管[全程;上段;中段;下段][无;稍;明显]扩张[，宽mm]，内未见团状强回声。+
膀胱[高度;明显][充盈;变形][，约mm×mm×mm]，顶部[于;平][脐][上;下]mm。+
膀胱壁[不;稍增;增]厚[、毛糙]，见[较多][小梁;小房]形成。+
膀胱[左;右][侧壁;后壁;顶部]见处囊袋状向外凸出，[约mm×mm][及mm×mm]，囊壁光滑。+
膀胱内[未]见[数;多][个][团状;条带状;不规则团块状;点状][强;低]回声[漂浮][，约mm×mm][至mm×mm][，][不][随体位移动]。+
排尿后残余尿量[较;增]多，约mm×mm×mm。+
前列腺约mm×mm×mm，增大，略呈球形，包膜光滑、完整。+
前列腺以内腺增大为主，两侧叶对称，中叶增大呈唇状突入膀胱，两侧叶增大呈僧帽状。+
外腺受压明显变薄。+
实质回声[欠;不]均匀[，内见个][点;团][状强回声，约mm][，伴声影]。+,[急;慢;神经]性尿潴留[并感染]。+
膀胱[左;右][侧壁;后壁;顶部][多发性]憩室。+
残余尿量[稍;明显]增加。+
膀胱[多发性]结石。+
膀胱内异物[，血块可能性大]。+
前列腺重度肥大。+
双肾[少;中;大]量积液[，考虑膀胱输尿管回流所致]。+
建议[治疗后复查;膀胱镜检;经直肠彩色多普勒超声检查]。+,005,0,常见,UIS,001,MXNZL,膀胱,NULL,NULL
32,膀胱憩室,超声,膀胱[高度;明显][充盈;变形][，约mm×mm×mm]，顶部[于;平][脐][上;下]mm。+
膀胱壁[不;稍增;增]厚、毛糙，见较多小梁小房形成。+
膀胱[左;右][侧壁;后壁;顶部]见处囊袋状向外凸出，[约mm×mm][及mm×mm]，开口较窄，囊壁光滑。+
膀胱内[未]见[数;多][个][团状;条带状;不规则团块状;点状][强;低]回声[漂浮][，约mm×mm][至mm×mm][，][不][随体位移动]。+
排尿后残余尿量[较;增]多，约mm×mm×mm。+,[急;慢;神经]性尿潴留[并感染]。+
膀胱[左;右][侧壁;后壁;顶部][多发性]憩室形成。+
膀胱[多发性]结石。+
膀胱内异物[，血块可能性大]。+
建议[膀胱镜检;经直肠彩色多普勒超声检查]。+,006,0,常见,UIS,001,BGQS,膀胱,NULL,NULL
33,脐尿管囊肿,超声,膀胱充盈好，内壁[欠;不]光滑[、毛糙]，暗区[透声尚好;内见浮点状弱回声]。+
膀胱顶至脐部腹膜与腹横肌间内见一长约mm、宽约mm“管道样”低无回声，末端稍膨大，似与膀胱相通。+管壁边界欠尚清，管内透声好差。+
膀胱排空后复查，管腔无变细消失。+,脐与膀胱间腹壁内异常通道。+
考虑脐尿管囊肿[并感染][可能]。+,007,0,常见,UIS,001,QNGNZ,膀胱,NULL,NULL
34,胆系测值,超声,{\rtf1\ansi\ansicpg936\deff0{\fonttbl{\f0\fnil\fcharset134 \'cb\'ce\'cc\'e5;}}
\viewkind4\uc1\pard\lang2052\f0\fs18\'b5\'a8\'c4\'d2\'d4\'bc\'a1\'c1mm\'a3\'ac
\par \'b1\'da\'ba\'f1\'d4\'bMMm\'a3\'ac
\par \'b5\'a8\'d7\'dc\'b9\'dc\'bf\'ed\'d4\'bMMm\'a3\'ac
\par }
 ,{\rtf1\ansi\deff0{\fonttbl{\f0\fnil\fcharset134 \'cb\'ce\'cc\'e5;}}
\viewkind4\uc1\pard\lang2052\f0\fs18\'b5\'a8\'c4\'d2\'ce\'b4\'bc\'fb\'bd\'e1\'ca\'af\'bb\'f2\'d5\'bc\'ce\'bb\'b2\'a1\'b1\'e4\'a1\'a3+
\par \'b8\'ce\'c4\'da\'b5\'a8\'b9\'dc\'a1\'a2\'b5\'a8\'d7\'dc\'b9\'dc\'ce\'b4\'bc\'fb\'c0\'a9\'d5\'c5\'a1\'a3+
\par }
 ,001,0,常见,UIS,001,DXCZ,胆系,NULL,NULL
35,正常胆系,超声,胆囊大小正常，壁无增厚，光滑，胆囊内未见异常光团或光斑。
肝内外胆管无扩张，内未见异常光团或光斑。,胆囊未见明显结石或占位病变。
肝内胆管、胆总管未见扩张。,002,0,常见,UIS,001,ZCDX,胆系,NULL,NULL
36,肝病胆囊,超声,{\rtf1\ansi\deff0{\fonttbl{\f0\fnil\fcharset134 \'cb\'ce\'cc\'e5;}}
\viewkind4\uc1\pard\lang2052\f0\fs18\'b5\'a8\'c4\'d2[\'b4\'f3\'d0\'a1\'d5\'fd\'b3\'a3;\'c9\'d4\'b4\'f3;\'d4\'f6\'b4\'f3;\'cb\'f5\'d0\'a1;\'ce\'b4\'cf\'d4\'ca\'be]\'a3\'ac [\'b4\'f3\'d0\'a1\'d4\'bc\'a1\'c1mm\'a3\'ac]\'b1\'da[\'c9\'d4;\'d4\'f6]\'ba\'f1\'a3\'ac\'d4\'bMMm[\'a3\'ac\'b3\'ca][\'cb\'ab\'b2\'e3\'a3\'ac;\'c8\'fd\'b2\'e3\'a3\'ac][\'c9\'d4\'c3\'ab\'b2\'da\'a3\'ac][\'a3\'ac\'b3\'ca\'b7\'e4\'ce\'d1\'d7\'b4\'b0\'b5\'c7\'f8]
\par \'bf\'c9\'cc\'bd\'bc\'b0\'b5\'a5\'cf\'f2\'c6\'bd\'cc\'b9\'b2\'a8\'d0\'ce\'d1\'aa\'c1\'f7\'d0\'c5\'ba\'c5\'a3\'ac
\par \'b5\'a8\'c4\'d2\'c4\'da[\'ce\'b4]\'bc\'fb[\'b8\'f6][\'cd\'c5\'d7\'b4;\'b0\'df\'bf\'e9\'d7\'b4;\'d0\'f5\'d7\'b4][\'b3\'c1\'bb\'fd\'d0\'d4][\'c7\'bf;\'b5\'cd;\'c8\'f5][\'bb\'d8\'c9\'f9][\'a3\'ac\'d4\'bc\'a1\'c1mm][\'d6\'c1\'a1\'c1mm][\'a3\'ac\'ce\'de\'c3\'f7\'cf\'d4\'c9\'f9\'d3\'b0;\'a3\'ac\'b0\'e9\'c9\'f9\'d3\'b0][\'a3\'ac\'c4\'d2\'c7\'bb\'cf\'fb\'ca\'a7]\'a1\'a3
\par \'b8\'ce[\'c4\'da][\'cd\'e2]\'b5\'a8\'b9\'dc[\'ce\'de;\'c9\'d4;\'c3\'f7\'cf\'d4]\'c0\'a9\'d5\'c5[\'a3\'ac\'b5\'a8\'d7\'dc\'b9\'dc\'bf\'ed\'d4\'bMMm][\'a3\'ac\'b9\'dc\'b1\'da\'c9\'d4\'ba\'f1\'a1\'a2\'c3\'ab\'b2\'da]\'a3\'ac\'c4\'da\'ce\'b4\'bc\'fb\'d2\'ec\'b3\'a3\'bb\'d8\'c9\'f9\'a1\'a3
\par }
 ,胆囊壁[增厚;水肿][并][胆汁淤积;多发性][结石]声像。
建议[定期;治疗后;PTC;ERCP;超声导向穿刺活检][复查;检查]。,005,0,常见,UIS,001,GBDN,胆系,NULL,NULL
37,胆囊壁隆起性病变,超声,{\rtf1\ansi\deff0{\fonttbl{\f0\fnil\fcharset134 \'cb\'ce\'cc\'e5;}}
\viewkind4\uc1\pard\lang2052\f0\fs18\'b5\'a8\'c4\'d2[\'c3\'f7\'cf\'d4][\'b4\'f3\'d0\'a1\'d5\'fd\'b3\'a3;\'c9\'d4\'b4\'f3;\'d4\'f6\'b4\'f3;\'cb\'f5\'d0\'a1;\'ce\'b4\'cf\'d4\'ca\'be][\'d4\'bc\'a1\'c1mm][\'a3\'ac\'c4\'d2\'b1\'da][\'c3\'d6\'c2\'fe\'d0\'d4][\'b2\'bb;\'c9\'d4;\'d4\'f6;\'c3\'f7\'cf\'d4\'d4\'f6][\'ba\'f1\'a3\'ac][\'d4\'bMMm][\'a3\'ac\'b3\'ca][\'cb\'ab;\'c8\'fd][\'b2\'e3\'d7\'b4][\'a3\'ac][\'c9\'d4][\'c3\'ab\'b2\'da][\'a3\'ac\'c4\'d2\'c7\'bb\'cf\'fb\'ca\'a7]\'a1\'a3
\par \'b5\'a8\'c4\'d2\'b1\'da\'bc\'fb[\'b6\'e0;1;2]\'b8\'f6[\'de\'a6\'d7\'b4;\'c8\'e9\'cd\'b7\'d7\'b4;\'bf\'c5\'c1\'a3\'d7\'b4][\'c2\'a1\'c6\'f0;\'d4\'f6\'ba\'f1;\'cd\'bb\'c6\'f0]\'d0\'a1\'b2\'a1\'b1\'e4\'a3\'ac[\'b4\'f3\'d0\'a1\'d4\'bc\'a1\'c1mm;\'b4\'f3\'d0\'a1\'b2\'bb\'b5\'c8\'a3\'ac\'d7\'ee\'b4\'f3\'d4\'bc\'a1\'c1mm]\'a3\'ac\'b3\'ca[\'b8\'df;\'d6\'d0\'b5\'c8;\'b5\'cd]\'bb\'d8\'c9\'f9\'a3\'ac[\'ce\'de;\'b0\'e9]\'c9\'f9\'d3\'b0\'a3\'ac\'b2\'bb\'cb\'e6\'cc\'e5\'ce\'bb\'b8\'c4\'b1\'e4\'b9\'f6\'b6\'af\'a1\'a3
\par \'b2\'a1\'d4\'ee\'d5\'b3\'c4\'a4\'cf\'df[\'c9\'d0]\'b9\'e6\'d5\'fb\'a3\'ac\'bd\'ac\'c4\'a4\'cf\'df[\'c7\'b7]\'c7\'e5\'ce\'fa\'a1\'a3
\par \'b2\'a1\'d4\'ee\'c4\'da\'b2\'bf[\'ce\'b4][\'bc\'fb][\'bd\'cf][\'b7\'e1\'b8\'bb;\'cf\'a1\'c9\'d9;\'c9\'d9\'d0\'ed][\'b6\'cc\'b8\'cb\'d7\'b4;\'d0\'c7\'b5\'e3\'d7\'b4;\'ca\'f7\'d6\'a6\'d7\'b4][\'b6\'af;\'be\'b2][\'c2\'f6]\'b2\'ca\'c9\'ab\'d1\'aa\'c1\'f7\'d0\'c5\'ba\'c5\'a3\'ac
\par \'b8\'ce[\'c4\'da;\'cd\'e2;\'c4\'da\'cd\'e2]\'b5\'a8\'b9\'dc[\'c9\'d4;\'ce\'de;\'c3\'f7\'cf\'d4]\'c0\'a9\'d5\'c5\'a1\'a3[\'a3\'ac\'b5\'a8\'d7\'dc\'b9\'dc\'bf\'ed\'d4\'bMMm][\'a3\'ac\'b9\'dc\'b1\'da\'c9\'d4\'ba\'f1\'a1\'a2\'c3\'ab\'b2\'da][\'a3\'ac\'c4\'da][\'ce\'b4][\'bc\'fb][\'ca\'fd][\'b8\'f6][\'d2\'ec\'b3\'a3;\'cd\'c5\'d7\'b4;\'b5\'e3\'d7\'b4][\'c7\'bf;\'b5\'cd][\'bb\'d8\'c9\'f9][\'a3\'ac\'d4\'bc\'a1\'c1mm][\'d6\'c1\'a1\'c1mm]\'a1\'a3
\par }
 ,胆囊壁[多发性;单发性][隆起性;息肉样]实性病变，性质待查，考虑胆囊息肉可能性大。
[结合临床][考虑][符合][胆固醇][息肉;腺肌瘤;腺瘤;腺肌增生;慢性胆囊炎][恶变][可能]。
未除外[胆固醇;慢性胆囊炎][息肉;腺肌瘤;腺瘤;腺肌增生][恶变][可能]。
建议[定期;治疗后;PTC;ERCP;超声导向穿刺活检][复查;检查]。,003,0,常见,UIS,001,DNBLQXBB,胆系,NULL,NULL
38,胆系炎症,超声,胆囊[大小正常;稍大;增大;缩小;未显示][约×mm]，壁[不;稍;增]厚[，约mm][，呈][双层状，;三层状，][稍][毛糙][，囊腔消失]，
胆囊[内;颈][未][见;充满][异常;沉淀性;密集][团状;斑块状;碎石状][强;低]回声[，约×mm][至×mm][，无;，伴][声影]。
超声莫非氏征阳性。
[胆囊旁;上腹腔]见[少;中;大]量液性暗区。
[左;右]肝[内;外]胆管[、胆总管][无;稍]宽[，约mm][，][以][左;右][肝内胆管;胆总管][最宽;无;稍][扩张][，][约mm]。
[左;右][肝][内;外][外叶;内叶;外上支;外下支][、][右肝][前叶;后叶][胆管;胆总管]管壁[不;稍;增][厚;毛糙;回声增强][，以][左;右][肝内胆管;左右肝管汇合部;胆总管][明显][，呈点串状强回声]。
[左;右]肝[内;外][外叶;内叶;外上支;外下支][、][右肝][前叶;后叶][胆管;胆总管]内[未]见[个][异常;点状;团状][强;低]回声[，伴声影]。
[其余]胆管[管壁不厚，]内未见异常回声。
脂肪餐[试验]：[小时后][胆囊约×mm][，小时后][胆囊约×mm][，小时后][胆囊约×mm]。,[电视腹腔镜][胆囊切除;胆石][胆总管切开取石]术后，
胆囊[缺如;未显示;增大;萎缩]。
[结合临床][考虑][符合][急性;慢性][坏疽性]胆囊炎声像。
胆汁淤积。
胆囊穿孔并腹膜炎。
脂肪餐试验：胆囊收缩功能[正常;不良]。
[轻度]胆道感染。
[左;右][肝][内;外][外叶;内叶;外上支;外下支][、][右肝][前叶;后叶][胆管;胆总管]硬化。
建议[定期;治疗后;PTC;ERCP;超声导向穿刺活检][复查;检查]。,004,0,常见,UIS,001,DXYZ,胆系,NULL,NULL
39,胆道蛔虫,超声,胆囊[明显][大小正常;稍大;增大;缩小;未显示][约mm×mm×mm][，囊壁][不;稍;增;明显增][厚][，约mm][，呈][双;三][层状][，][稍][毛糙][，囊腔消失]。+
胆囊内[未]见[多][条][长约mm][至mm][双线状;条带状;多条带状][蠕动][较强;异常]回声[及点状弱回声漂浮]。+
超声莫非氏征阳性。+
[左;右]肝[内;外][外叶;内叶;外上支;外下支][、][右肝][前叶;后叶][胆管;胆总管][无;稍;广泛][轻度;明显][树枝状][藕节状]扩张[，宽约mm][，][以][左;右][肝内胆管;胆总管][最宽;无;稍;明显][扩张][，][约mm]。+
[左;右][肝][内;外][外叶;内叶;外上支;外下支][、][右肝][前叶;后叶][胆管;胆总管]管壁[不;稍;增][厚;毛糙;回声增强]，内[未]见[多][条][双线状;条带状;点片状][蠕动][较强;异常]回声[，长约mm][至mm×mm×mm]。+
[左;右]肝[内;外][外叶;内叶;外上支;外下支][、][右肝][前叶;后叶][胆管;胆总管]内见[数][多]个[团状;串珠状][强;较强;低]回声，[约mm×mm][至mm×mm×mm]，[伴;不伴明显]声影。+
[左;右][肝;胆总;其余][内;外][二;三][级][胆]管[无;稍;明显]扩张，管壁[不;稍;增][厚;毛糙]，内[未]见[串状气体强;点状弱;异常]回声。+,[左;右][胆囊;肝][内;外][胆管;胆总管][死;活]蛔虫[并钙化]。+
胆囊炎。+
胆道感染。+
建议[定期;治疗后;PTC;ERCP;超声导向穿刺活检][复查;检查]。+,006,0,常见,UIS,001,DDHC,胆系,NULL,NULL
40,慢性胆管炎,超声,肝内外胆管壁回声增强、增厚，其内未见异常光团或光斑，管腔未见明显扩张。
胆囊[明显][大小正常;稍大;增大;缩小;未显示][约×mm][，壁][不;稍;增][厚][，约mm][，呈][双层状，;三层状，][稍][毛糙][，内][未][见;充满][个][多个][团状;斑块状;碎石状][强;低][回声][，约×mm][至×mm][，无明显声影;，伴声影][，囊腔消失]。
[左;右]肝[内;外][外叶;内叶;外上支;外下支][、][右肝][前叶;后叶][胆管;胆总管][无;稍;广泛][轻度;明显][树枝状][藕节状]扩张[，宽约mm][，][以][左;右][肝内胆管;胆总管][最宽;无;稍;明显][扩张][，][约mm]。
[左;右][肝][内;外][外叶;内叶;外上支;外下支][、][右肝][前叶;后叶][胆管;胆总管]管壁[不;稍;增][厚;毛糙;回声增强][，以][左;右][肝内胆管;左右肝管汇合部;胆总管][明显][，呈点串状强回声]。
[左;右]肝[内;外][外叶;内叶;外上支;外下支][、][右肝][前叶;后叶][胆管;胆总管]内见[数][多]个[团状;串珠状;点状][强;低]回声，[约mm×mm][至mm×mm×mm]，[伴;不伴明显]声影。
[其余]胆管[管壁不厚，]内未见异常回声。,胆管慢性炎症声像。
慢性胆囊炎[并结石]。
[左;右]肝[内;外][二;三]胆管硬化性胆管炎[并][左肝;右肝;肝尾叶;多发性][结石]。,007,0,常见,UIS,001,MXDGY,胆系,NULL,NULL
41,肾结核,超声,[左;右;双]肾约mm×mm×mm。+
[左;右;双]肾[大小正常;增大;明显增大][，形态失常]，轮廓[不]清，包膜[光滑;凹凸不平]。+实质回声[不][均质][增强;减弱][，可见散在点状强回声]。+
[上极;中部;下极][实质内]见多个[类圆形;团状;点状;不规则形][强回声;液性暗区]，约mm×mm×mm[，暗区内见浮点状弱回声]。+
肾窦回声增强，与实质分界[不;欠]清。+
肾窦分离，宽mm，粘膜面[清晰;模糊][，内见][点][团][状][低;强][回声][，约mm×mm×mm]。+
[左;右]肾[不;稍]大，形态正常，包膜光滑，实质及肾窦未见异常回声。+
[左;右;双侧]输尿管[上段;下段][见狭窄;无扩张][，近端扩张]，内[未]见[点状;团状][低;强]回声。+
膀胱壁[无;稍]增厚[、毛糙][，膀胱挛缩]。+,[左;右;双]肾[肿大;肿胀;缩小;改变]结合临床考虑[肾][结核][性脓肾][可能性大]。+
未排[急性;慢性;高血压性;梗阻性][肾病;肾盂][肾炎;痛风肾][可能性大]。+
[双侧;左;右]输尿管[上;下]段[狭窄;梗阻]。+
[双;左;右]肾供血[稍;明显]减少，阻力增加，说明肾功能[稍;轻度;明显][不全;受损]。+
膀胱改变[结合临床][考虑][符合]结核性膀胱炎[可能性大]。+
建议[超声导向穿刺][活检;IVP]。+
[左肾;右肾;左输尿管;右输尿管;膀胱]未见异常。+,023,0,常见,UIS,001,SJH,肾脏,NULL,NULL
42,肾肿瘤,超声,[左;右;双]肾约mm×mm×mm。+
[左;右]肾[大小正常;增大;明显增大][，形态失常]，[上极;中部;下极][背侧;腹侧;外侧;肾盂内]见1个[类圆形;不规则形;结节状][液][实]性[混合性][较强;较低;中等]回声肿块，约mm×mm×mm[，局部][稍;明显][外凸]。+
肿块边界[不]清，[不]规整[，分叶状;，伪足状]，内回声分布[不]均匀。+
肿块内见[蜂窝状;点状;团状;不规则][低回声区;强回声;液性暗区]。+
后方回声[增强;衰减]。+
肿块周边见半环状动脉彩流，PSV mm/s，PI ，RI 。+
内部见较丰富短杆状动脉彩流，PSV mm/s，PI ，RI ，并探及动静脉瘘血流信号。+
[左;右]肾窦[正常;受压变形]，[上盏;下盏;肾盂][未]见分离积液暗区[，宽mm]。+
[左;右]肾大小正常，包膜光滑，实质及肾窦未见异常回声。+,[左肾;右肾][肾盂内][液][实]性占位性病变（性质待定）。+
[结合临床][考虑][符合][肾Ca;肾盂Ca;肾母细胞瘤][可能性大]。+
未除外[肾Ca;肾盂Ca;肾母细胞瘤;肾错构瘤;良性间叶瘤][可能]。+
建议[超声导向穿刺活检;IVP;CT;进一步][检查]。+,024,0,常见,UIS,001,SZL,肾脏,NULL,NULL
43,肾错构瘤,超声,[左;右;双]肾约mm×mm×mm。+
[左;右]肾[大小正常;增大;明显增大][，形态失常]，[上极;中部;下极][背侧;腹侧;外侧][外凸]，内见个[类圆形;结节状]实性[混合性][较强;较低;中等]回声肿块，约mm×mm×mm。+
肿块边界[不]清，[不]规整[，分叶状]，内回声分布不均匀。+
近中心回声呈一层强一层弱，类洋葱样。+
肿块内见[蜂窝状;点状;团状;不规则][低回声区;强回声;液性暗区]。+
后方回声[增强;衰减]。+
肿块周边[未]见[半;少许][环状;星点状][动;静][脉]彩流[信号][，PSVmm/s，PI，RI]；内部[未]见[较][丰富;稀少;少许][放射状;短杆状;星点状;树枝状][动;静][脉]彩流[信号][，PSVmm/s，PI，RI][。+内可探及动静脉瘘彩流信号]。+
[左;右]肾窦[正常;受压变形]，[上盏;下盏;肾盂][未]见分离积液暗区[，宽mm]。+
[左;右]肾大小正常，包膜光滑，实质及肾窦未见异常回声。+,[左肾;右肾]实性占位性病变（性质待定）。+
[结合临床][考虑][符合]肾错构瘤[血管平滑肌脂肪瘤][可能性大]。+
未除外[肾Ca;肾盂Ca;肾母细胞瘤;良性间叶瘤;肾血管瘤][可能]。+
[左肾;右肾]未见异常。+
建议[超声导向穿刺活检;CT检查;IVP检查]。+,025,0,常见,UIS,001,SCGL,肾脏,NULL,NULL
44,良性间叶瘤,超声,[左;右;双]肾约mm×mm×mm。+
[左;右;双]肾[轻度;明显][非对称性]增大，形态[正;失]常，轮廓[不]清[，表面凹凸不平][，肾内正常结构消失]。+
肾实质[内见;大部分为;全部为][散在大小不等;不规则][个]肿块样回声[占据]，[最大]约mm×mm×mm。+
肿块边界[不]清，[不]规整[，分叶状]，内回声分布[不]均匀，呈[混合性][斑块状][较强;较低;中等]回声。+
肿块内见[蜂窝状;网状][低回声区;液性暗区][，暗区内见动静脉血流信号]。+
肿块周边[未]见[半;少许][环状;星点状][动;静][脉]彩流[信号][，PSVmm/s，PI，RI]；内部[未]见[较][丰富;稀少;少许][放射状;短杆状;星点状;树枝状][动;静][脉]彩流[信号][，PSVmm/s，PI，RI][。+内可探及动静脉瘘彩流信号]。+
肾窦不完整;与肾实质分界不清。+
肾窦[正常;受压变形]，[上盏;下盏;肾盂][未]见分离积液暗区[，宽mm]。+
[左;右]肾大小正常，包膜光滑，实质及肾窦未见异常回声。+,[左;右;双]肾[弥漫性]实性占位性病变（性质待定）。+
[结合临床][考虑][符合]良性间叶瘤[可能性大]。+
未除外[肾Ca;肾盂Ca;肾母细胞瘤;肾错构瘤;血管平滑肌脂肪瘤][可能]。+
[左肾;右肾]未见异常。+
建议[超声导向穿刺活检;CT检查;IVP检查]。+,026,0,常见,UIS,001,LXJYL,肾脏,NULL,NULL
45,肾动脉,超声,双侧肾动脉未见明显狭窄或局限性扩张，内未见异常彩流信号。+
频谱形态正常，频窗清晰，声音柔和[，流速无增高或减慢，血管阻力无增高]。+
PSVmm/s[，EDVmm/s][，TAVmm/s]，PI，RI。+
双侧肾静脉血流通畅。+,[左;右;双侧]侧肾动[、静]脉未见明显异常。+,027,0,常见,UIS,001,SDM,肾脏,NULL,NULL
46,正常肾血管,超声,[左;右;双]侧肾动脉走行正常，肾内血管分布正常，血管阻力未见增加。+
[左;右;双]肾内血管[较;明显][丰富;减少;稀少]，分布[正;失]常[，呈][短杆状;星点状;树枝状]，弓形动脉PSVmm/s[，EDVmm/s][，TAVmm/s]，PI，RI[，血管阻力][未见;稍;明显][增加]。+,双肾血供未见异常。+
[双;左;右]肾供血[稍;明显]减少，阻力增加，说明肾功能[稍;轻度;明显][不全;受损]。+,028,0,常见,UIS,001,ZCSXG,肾脏,NULL,NULL
47,肾动脉狭窄,超声,[左;右]肾动脉于[起始部;中段;肾盂口附近]见一狭窄区，内径约mm，长约mm，局部内膜[稍;明显]增厚[，可见大小不一的强回声斑块][，大小约mm]，内见湍流血流信号。+
频谱形态[正;失]常[，呈双向;，拱桥状][，波峰][圆钝;高尖;低矮][，峰时][稍;明显][后移][，频带][增宽;变窄][，频窗][充填;清晰][，声频][粗糙;柔和]、[响亮;低沉]。+
PSVmm/s[，EDVmm/s][，TAVmm/s]，PI，RI。+
[可;未]见窄后扩张。+
[左;右;双侧]肾动脉未见明显狭窄，未见异常彩流信号。+
双侧肾静脉血流通畅。+,[左;右]肾动脉[轻度;明显;稍]狭窄。+
[左;右;双侧]侧肾动脉未见明显异常。+,029,0,常见,UIS,001,SDMXZ,肾脏,NULL,NULL
48,肾肿块活检,超声,[左;右]肾[上极;中部;下极][背侧;腹侧;外侧;肾盂内]见[个][类圆形;不规则形]实性[结节状]肿块回声[，相互融合]，[约;分别][mm][×mm][、mm][×mm][至;及][mm][×mm]。+
[双;左;右]肾[非对称性][大小正常;稍大;增大;缩小]，[实质;肾窦]回声[增强;减弱]。+
选[左;右]肾[上极;中部;下极][肿块]为穿刺活检目标，经[背部;腹部;腰侧]进针。+
常规消毒铺巾，用[1％;2％][普鲁;利多]卡因局麻[，安置导向针]。+
用[18;20;22]G[活检针;组织切割针]沿引导线进针，针尖[到达;离;进入][肿块;肾下极][边缘;内;肾周脂肪层][mm]处触发活检枪向肿块[边缘;中心]活检，随即退针，取材放在10％福尔马林内固定，向不同方向共活检[1;2;3]针。+
用[18;20;22]G[组织切割针;穿刺针]沿引导线进针，针尖进入肿块[边缘;中心]作反复提拉旋转后退针，取材[放在][滤纸上]10％福尔马林液内固定[并][作细胞涂片]，向不同方向共活检[1;2;3]针。+
取材[不;基本]满意，长约[mm][至mm]，组织呈[鱼肉状;白色;红色;红白相间;血丝状][条块;碎块]。+
取材即送[组织;细胞]学检查。+
穿刺后观察半小时病人无不适。+,[左;右]肾[多发性;弥漫性][结节型;巨块型][实性占位性]病变已作穿刺活检。+
组织已送病理检查，结果待报。+,030,0,常见,UIS,001,SZKHJ,肾脏,NULL,NULL
49,肾液病变穿刺,超声,[左;右]肾[上极;中部;下极][背侧;腹侧;外侧][肾包膜下]见[个][类圆形;不规则形][液][囊][实]性肿块回声，[约;分别][mm][×mm][、mm][×mm][至;及][mm][×mm]，壁[厚;簿]，[不]光滑，[透声好;内见浮点状弱回声]。+
选[左;右]肾[上极;中部;下极][囊;液]性肿块为穿刺治疗目标，经[背部;腹部;腰侧]进针。+
常规消毒铺巾，用[1％;2％][普鲁;利多]卡因局麻[，安置导向针]。+
用[14;16;18;20]G[套管]穿刺针沿引导线进针，针尖到达[囊内;液区]中心，拔出针芯[，后留置套管]，抽出[淡黄色;红白色;加啡色][液体;脓液][共约ml][，抽净后退针]。+
然后[用][1％;2％][普鲁;利多][卡因反复冲冼并作表面麻醉][，再用][无水酒精;灭滴灵;NS][反复冲冼至囊液基本变清][，抽净后][注入][无水酒精;四环素1.0G;地塞米松][ml;mg]，[抽净后]退针。+
穿刺后观察半小时病人无不适。+,[左;右]肾[多发性][囊;脓]肿已作穿刺抽[液;脓][硬化]治疗。+
[囊;脓]液已送[常规检查;细菌培养]，结果待报。+,031,0,常见,UIS,001,SYBBCC,肾脏,NULL,NULL
50,*多发性肾囊肿,超声,"    双肾大小[正常;失常]，双肾内散在分布数个大小不等的无回声区,直径 mm～ mm。+肾盂、肾盏及输尿管未见扩张征象。+
    双肾血流信号显示大致正常。+   ",双肾多发囊肿。+,032,0,常见,UIS,001,*DFXSNZ,肾脏,NULL,NULL
51,*肾结石,超声,"     [左;右]肾大小正常,外形正常，包膜完整,肾实质回声正常,肾[上盏;中盏;下盏]可见 mm X  mm [亮光斑;亮光团;亮光点]后方伴声影。+
    双肾血管血流信号显示大致正常。+   
     [左;右]肾未见异常声像。+",[左;右]肾结石。+,033,0,常见,UIS,001,*SJS,肾脏,NULL,NULL
52,*肾囊肿,超声,    [左;右]肾长径  mm ，宽径  mm ，厚径  mm 。+肾脏[上极;下级;中段]可见一圆形肿物，  mm ×  mm ，内部无回声区，边缘整齐、清晰，与邻近的肾组织境界分明，后壁回声增强。+肾实质与肾窦未见异常。+
    [左;右]侧肾脏大小、形态、回声未见异常。+
    双侧输尿管未见扩张。+,[左;右]肾囊肿。+,034,0,常见,UIS,001,*SNZ,肾脏,NULL,NULL
53,*肾细胞癌,超声,"    [左;右]肾增大，形态失常。+肾脏中部和下极局部膨隆，呈一椭圆形限局性肿物,大小  mm ×  mm ，肿物边缘与肾实质和肾窦界限尚清晰。+内部回声中等偏强，分布欠均匀。+后方回声无明显衰减。+CDFI 显示肿物周边和内部丰富动静脉血流信号。+
    [左;右]肾脏大小，形态，结构，回声均无异常发现。+  ",左肾实性占位性病变，肾癌可能。+,035,0,常见,UIS,001,*SXBA,肾脏,NULL,NULL
54,*肾盂癌,超声,    [左;右]肾无显著增大，长径  mm ，宽径  mm ，厚径  mm 。+形态尚属正常。+肾脏轮廓整，边缘完整，界限清晰。+肾实质回声正常。+肾窦回声异常，中、下肾盏及肾盂增宽，其中充满中低水平回声团块。+约  mm ×  mm 大小，形态不规则，界限尚清晰，回声尚均匀。+肾盂腔充盈扩张，仅见肿物财边较窄的无回声间隙。+患侧输尿管无扩张。+
    CDFI 检查：显示肾窦区肾血管分布异常，肾动静脉自肿物边缘向肾窦区的上方绕行，肿物内可见丰富的动静脉血流信号。+
    [左;右]侧肾及输尿管未见异常。+, [左;右]肾盂实性占位病变肾盂癌。+,036,0,常见,UIS,001,*SYA,肾脏,NULL,NULL
55,*肾盂旁囊肿,超声,[右;左]肾大小、形态尚属正常。+肾包膜和皮髓质回声大致正常。+于肾窦中部靠近外侧可见一直径  mm ×  mm 无回声区，呈圆形，边界整齐，界限清晰。+内部为无回声区，后方回声增强显著，未见肾盂、肾盏扩张征象。+
    [左;右]肾脏大小、形态、包膜、肾实质和肾窦区回声均无异常发现。+
    双侧输尿管未见扩张。+,[右;左]肾囊性肿物，肾盂旁囊肿。+,037,0,常见,UIS,001,*SYPNZ,肾脏,NULL,NULL
56,*输尿管结石,超声,"   [左;右]肾大小形态肾实质正常,肾盏，肾盂轻度扩张，冠状面呈鸡冠花状无回声区。+同侧输尿管扩张，直径约 mm并向下延伸。+于输尿管膀胱壁段可见 mm大小圆形强回声，伴有声影。+ 局部放大观察见膀胱粘膜轻微增厚，表面平滑。+
   CDFI检查：膀胱内[左;右]输尿管口喷尿现象，[左;右]喷尿正常。+
   [左;右]肾脏及输尿管未见异常声像。+",[左;右]侧输尿管腹段和膀胱壁段结石，合并输尿管扩张及轻度积水。+,038,0,常见,UIS,001,*SNGJS,肾脏,NULL,NULL
57,*输尿管上段结石,超声,"   [左;右]肾大小形态肾实质正常,肾盏，肾盂轻度扩张，冠状面呈鸡冠花状无回声区。+同侧输尿管上段扩张，直径约 mm，距肾门约 mm处可见直径 mm[亮光斑;亮光团],后方伴声影。+
   CDFI检查：膀胱内[左;右]输尿管口喷尿现象，[左;右]喷尿正常。+
   [左;右]肾脏及输尿管未见异常声像。+",[左;右]输尿管上段结石并不全梗阻。+,039,0,常见,UIS,001,*SNGSDJS,肾脏,NULL,NULL
58,*输尿管下段结石,超声,"   [左; 右]肾大小形态肾实质正常,肾盏，肾盂轻度扩张，冠状面呈鸡冠花状无回声区。+同侧输尿管中上段扩张，直径约 mm并向下延伸,输尿管中下段显示不清。+
   CDFI检查：膀胱内左输尿管口喷尿现象，左喷尿正常。+
   [左;右]肾脏及输尿管未见异常声像。+",[左;右]肾轻度积水并输尿管中上段扩张(输尿管下段不全梗阻)。+,040,0,常见,UIS,001,*SNGXDJS,肾脏,NULL,NULL
59,正常膝关节,超声,[左;右;双]膝关节腔未见积液暗区。+
[左;右;双]股骨膝关节髌面软骨呈均匀一致低回声，表面光滑，连续性好。+
[左;右;双]膝关节各韧带未见明显异常。+
[左;右]膝关节内外侧半月板完整，呈均匀中等回声。+,[左;右;双]膝关节未见异常。+,001,0,常见,UIS,001,ZCXGJ,骨肌系统,NULL,NULL
60,膝关节滑膜炎,超声,[左;右;双]膝关节腔[未见;稍]分离[，内见][少;中;大][量液性暗区][，宽约mm]
暗区向股骨下端两侧骨膜下间隙延伸[，宽约mm][，长约mm]。+
[，暗区内见][条带状;棉絮状;浮点状][较低回声]。+
滑膜[稍;明显;无]增厚[，最厚约mm]，毛糙[，部分毛絮状]，呈低回声。+
股骨膝关节面尚光滑。+
[左;右;双]膝关节各韧带未见明显异常。+
内外侧半月板完整，形态正常，呈均匀中等回声。+
[左;右;双]膝关节各结构未见明显异常。+,[左;右;双]膝关节腔[少;中;大]量积液。+
[左;右;双]股骨下段两侧骨膜间隙[少;中;大]量积液。+
[左;右;双]膝关节滑膜[稍;明显;无]增厚。+
[左;右;双][膝关节;股骨关节面]所见结合临床考虑[关节炎;退行性变;滑膜炎]。+
未排除[结核性;渗出性;化脓性]关节炎。+
[左;右;双]膝关节[结核性;渗出性;化脓性]关节炎治疗后较年月日[无;稍;明显][好转;无变化]。+
已作穿刺定位[抽液]。+,002,0,常见,UIS,001,XGJHMY,骨肌系统,NULL,NULL
61,膝关节退行性变,超声,[左;右;双]膝关节腔[未见;稍]分离[，内见][少;中;大][量液性暗区][，宽约mm]
暗区向股骨下端两侧骨膜下间隙延伸[，宽约mm][，长约mm]。+
[，暗区内见][条带状;棉絮状;浮点状][较低回声]。+
滑膜[稍;明显;无]增厚[，最厚约mm]，毛糙[，部分毛絮状]，呈低回声。+
[左;右;双]股骨膝关节髌面[及][外;内][侧髁关节面]软骨[无;稍;不规则]变簿[，最簿约mm][，表面见不规则线状强回声][，软骨底缘见多处不规则强回声突起][，局部软骨呈灶性缺损]。+
股骨及胫骨内、外侧关节面边缘见骨性外突，关节面[欠;不]规整，关节间隙[稍;明显;无]变窄。+
[左;右;双]膝关节内外侧半月板形态及回声尚正常。+,[左;右;双]膝关节面所见结合临床考虑退行性变。+
[左;右;双]膝关节半月板未见异常。+,003,0,常见,UIS,001,XGJTXXB,骨肌系统,NULL,NULL
62,半月板损伤,超声,[左;右]膝关节膝横韧带及外侧半月板附着部肿胀，回声[低;稍增强;不规则][，内见多个不规则液性暗区][，最大约mm×mm]。+
[左;右]膝关节[外;内]侧半月板[前角;后角]回声[不;欠]均匀，内见[不规则][斑片;线]状[强;无;低]回声[，约mm×mm]。+
病灶区未见异常血流信号。+
[左;右]膝关节[外;内][侧]半月板[前角;后角][及][左;右][膝关节][外;内][侧][半月板][前角;后角]呈均匀一致的三角形中等回声，三角形尖端指向关节中央。+
[左;右;双]膝关节[其余;各]韧带连续性好。+
[左;右;双]膝关节腔未见增宽及液性暗区。+,[左;右]膝关节膝横韧带损伤。+
[左;右]膝关节[内;外]侧半月板[前角;后角]损伤。+,004,0,常见,UIS,001,BYBSS,骨肌系统,NULL,NULL
63,盘状半月板,超声,[左;右]膝外侧半月板增厚，厚约mm[，以][后;前][角明显]，回声[不]均匀[增强][，并见线状强回声]。+
屈伸关节时见半月瓣在关节内前后滑动。+
[左;右]膝关节各韧带未见明显异常。+
[左;右]膝关节腔未见增宽及液性暗区。+,[左;右]膝关节外侧盘状半月板可能[，轻度损伤]。+,005,0,常见,UIS,001,PZBYB,骨肌系统,NULL,NULL
64,髌韧带损伤,超声,[左;右]髌韧带[稍;明显]肿胀[，内外径mm][，厚径mm]，轮廓[不;欠]清[，连续性好]。+
韧带[上端;下端;中部][内侧;外侧]见[大;不][部分;完全]中断[，断口宽约mm]，呈[较强;较低;无]回声，断端[不;较]整齐。+
断口邻近韧带组织[呈低]回声[不均][，以强回声为主][，可见][蜂窝状;不规则][低回声区;液性暗区][，约mm]。+
韧带周边软组织[稍;明显]肿胀，回声不均匀增强。+
韧带周边[未]见[带状;半月形;三角形]液性暗区[，约mm×mm]。+
病灶区未见异常血流信号。+
[左;右]膝关节腔未见积液暗区，其余韧带未见明显异常。+
[左;右]膝关节结构未见明显异常。+,[左;右]髌韧带所见考虑[大;不][部分;完全][陈旧性][挫;断]裂[伤][可能]。+,006,0,常见,UIS,001,BRDSS,骨肌系统,NULL,NULL
65,交叉韧带松驰,超声,[左;右]膝关节[前;后]交叉韧带明显肿胀，内外径mm，轮廓清，连续性尚好。+
韧带组织呈不规则较强回声。+
间有不规则斑片状低回声区。+
[左;右]膝关节腔未见积液暗区。+
其余韧带未见明显异常。+
[左;右]膝关节结构未见明显异常。+,[左;右]左膝关节[前;后]交叉韧带所见考虑陈旧性损伤并松驰可能。+,007,0,常见,UIS,001,JCRDSC,骨肌系统,NULL,NULL
66,交叉韧带损伤,超声,[左;右]膝关节[后;前]交叉韧带[稍;明显]肿胀[，内外径mm][，厚径mm]，轮廓[不;欠]清[，连续性好]。+
韧带[上;中;下]部[内侧;外侧]见[大;不][部分纤维;完全]中断[，断口宽约mm]，呈[较强;较低;无]回声，断端[不;较]整齐。+
抽屉试验见断口增宽，两断端呈错位移动。+
断口邻近韧带组织[呈低]回声[不均][，以强回声为主][，间有][蜂窝状;不规则][低回声区;液性暗区][，约mm]。+
韧带周边软组织[稍;明显]肿胀，回声不均匀增强。+
病灶区未见异常血流信号。+
[左;右]膝关节腔未见积液暗区，其余韧带未见明显异常。+
[左;右]膝关节结构未见明显异常。+,[左;右]膝关节[后;前]交叉韧带所见考虑[大;不][部分;完全][陈旧性][挫;断]裂[伤][可能]。+,008,0,常见,UIS,001,JCRDSS,骨肌系统,NULL,NULL
67,股四头肌腱损伤,超声,[左;右][股直肌;股中间肌;股内侧肌;股外侧肌][上;中;下]段[及][股四头肌腱][稍;明显]肿胀[，内外径mm][，厚径mm]，轮廓[不;欠]清[，连续性好]。+
[左;右]股四头肌腱[上端;下端;中部][内侧;外侧]见[大;不][部分;完全]中断[，断口宽约mm]，断端[不;较]整齐。+
局部[呈低]回声[不均][，以强回声为主][，可见][蜂窝状;不规则;类圆形][低回声区;液性暗区][，约mm×mm×mm]。+
[其余][后;前;内;外][侧]韧带组织[呈;见][不][规则;均匀;散在][带状;三角形][混合性][中等][低]回声[，以低回声为主]。+
[左;右]股四头肌腱周边软组织[稍;明显]肿胀，回声不均匀增强。+
[左;右]股四头肌腱周边[未]见[带状;半月形;三角形]液性暗区[，约mm×mm]。+
病灶区未见异常血流信号。+
[左;右]膝关节腔未见积液暗区，其余韧带未见明显异常。+
[左;右]膝关节结构未见明显异常。+,[左;右][股直肌;股中间肌;股内侧肌;股外侧肌][上;中;下]段[及][股四头肌腱]所见考虑[大;不][部分;完全][陈旧性][挫;断]裂[伤]。+,009,0,常见,UIS,001,GSTJJSS,骨肌系统,NULL,NULL
68,副韧带损伤,超声,[左;右][外;内]侧副韧带[稍;明显]肿胀[，内外径mm][，厚径mm]，轮廓[不;欠]清[，连续性好][，韧带内见不规则低回声]。+
韧带[上段;下段;中段][内侧;外侧]见[大;不][部分;完全]中断[，断口宽约mm]，断端[不;较]整齐，呈[较强;较低;无]回声。+
断口邻近韧带组织[呈低]回声[不均][，以强回声为主][，可见][蜂窝状;不规则][低回声区;液性暗区][，约mm]。+
韧带周边软组织[稍;明显]肿胀，回声不均匀增强。+
韧带[周边;后方;前方][与股骨][内;外][侧髁][、半月板]之间间距[无;稍;明显]增宽[，呈][带状;半月形;三角形][不规则][液性暗区;低回声][，宽约mm][，内间杂斑片状强回声][，屈膝时明显]。+
病灶区未见异常血流信号。+
[左;右]膝关节腔[未]见[少量;中量;大量]积液暗区，其余韧带未见明显异常。+
[左;右]膝关节结构未见明显异常。+,[左;右][外;内]侧副韧带所见考虑[大][部分][陈旧性][挫;损][裂]伤[可能]。+
[左;右]膝关节腔[少量;中量;大量]积液。+,010,0,常见,UIS,001,FRDSS,骨肌系统,NULL,NULL
69,正常跟腱,超声,[左;右]跟腱结构清晰，大小正常，包膜完整，肌腱纹理均匀，连续性好。+
跟腱周边未见异常回声。+,[左;右]跟腱结构未见[明显]异常。+,011,0,常见,UIS,001,ZCGJ,骨肌系统,NULL,NULL
70,跟腱撕裂伤,超声,[左;右]跟腱[稍;明显]肿胀[，内外径mm][，厚径mm]，轮廓[不;欠]清。+
跟腱[上段;下段;中段]正常韧带组织纹理消失，见多处不规则蜂窝状低回声，间有斑片状较强回声。+
中部相对稍窄，可见部份正常韧带组织回声。+
跟腱周边软组织肿胀，回声不均匀增强。+
病灶区未见异常血流信号。+,[左;右]跟腱上下部所见考虑部分撕裂伤。+,012,0,常见,UIS,001,GJSLS,骨肌系统,NULL,NULL
71,跟腱断裂伤,超声,[左;右]跟腱[稍;明显]肿胀，内外径mm，厚径mm，轮廓[不;欠]清。+
跟腱上段见腱纹理突然横断，断端整齐，断口宽约mm，局部下陷，由不规则较低回声充填，屈伸踝关节上断端不随下断端移动。+
跟腱[上段;下段;中段][内侧;外侧]见[大;不][部分;完全]中断[，断口宽约mm]，呈[较强;较低;无]回声，断端[不;较]整齐。+
跟腱[上段;下段;中段][内侧;外侧]见一不规则[较强;较低;无]回声区，约mm×mm×mm。+
[断口]邻近腱组织[呈低]回声[不均][，以强回声为主][，可见][蜂窝状;不规则][低回声区;液性暗区][，约mm]。+
跟腱周边软组织[稍;明显]肿胀，回声不均匀增强。+
跟腱周边[未]见[多]处[斑片状;带状;半月形;三角形]液性暗区[，约mm×mm]。+
病灶区未见异常血流信号。+
[左;右]跟腱结构清晰，连续性好，周边未见异常回声。+,[左;右]跟腱所见考虑[大;不][部分;完全][陈旧性][挫;断]裂[伤][并][上段;下段][血肿][可能]。+,013,0,常见,UIS,001,GJDLS,骨肌系统,NULL,NULL
72,跟腱断裂伤术后,超声,[左;右]跟腱明显肿胀，轮廓欠清，跟腱组织纹理紊乱，回声减低，局部见点片状较强回声。+
跟腱周边软组织肿胀，回声不均匀减低。+
病灶区未见异常血流信号。+,[左;右]跟腱所见符合断裂伤术后改变[，连续性尚好]。+,014,0,常见,UIS,001,GJDLSSH,骨肌系统,NULL,NULL
73,肱二头肌腱鞘炎,超声,[左;右]肱二头肌肌腱连续性好，未见明显肿胀，其周边见不规则液性暗区，宽约mm，长约mm。+,[左;右]肱二头肌腱周边改变考虑炎症并腱鞘积液。+,015,0,常见,UIS,001,GETJJQY,骨肌系统,NULL,NULL
74,踝关节炎,超声,[左;右]踝关节软组织肿胀，滑膜不规则增厚，毛糙，呈低回声。+关节腔未见分离。+,[左;右]踝关节所见考虑关节炎。+,016,0,常见,UIS,001,HGJY,骨肌系统,NULL,NULL
75,指肌腱断裂伤术后,超声,[左;右]中指伸肌腱于掌指关节段稍肿胀，轮廓欠清，织纹理紊乱，回声减低，局部见点片状较强回声。+
肌腱周边软组织肿胀，回声不均匀减低。+
病灶区未见异常血流信号。+,[左;右]右中指伸肌腱所见符合部分断裂伤术后改变，连续性尚好。+,017,0,常见,UIS,001,ZJJDLSSH,骨肌系统,NULL,NULL
76,正常肩关节,超声,[左;右]肩关节腔未见积液暗区。+
[左;右]肩关节软骨面呈均匀一致低回声，表面光滑，连续性好。+
[左;右]肩关节肌腱未见明显异常。+,[左;右]肩关节未见异常。+,018,0,常见,UIS,001,ZCJGJ,骨肌系统,NULL,NULL
77,正常肘关节,超声,[左;右]肘关节腔未见积液暗区。+
关节软骨面呈均匀一致低回声，表面光滑，连续性好。+
关节肌腱未见明显异常。+,[左;右]肘关节未见异常。+,019,0,常见,UIS,001,ZCZGJ,骨肌系统,NULL,NULL
78,正常髋关节,超声,[左;右;双]侧髋关节基本对称。+
双侧髋关节腔未见积液暗区，关节滑囊未见增厚。+
股骨头关节软骨面呈均匀一致低回声，表面光滑，连续性好。+
髋臼唇边缘锐利，平滑。+
内外侧半月板完整，呈均匀中等回声。+
髂骨表面平滑，线续性好。+,[左;右;双]髂骨及髋关节未见占位性病变。+
[左;右;双]侧髋关节腔未见积液。+,020,0,常见,UIS,001,ZCKGJ,骨肌系统,NULL,NULL
79,正常椎间盘,超声,经[背;腹]探查：
腰椎各椎体[及椎间盘]形态正常，椎间隙未见变窄或增宽。+
椎管形态正常，未见变窄，内未见异常回声。+,腰椎及椎间盘未见异常。+,021,0,常见,UIS,001,ZCZJP,骨肌系统,NULL,NULL
80,椎间盘脱出,超声,经[背;腹]探查：
腰椎各椎体形态正常，L[与;至;及]L椎间隙[未见;稍;明显]变窄。+
L[与;至;及]L椎间盘形态[正;失]常[，][左;右][侧;未见]向椎管内[轻;明显]突出。+
L[与;至;及]L椎板[稍;明显]向椎管隆起，椎管[稍;明显]变窄。+
L[与;至;及]L椎管内[近椎板侧]见团状强回声，[最大]约mm×mm。+,[L][与;至;及][L]椎间盘脱出症[可能]。+
建议[CT;MRI]检查。+,022,0,常见,UIS,001,ZJPTC,骨肌系统,NULL,NULL
81,胸腰椎结核,超声,经[背;腹]探查：
T[及]L椎体形态失常，[明显][变扁，]椎体表面[毛糙;不规则状][，部分向][左;右;前][突出，约mm×mm]，椎体透声[稍;明显]增加，椎间隙[未见;稍;明显]变窄。+
T[及]L椎体形态失常，[明显][变扁，]椎体表面[毛糙;不规则状][，部分向][左;右;前][突出，约mm×mm]，椎体透声[稍;明显]增加，椎间隙[未见;稍;明显]变窄。+
椎管形态[正;失]常，[未见]变窄[，内未见异常回声]。+
[右;双]侧腰大肌[旁;前方;后方]见[梭形;长条形]液性暗区[，宽mm][，长约mm]，边界清[。+暗区延伸至][髂窝;腹股沟][。+暗区内见][网状回声;点状低回声]。+
左侧腰大肌[旁;前方;后方]见[梭形;长条形]液性暗区[，宽mm][，长约mm]，边界清[。+暗区延伸至][髂窝;腹股沟][。+暗区内见][网状回声;点状低回声]。+
对侧腰大肌未见液性暗区或肿块回声。+,T[及]L椎体破坏[结合临床][考虑][符合][胸;腰]椎[转移性][结核;肿瘤][可能性大]。+
未除外[胸;腰]椎[转移性][结核;肿瘤][可能]。+
[左;右;双]侧[胸;腰]椎旁冷脓肿。+,023,0,常见,UIS,001,XYZJH,骨肌系统,NULL,NULL
82,正常股骨头,超声,"[左;右;双]股骨头形态正常，表面强回声环光滑。+
软骨层清晰，整齐，呈均匀低回声。+
股骨头内骨质呈类环晕状较强回声,后方回声稍衰减。+
[左;右]髋臼边缘光滑，边缘角锐利。+",[左;右;双]股骨头未见明显异常。+
建议[XRAY;CT;MRI]检查。+,024,0,常见,UIS,001,ZCGGT,骨肌系统,NULL,NULL
83,股骨头坏死,超声,"[左;右]股骨头[稍;明显][缩小，]形态[正;失]常，表面强回声环[稍;明显]减弱，[不;欠]光滑[，凹凸不平]。+
软骨层[稍;明显]变簿[或消失]，回声[稍;明显]增强。+
股骨头内回声衰减[加剧]，后声影[更]明显。+
[左;右]髋臼边缘[毛糙;光滑][，回声增强]。+
[左;右]股骨头形态正常，表面强回声环光滑。+
软骨层清晰，整齐，呈均匀低回声。+
股骨头内骨质呈类环晕状较强回声,后方回声稍衰减。+
[左;右]髋臼边缘光滑，边缘角锐利。+",[左;右]股骨头所见考虑股骨头坏死。+
建议[XRAY;CT;MRI]检查。+,025,0,常见,UIS,001,GGTHS,骨肌系统,NULL,NULL
84,正常各器官,超声,肝脏大小、形态正常，包膜光滑，实质回声均匀，肝内血管走行清晰，未见异常光团或暗区。
CDFI：肝动脉、门静脉血流通畅，为向肝血流信号，充盈良好，肝内未见明确异常血流信号。[门静脉最大血流速度约cm/s。]
胆囊大小形态正常，[壁不厚;壁增厚，厚约：mm]，[光滑;毛糙]，其内未见异常回声。
[胆总管内径mm，]肝内外胆管未见扩张。
脾脏大小正常，包膜光滑，实质回声均匀，未见异常光团或暗区。
胰腺大小正常，包膜光滑，实质回声均匀，胰管无扩张，未见异常光团或暗区。
腹主动脉旁未见异常光团或暗区。
子宫[前位，;后位，]大小、形态正常，[大小约××mm，]肌层回声均匀，内膜显示[清晰;不清]，厚约mm，[线状，;三线状，]未见异常光团或暗区。CDFI:未见明确异常血流信号。
双侧卵巢大小、形态正常，[大小分别约：×mm（左），×mm（右），]双侧附件区未见异常光团或暗区；CDFI:双附件区未见异常血流信号。
子宫术后缺如，残端约mm，盆腔未见异常光团或暗区。
,[肝脏、][胆囊、][胆道系统、][脾脏、][胰腺]未见[明显][占位性病变][异常声像]。
腹主动脉旁未见明确占位病变。
子宫、双附件[区]未见明确占位病变。
,001,0,常见,UIS,,ZCGQG,肝脏,NULL,NULL
85,脂肪肝,超声,[肝右肋下斜径约mm，;肝脏体积不大，]边缘变钝，实质光点回声前场[稍]细密，后场[稍]衰减，肝静脉走行尚自然，管腔稍变细，显示欠清晰，肝内胆管不扩张。[CDFI：未见异常血流信号。;肝内血流信号稀少。]

,肝脏弥漫性病变，考虑[轻度]脂肪肝声像。
,024,0,常见,UIS,1,ZFG,肝脏,NULL,NULL
86,肝转移瘤,超声,"肝脏[大小正常;稍大;体积明显增大;体积缩小][，形态失常;，形态正常]，
肝包膜[不;欠]光滑，肝实质回声[不;欠;尚]均匀，
肝[右叶;右前叶;右后叶;左叶;左外叶;左内叶][上段;下段][见1个;见多个;散在;满布][小;大小][不等;形态相似][圆形;类圆形;不规则][结节状]肿块[，相互融合]，
肝内见多个异常回声区，边界清，[散在;相互融合,]
大小不等，[最大位于;总大;分别][右叶;右前叶;右后叶;左叶;左外叶;左内叶;尾叶][，][约×mm，]
病灶周边[不]清晰，[不]规整[，分叶状;，伪足状][，有声晕;，无声晕]，内部回声分布[不]均匀，[大者]呈[混合性][较强;较低;等]回声[，小者呈][较低;等][回声]，
[大;小;部分]病灶[内;中央]见[蜂窝状;点状;团状;不规则][低回声区;强回声;液性暗区][，呈牛眼征][，后方回声][增强;衰减]，
病灶周边[未][见][半;少许][环状;星点状][动;静][脉]彩色血流[，PSVmm/s，PI，RI]。内部[未][见][较][丰富;稀少;少许][短杆状;星点状;树枝状][动;静][脉]彩色血流[，PSVmm/s，PI，RI]。[，并探及动静脉瘘血流信号]。
[左;右;尾叶;其余肝叶][大小正常;稍大;增大][，包膜][不][光滑，]实质回声[不]均匀[、][稍][增粗][、增强][，呈][弥漫;不规则][小][斑点状;结节状][，结节约mm×mm][至mm×mm]。
肝静脉[欠;不][清晰，][走行][不;欠;呈][自然;蛇行;弯曲]，[稍;明显;无][变细;增宽][，粗细不一][，管壁][不;欠][平整，][回声][无;稍;明显][增强]。
肝右静脉为[单;双]向[三;双;单][平坦;峰]波血流频谱[，峰速mm/s]。
门静脉[主干约mm，][无;稍;明显][受压][增宽;变窄][，管壁回声][稍;明显][增强][，内未见异常回声][，内为入肝单向平坦波血流频谱][，峰速mm/s]。
[胃左动脉旁;腹腔动脉旁;肝门区][未]见[多][个]类圆形低回声团[，约mm×mm][至mm×mm][，部分相互融合]，
腹腔内[广泛;未]见[少量;中量][至][中量;大量]液性暗区[，最深约mm]。",[左;右]肝[多发性;弥漫性;巨块型][液][实]性占位性病变（性质待查）[，病灶较月][日][无变化;稍;明显][增大;缩小]。
[结合临床][考虑][符合]肝转移性Ca[可能性大]。
未除外[肝Ca;肝脓肿早期;血管瘤;腺瘤][样增生]。
[胃左动脉旁;腹腔动脉旁;肝门区]淋巴结肿大[转移灶可能]。
[少量;中量][至][中量;大量]腹水。
建议[肝功能;A.F.P;血脂;CT;MRI;进一步;定期;治疗后;超声导向穿刺][检查;复查;活检;硬化治疗;抽液治疗]。,010,0,常见,UIS,1,GZYL,肝脏,NULL,NULL
87,肝癌,超声,肝脏[左叶;右叶;尾叶][大小正常;体积增大;体积缩小][，左叶;，右叶;，尾叶][相对][稍;明显][增大;缩小][，形态失常;，形态尚正常]。
肝包膜[不;欠;尚]光滑[，呈锯齿状][，左肝;，右肝][表面;脏面;膈面;下缘;外缘][高低不平;外凸][，呈驼峰征]。
肝[右叶;右前叶;右后叶][上段;下段][见个][左叶;左外叶;左内叶][上段;下段][近膈面][见个][尾叶][各][见个][见多个;散在;满布][小;大;大小][不等;形态相似][圆形;类圆形;不规则][结节状][液][实]性异常光团[，相互融合]。
[最大位于;总大;分别][右叶;右前叶;右后叶;左叶;左外叶;左内叶;尾叶][，][约×mm][、×mm][至;及][×mm]。
病灶周边[不]清晰，[不]规整[，分叶状;，伪足状][，有声晕;，无声晕]，内部回声分布[不]均匀[，呈块中块状]，[大结节]呈[混合性][较强;较低;等]回声[，小结节呈][较低;等][回声]。
[大;小;部分]病灶[内;中央]见[蜂窝状;点状;团状;不规则][低回声区;强回声;液性暗区][，呈牛眼征][，后方回声][增强;衰减]。
深吸气加压扫查，肿块边界[稍;无]变清，形态及内部回声无变化。
肿块周边[未][见][半;少许][环状;星点状][动;静][脉]彩色血流[，PSVMM/s，PI，RI]。内部[未][见][较][丰富;稀少;少许][短杆状;星点状;树枝状][动;静][脉]彩流[，PSVMM/s，PI，RI]。[，并探及动静脉瘘血流信号]。
其余肝实质回声[不;欠]均匀[、][稍][增粗][、增强][，呈][弥漫;不规则][小][斑点状;点片状;结节状][，结节约×mm][至×mm]。
肝静脉[欠;不][清晰，][走行][不;欠;呈][自然;蛇行;弯曲]，[稍;明显;无][变细;增宽][，粗细不一][，管壁][不;欠][平整，][回声][无;稍;明显][增强]。
肝右静脉为[单;双]向[三;双;单][平坦;峰]波血流频谱[，峰速MM/s]。
门静脉[主干约mm，][无;稍;明显][受压][增宽;变窄][，主干约mm]，管壁回声[稍;明显]增强[，峰速MM/s]，[主干;左支;右支]内[未][见;充满]弱回声团[，长约mm][，局部血流][细线状;消失]。
门静脉为[入;离]肝单向平坦波血流频谱[，峰速mm/s]。
附脐静脉[稍;明显]增宽[，约mm][，内为离肝单向平坦波形血流信号][，峰速MM/s]。
[贲门;胃底;胃窦]周围见[蜂窝状;蚯蚓状][无回声][，内见单向平坦波形血流信号]。
门静脉主干[不清晰;变窄]，肝门区见[多囊状;蜂窝状]无回声，管壁回声[稍;明显]增强[，管内见单向平坦波形血流信号]。
[腹腔动脉旁;肝门区][未]见[多][个]类圆形低回声团[，约×mm][至;及][×mm][，部分相互融合]。
腹腔内[未;广泛]见[少量;中量][至][中量;大量]液性暗区[，最深约mm]。,肝硬化[，门静脉高压][，侧支循环形成]。
[左;右]肝内[多发性;弥漫性][结节型;巨块型]实性占位性病变，性质待查；[建议超声造影检查]。
肝Ca[介入;硬化;化疗;消融;冷冻][治疗;切除术]后[，肿块较月][日][无变化;稍;明显][增大;缩小]。
[结合临床][考虑][符合][肝Ca;转移性肝Ca;血管瘤][可能性大]。
未除外[肝脓肿早期;血管瘤;腺瘤][样增生]。
[轻;中;重]度脾大。
[少量;中量][至][中量;大量]腹水。
门静脉[主干;左支;右支]癌栓。
[腹腔动脉旁;肝门区]淋巴结肿大[转移可能]。
建议[肝功能;A.F.P;血脂;CT;MRI;进一步;定期;治疗后;超声导向穿刺][检查;复查;活检;硬化治疗;抽液治疗]。,013,0,常见,UIS,1,GA,肝脏,NULL,NULL
88,肝血管瘤,超声,"肝脏大小形态正常，包膜光滑，[左叶;右叶;尾叶;][大小正常;稍;明显][增大;缩小][，左叶;，右叶;，尾叶][稍;明显][增大;缩小][，形态失常]，
肝包膜[不;欠;]光滑[，呈][锯齿状;凹凸不平][，左肝;，右肝][表面;脏面;膈面;下缘;外缘][外凸;纯]，
肝内回声[均匀;欠均匀]，
肝[右叶;右前叶;右后叶][上段;下段][见个][左叶;左外叶;左内叶][上段;下段][近膈面][见个][尾叶][各][见个][见多个][圆形;类圆形;不规则形]实性异常光团，
大小约×mm[、×mm][至;及][×mm]，
[最大位于;总大;分别][右叶;右前叶;右后叶;左叶;左外叶;左内叶;尾叶]，[约×mm]，
病灶边界[清晰;欠清]，[不]规整[,可见等号征或周边开裂征]，内部回声呈[高回声;等回声;低回声;混合回声]，后方回声[增强;无明显变化][，无声晕]，
深吸气加压扫查，肿块[无;稍;明显]变形，边界[无;稍;明显]变[清;模糊]，内部回声[稍;明显;无]变[低;强;化]。
病灶周边[未][见][半;少许][环状;星点状][动;静][脉]彩流[，PSVmm/s，PI，RI]。内部[未][见][较][丰富;稀少;少许][短杆状;星点状;树枝状][动;静][脉]彩色血流信号[，PSVMM/s，PI，RI]。[，并探及动静脉瘘血流信号]。
病灶[大者]呈[混合性][较强;较低;等]回声[，内见][线状;蜂窝状;不规则][强;低][回声][，小者呈较均匀较强回声][，其间亦见线状强回声]，
肝静脉[欠;不][清晰，][走行][不;欠;呈][自然;蛇行;弯曲]，[稍;明显;无][变细;增宽][，粗细不一][，管壁][不;欠][平整，][回声][无;稍;明显][增强]。
肝右静脉为[单;双]向[三;双;单][平坦;峰]波血流频谱[，峰速MM/s]。
门静脉[主干约mm，][无;稍;明显][受压][增宽;变窄][，管壁回声][稍;明显][增强][，内未见异常回声][，内为入肝单向平坦波血流频谱][，峰速mm/s]。
[腹腔动脉旁;肝门区]未见类圆形低回声团。",[左;右]肝内[多发性;弥漫性][结节型;巨块型]实性占位性病变，性质待查，[结合临床][考虑][符合][海绵状]血管瘤[可能][性大]。
未除外[错构瘤;肝Ca;转移性肝Ca][可能]。
建议[肝功能;A.F.P;血脂;CT;MRI;进一步;定期;治疗后;超声导向穿刺][检查;复查;活检;硬化治疗;抽液治疗]。,014,0,常见,UIS,1,GXGL,肝脏,NULL,NULL
89,肝错构瘤,超声,右肝上界在第肋间，下界在肋下mm，上下斜径mm，[前后径mm，]左肝前后径mm，上下径mm。+
肝脏[左叶;右叶;尾叶][大小正常;稍;明显][增大;缩小][，左叶;，右叶;，尾叶][稍;明显][增大;缩小][，形态失常]。+
肝包膜[不;欠]光滑[，呈][锯齿状;凹凸不平][，左肝;，右肝][表面;脏面;膈面;下缘;外缘][外凸;纯;呈驼峰征]。+
肝[右叶;右前叶;右后叶][上段;下段][见个][左叶;左外叶;左内叶][上段;下段][近膈面][见个][尾叶][各]见[数][多][个;散在][小;大小][不等;形态相似][圆形;类圆形;不规则][结节状;斑块状][混合性][较强;较低;等]回声肿块[，相互融合]。+
[分别;总大][约mm×mm][、mm×mm][至;及][mm×mm]。+
肿块有包膜，境界[不]清晰，[不]规整[，分叶状][，无声晕]，内部回声分布[不]均匀[，内见蜂窝状低回声区]。+
肿块周边[未][见][半;少许][环状;星点状][动;静][脉]彩流[，PSVmm/s，PI，RI]。+内部见[较]丰富[向心性放射状;短杆状;星点状;树枝状][动;静][脉]彩流[，PSVmm/s，PI，RI]。+[，并可探及动静脉瘘信号]。+
其余肝实质回声[不;欠]均匀[、][稍][增粗][、增强]。+
肝静脉走行[不;欠]自然[，肝右静脉为双向三峰波血流频谱][，峰速mm/s]。+
门静脉无增宽[，主干约mm]，内未见异常回声[，内为入肝单向平坦波血流频谱][，峰速mm/s]。+
[腹腔动脉旁;肝门区][未]见[多][个]类圆形低回声团[，约mm×mm][至mm][，部分相互融合]。+
腹腔内[广泛]见[少量;中量][至][中量;大量]液性暗区[，最深约mm]。+,[左;右]肝[多发性][结节型;巨块型]实性占位性病变[[性质待定]]。+
[结合临床][考虑][符合]肝错构瘤[，未除外血管瘤][可能性大]。+
建议[肝功能;A.F.P;血脂;CT;MRI;进一步;定期;治疗后;超声导向穿刺][检查;复查;活检;硬化治疗;抽液治疗]。+,015,0,常见,UIS,1,GCGL,肝脏,NULL,NULL
90,肝良性结节,超声,右肝上界在第肋间，下界在肋下mm，上下斜径mm，[前后径mm，]左肝前后径mm，上下径mm。
肝脏[左叶;右叶;尾叶][大小正常;稍;明显][增大;缩小][，左叶;，右叶;，尾叶][稍;明显][增大;缩小][，形态正常;，形态失常]。
包膜[不;欠]光滑[，呈][锯齿状;凹凸不平][，左肝;，右肝][表面;脏面;膈面;下缘;外缘][外凸;纯]。
肝[右叶;右前叶;右后叶;左叶;左外叶;左内叶;尾叶][上段;下段][近膈面][尾叶][见个][圆形;类圆形;不规则形]实性[结节状;块状][较][低;强]回声光团[，约×mm][及mm×mm]。
结节边界[不;欠]清晰，[不;欠]规整，无[明显]包膜[，无声晕][，无膨胀感]，内部回声分布[不;欠]均匀[，内见][散在斑点状;线状][强回声]。
深吸气加压扫查，结节边界[稍;无]变清，形态及内部回声无变化。
结节周边[未][见][半;少许][环状;星点状][动;静][脉]血流信号[，PSVmm/s，PI，RI]。内部[未][见][较][丰富;稀少;少许][短杆状;星点状;树枝状;放射状][动;静][脉]彩流[，PSVmm/s，PI，RI]。[，并探及动静脉瘘血流信号]。
其余肝实质回声[不;欠]均匀[、][稍][增粗][、增强][，呈][弥漫;不规则][小][斑点状;点片状;结节状][，结节约mm×mm][至mm×mm]。
肝静脉走行自然[，肝右静脉为双向三峰波血流频谱][，峰速mm/s]。
门静脉无增宽[，主干约mm]，内未见异常回声[，内为入肝单向平坦波血流频谱][，峰速mm/s]。
[腹腔动脉旁;肝门区]未见类圆形低回声团。,[左;右]肝[多发性][结节样;局灶性]实性病变，性质待查，
[结合临床][考虑][符合][灶性结节性增生;炎性肉芽肿;腺瘤样增生;结核瘤;肝细胞腺瘤;陈旧性坏死灶][可能性大].
未除外[肝Ca;转移性肝Ca;血管瘤;肝脓肿早期;灶性增生结节;炎性肉芽肿;腺瘤样增生;结核瘤;肝细胞腺瘤;陈旧性坏死灶]。
[腹腔动脉旁;肝门区]淋巴结肿大。
建议[超声造影;肝功能;A.F.P;血脂;CT;MRI;进一步;定期;治疗后;超声导向穿刺][检查;复查;活检;硬化治疗;抽液治疗]。,016,0,常见,UIS,1,GLXJJ,肝脏,NULL,NULL
91,肝内钙化灶,超声,右肝上界在第肋间，下界在肋下mm，上下斜径mm，[前后径mm，]左肝前后径mm，上下径mm。
肝脏[大小正常;稍;偏;增][大;缩小]，包膜[不;欠;尚]光滑[，肝缘钝]，肝实质回声[不;欠]均匀，[稍;明显][增粗;偏低][、增强][，呈][斑点状;小结节状]。
肝[左叶;右叶;左外叶;左内叶;右前叶;右后叶][上段;下段][近膈面][尾叶][三级胆管旁][各]见[个][长条;类圆;椭圆;不规则]形实性强回声团[，约mm×mm][至mm×mm]，周边清，光滑，[无;伴]声影。
团块周边及内部未见异常血流信号。
肝静脉走行自然[，肝右静脉为双向三峰波血流频谱][，峰速mm/s]。
门静脉无增宽[，主干约mm]，内未见异常回声[，门静脉为入肝单向平坦波血流频谱][，峰速mm/s]。,[左叶;右叶]肝内局灶性异常回声[，符合肝内钙化灶]。
建议[肝功能;定期;治疗后][检查;复查]。,017,0,常见,UIS,1,GNGHZ,肝脏,NULL,NULL
92,帕查氏综合征,超声,右肝上界在第肋间，下界在肋下mm，上下斜径mm，[前后径mm，]左肝前后径mm，上下径mm。+
肝脏[左叶;右叶;尾叶][大小正常;稍;明显]增大[，以][左叶;右叶;尾叶][明显][，形态失常]。+
肝包膜[不;欠]光滑[，呈锯齿状]，肝实质回声[不;欠]均匀[、][稍][增粗][、增强;偏低]。+
肝静脉扩张[，肝右静脉mm][，肝中静脉mm][，肝左静脉mm][，远端呈弯曲状][，与相邻][肝;门][静脉形成交通]。+
[肝左;肝中;肝右][静脉入口;下腔静脉近右心房]处见[膜样回声;局部壁增厚，管腔狭窄]，彩色多普勒呈五彩血流信号[，峰速mm/s]。+
肝右静脉为[单;双]向[三;双;单][平坦;峰]波血流频谱[，峰速mm/s]。+
下腔静脉扩张[宽约mm]，血流缓慢[，峰速mm/s]。+
门静脉[主干约mm，][无;稍;明显]增宽[，管壁回声][稍;明显][增强][，内未见异常回声][，内为入肝单向平坦波血流频谱][，峰速mm/s]。+
腹腔内[广泛]见[少量;中量][至][中量;大量]液性暗区[，最深约mm]。+,[轻;中;重]度肝肿大。+
[轻;中;重]度脾肿大。+
[下腔静脉近右心房;肝左;肝中;肝右][静脉入口]处[膜样;狭窄]梗阻。+
[大量;中量;少量]腹水。+
[以上改变][结合临床][考虑][符合]帕查氏综合征。+
[少量;中量][至][中量;大量]腹水。+
建议[A.F.P;MRI;定期;治疗后][检查;复查;超声导向穿刺活检]。+,018,0,常见,UIS,1,PCSZHZ,肝脏,NULL,NULL
93,肝外伤,超声,右肝上界在第肋间，下界在肋下mm，上下斜径mm，[前后径mm，]左肝前后径mm，上下径mm。+
肝脏[大小正常;稍;偏;增][大;缩小]，包膜[不;欠;尚]光滑[，肝缘钝]。+
肝[左叶;右叶][前面;脏面]包膜[不;欠][光滑，][可见连续中断，断口mm]。+
[左;右]叶肝包膜下见液性暗区，呈[椭圆形;新月形][，约mm×mm×mm][，暗区内见][浮点状;斑片状][弱回声]。+
肝脏[左叶;右叶;右前叶;右后叶;左外叶][上段;下段][近包膜][尾叶]见[个][圆形;类圆形;不规则形;斑片状][混合性][较强;较低;无]回声区[，约mm×mm×mm]。+
异常回声区边界[不;欠]清，[不]规整，内回声分布[不]均匀[，内见;，中央见][蜂窝状;不规则][低回声区;液性暗区][，后方回声增强]。+
异常回声区周边及内部未见异常彩流信号。+
其余肝实质回声[不;欠]均匀[、][稍][增粗][、增强][，呈弥漫小斑点状;，见不规则蜂窝状回声][，约mm×mm][至mm×mm]。+
肝静脉走行自然[，肝右静脉为双向三峰波血流频谱][，峰速mm/s]。+
门静脉无增宽[，主干约mm]，内未见异常回声[，内为入肝单向平坦波血流频谱][，峰速mm/s]。+
[脾肾间隙;肝肾间隙;盆腔内][未;均;广泛]见[少量;中量][至][中量;大量]液性暗区[，最多处为][脾肾间隙;肝肾间隙;盆腔][，深约mm]。+,肝外伤。+
[左;右]肝破裂。+
[左;右]肝[破裂;包膜下血肿]。+
肝脏[左叶;右叶;右前叶;右后叶;左外叶;尾叶;包膜附近]实质内[灶性出血;血肿]。+
[少量;中量][至][中量;大量]腹水[血腹]。+
建议[A.F.P;MRI;定期;治疗后][检查;复查;超声导向穿刺活检]。+,019,0,常见,UIS,1,GWS,肝脏,NULL,NULL
94,肝叶萎缩,超声,右肝上界在第肋间，下界在肋下mm，上下斜径mm，[前后径mm，]左肝前后径mm，上下径mm。+
肝脏形态失常，[左;右;尾]叶[稍;明显][缺如;缩小][，][左叶;右叶;尾叶][稍;明显][增大;大小正常]，包膜[不;欠]光滑[，呈][锯齿状;凹凸不平][，左肝;，右肝][表面;脏面;膈面;下缘;外缘][外凸;纯]。+
肝实质回声[不;欠]均匀[增粗][，呈弥漫小结节状][，见不规则结节样回声][，约mm×mm][至mm×mm]。+
肝肾比值[稍;明显;正常][减低;增高]。+
肝静脉[欠;不][清晰，][走行][不;欠;呈][自然;蛇行;弯曲]，[稍;明显;无][变细;增宽][，粗细不一][，管壁][不;欠][平整，][回声][无;稍;明显][增强]。+
肝右静脉为[单;双]向[三;双;单][平坦;峰]波血流频谱[，峰速mm/s]。+
门静脉[主干约mm，][无;稍;明显][受压][增宽;变窄][，管壁回声][稍;明显][增强][，内未见异常回声][，内为入肝单向平坦波血流频谱][，峰速mm/s]。+,[左肝;右肝;尾叶]萎缩。+
肝[左叶;右叶][切除术后;实质增粗]。+
建议[肝功能;A.F.P;血脂;CT;MRI;进一步;定期;治疗后;超声导向穿刺][检查;复查;活检;硬化治疗;抽液治疗]。+,020,0,常见,UIS,1,GYWS,肝脏,NULL,NULL
95,腹腔淋巴结,超声,[腹主;腹腔;左髂;右髂]动脉旁见[数][多]个[簇状;类圆形]低回声团，约mm×mm[至mm×mm][，部分相互融合]。+
淋巴结形态[正;失]常，呈[小肾;奇异]状[，L/S＝]，淋巴结门显示[不]清，血供[增多;正常;稀少][，紊乱][，呈][圣诞树;短杆;星点]状，[，动脉PSVmm/s，PI，RI]。+
[腹主;腹腔;左髂;右髂]动脉旁未见异常低回声团。+,[腹主;腹腔;左髂;右髂]动脉旁淋巴结[不;肿]大。+
[结合临床][考虑][符合]淋巴[结][转移Ca;瘤;肿瘤;炎;结核][可能性大]。+
未除外淋巴结[炎;反应性增生][可能]。+
建议[超声导向穿刺]活检。+,005,0,常见,UIS,001,FQLBJ,腹部,NULL,NULL
96,腹膜转移癌,超声,[腹膜;肠系膜][广泛;板状]增厚[，呈][大小不一][结节状;块状]，[最大]约mm×mm[至mm×mm][，肠管间相互粘连]。+
肠管无扩张，蠕动减弱。+
[胃左;腹腔;腹主]动脉旁[未]见[数][多][个]类圆形低回声团[，约mm×mm][至mm×mm][，部分相互融合]。+
团块周边[未]见[半;少许][环状;星点状][动;静][脉]彩流[信号][，PSVmm/s，PI，RI]；内部[未]见[较][丰富;稀少;少许][短杆状;星点状;树枝状][动;静][脉]彩流[信号][，PSVmm/s，PI，RI]。+
腹腔内见[少;中][至][中;大]量液性暗区。+,[腹膜;肠系膜][广泛;板状]增厚。+
腹腔内多发性肿块。+
[胃左;腹腔;腹主]动脉旁淋巴结肿大。+
[少;中][至][中;大]量腹水。+
[未排]腹膜转移Ca。+,006,0,常见,UIS,001,FMZYA,腹部,NULL,NULL
97,腹部包块,超声,[左;右][上;中;下][腹腔;盆腔;髂窝;腹膜后;腹壁内]见个[类圆形;不规则形;多房状][液][实]性[较][强;低;中等]回声肿块，约mm×mm[至mm×mm]。+
肿块[包膜;边界][不]清，[不]规整[，壁][厚;薄][，不规则状][，附壁见][乳头状;不规则状][较][低;强;等][回声团，约mm ×mm][，暗区][透声好;内见][稀疏;密集;少许][网状;条带状;浮点状][弱回声][，后方回声][增强;衰减]。+
肿块[实质][大][部分][为][液][实][性，][回声][不][均匀][，内;，中央][见蜂窝状;点状;团状;不规则][低;强;无][回声][区][，暗区][透声好;内见][稀疏;密集;少许][网状;条带状;浮点状][弱回声]。+
暗区内见[密集点状强回声;不规则低回声团块;不规则强回声团;脂液平面]。+
肿块后方[见声影;回声][增强;衰减]。+
肿块[稍;不][可;能]被[较][大幅度]推动。+
肿块对后方之[血管;胰腺]等结构[无;有;致]压迫[移位]，俯跪位肿块[无]向腹侧下垂。+
肿块周边[未]见[半;少许][环状;星点状][动;静][脉]彩流[，PSVmm/s，PI，RI]。+内部[未]见[较][丰富;稀少;少许][短杆状;星点状;树枝状][动;静][脉]彩流[，PSVmm/s，PI，RI][，并探及动静脉瘘血流信号]。+
[腹主动脉;下腔静脉;肝;肾;胰;膀胱;子宫]向[前;后;内;外]移位。+
[腹主动脉;下腔静脉]被肿块包绕。+
[腹腔;腹主;左髂;右髂]动脉旁[未]见[数][多][个][簇状;类圆形]低回声团[，约mm×mm][至mm×mm][，部分相互融合]。+,[左;右][上;中;下][腹腔;盆腔;髂窝;腹膜后;腹壁内][多发性][液][实]性占位性病变（性质待定）。+
[结合临床][考虑][符合][淋巴;恶性淋巴细胞;神经鞘;神经纤维;畸胎;脂肪;平滑肌][肉][瘤;皮样][囊;脓;血][肿]。+
未除外[淋巴;恶性淋巴细胞;神经鞘;神经纤维;畸胎;脂肪;平滑肌][肉][瘤;皮样][囊;脓;血][肿]。+
建议[超声导向穿刺][活检;治疗]。+,007,0,常见,UIS,001,FBBK,腹部,NULL,NULL
98,椎旁冷脓肿,超声,右侧腰大肌[旁;前方;后方]见[梭形;长条形]液性暗区，宽mm，长约mm，边界清。+暗区延伸至[髂窝;腹股沟]。+
暗区内见[网状回声;点状低回声]。+
左侧腰大肌[旁;前方;后方]见[梭形;长条形]液性暗区，宽mm，长约mm，边界清。+暗区延伸至[髂窝;腹股沟]。+
暗区内见[网带状回声;浮点状低回声]。+
对侧腰大肌未见液性暗区或肿块回声。+
第腰椎椎体回声不完整，透声性增加。+,[左;右;双]侧腰椎旁液性占位性病变。+
[结合临床][考虑][符合]冷脓肿。+
第腰椎破坏考虑腰椎结核[可能]。+
建议治疗后复查。+,008,0,常见,UIS,001,ZPLNZ,腹部,NULL,NULL
99,腹腔脓肿,超声,[左;右][上;中;下][腹腔;髂窝]内见个[类圆形;不规则][液性;液实]包块，约mm×mm[至mm×mm][，相互融合]。+
包块[包膜;边界][不]清，[不]规整[，壁][厚;薄][，不规则状][，附壁见][乳头状;不规则状][较][低;强;等][回声团，约mm ×mm][，暗区][透声好;内见][稀疏;密集;少许][网状;条带状;浮点状][弱回声][，后方回声][增强;衰减]。+
包块[周边][大][部分]为[液][实]性[不]均匀[混合性][较][强;低;中等]回声[，内;，中央][见蜂窝状;点状;团状;不规则][低;强;无][回声][区][，暗区][透声好;内见][稀疏;密集;少许][网状;条带状;浮点状][弱回声]。+
[左;右][上;中;下]腹肠管[稍;明显]扩张，[积气;积液]，蠕动加强。+,[左;右][上;中;下][腹腔;髂窝]液性占位性病变。+
[结合临床][考虑][符合]脓肿。+
[左;右][上;中;下][腹腔;髂窝]脓肿治疗后，与月日对比病灶[稍;明显][缩小;扩大]。+
建议超声引导下穿刺治疗。+
建议治疗后复查。+,009,0,常见,UIS,001,FQNZ,腹部,NULL,NULL
100,膈下脓肿,超声,[左;右]膈下见半月形液性包块，约mm×mm×mm。+
包块[包膜;边界][不]清，[不]规整，壁[厚;薄][，不规则状][，内见][稀疏;密集;少许][网状;条带状][回声][，暗区][透声好;内见浮点状弱回声][，后方回声][增强;衰减]。+,[左;右]膈下液性占位性病变。+
[结合临床][考虑][符合]脓肿。+
[左;右]膈下脓肿治疗后，与月日对比病灶[稍;明显][缩小;扩大]。+
建议超声引导下穿刺治疗。+
建议治疗后复查。+,010,0,常见,UIS,001,GXNZ,腹部,NULL,NULL
101,腹部肿块活检,超声,[左;右][上;中;下][腹腔;盆腔;髂窝;腹膜后;腹壁内]见[个][多个][大小不等;形态相似][圆形;类圆形;不规则]实性[结节状]肿块[，相互融合]，[最大]约mm×mm[至;及][mm×mm]。+
选[左;右][上;中;下][腹腔;盆腔;髂窝;腹膜后;腹壁内]肿块为穿刺活检目标。+
常规消毒铺巾，用[1％;2％][普鲁;利多]卡因局麻[，安置导向针]。+
用[18;20;22]G[活检针;组织切割针]沿引导线进针，针尖[到达;离;进入]肿块[边缘;内][mm]处触发活检枪向肿块[边缘;中心]活检，随即退针，取材放在10％福尔马林内固定，向不同方向共活检[1;2;3]针。+
用[18;20;22]G[组织切割针;穿刺针]沿引导线进针，针尖进入肿块[边缘;中心]作反复提拉旋转后退针，取材[放在][滤纸上]10％福尔马林液内固定[并][作细胞涂片]，向不同方向共活检[1;2;3]针。+
取材[不;基本]满意，长约[mm][至mm]，组织呈[鱼肉状;白色;红色;红白相间;血丝状][条块;碎块]。+
取材即送[组织;细胞]学检查。+
穿刺后观察半小时病人无不适。+,[左;右][上;中;下][腹腔;盆腔;髂窝;腹膜后;腹壁内][多发性]实性占位性病变已作穿刺活检。+
组织已送病理检查，结果待报。+,011,0,常见,UIS,001,FBZKHJ,腹部,NULL,NULL
102,腹腔脓肿穿刺,超声,[左;右][上;中;下][腹腔;髂窝;膈下]见[个][类圆形;不规则;半月形]液性暗区，约mm×mm[至mm×mm]。+
暗区[包膜;边界][不]清，[不]规整，壁[厚;薄][，不规则状][，内见][稀疏;密集;少许][网状;条带状][回声][，暗区][透声好;内见浮点状弱回声][，后方回声增强]。+
选[左;右][锁骨;腋;肩胛][后;中;前]线[第肋间][上;中;下][腹]为穿刺点。+
常规消毒铺巾，用[1％;2％][普鲁;利多]卡因局麻[，安置导向针]。+
用[14;16;18;20]G[套管]穿刺针沿引导线进针，针尖到达[囊内;液区][后留置套管]，抽出[淡黄色;红白色;加啡色][液体;脓液][约ml][，抽净后退针]。+
[先用][1％;2％][普鲁;利多][卡因局反复冲冼并作表面麻醉][，后反复注入][无水酒精;灭滴灵;NS][冲冼][，最后注入][四环素1.0G;地塞米松10MG]，退针。+
穿刺后观察半小时病人无不适。+,[左;右][上;中;下][腹腔;髂窝;膈下][包裹性]脓肿已作穿刺抽脓治疗。+
脓液已送[常规检查;细菌培养]，结果待报。+,012,0,常见,UIS,001,FQNZCC,腹部,NULL,NULL
103,肾脏测值,超声,[左;右;双]肾约mm×mm×mm。+
[左;右;双]肾内血管[较;明显][丰富;减少;稀少]，分布[正;失]常[，呈][短杆状;星点状;树枝状]，弓形动脉PSVmm/s[，EDVmm/s][，TAVmm/s]，PI，RI[，血管阻力][未见;稍;明显][增加]。+,双肾未见异常。+
双肾血供未见异常。+,001,0,常见,UIS,001,SZCZ,肾脏,NULL,NULL
104,正常尿路,超声,左肾约×mm，右肾×mm。
双肾大小形态正常，包膜光滑，实质未见异常光团或暗区，皮髓质分界清晰，肾窦形态正常，未见异常光斑。
双肾血管分布正常，未见异常血流信号。
双侧输尿管未见扩张。
膀胱充盈良好，膀胱壁光滑，内未见异常回声。
前列腺××mm，
前列腺大小形态正常，包膜光滑，腺实质回声均匀，内未见明确异常光团或暗区。
前列腺未见异常彩流信号。
双侧肾上腺大小形态及回声未异常。
双侧精囊大小形态正常，包膜清晰，光滑，内呈弯曲管状暗区，管壁光滑。
双侧肾上腺区多切面扫查，未见异常光团或暗区。,双肾、输尿管、膀胱[、前列腺]未见明显异常声像。
双侧精囊未见明显异常声像。
双侧肾上腺未见明显异常声像。
,002,0,常见,UIS,001,ZCNL,肾脏,NULL,NULL
105,尿路感染,超声,[左;右;双]肾约mm×mm×mm。+
双肾大小正常，包膜光滑，肾窦[无;稍;明显][，宽;分离，约mm]，内膜[增厚;模糊]。+
实质未见异常回声。+
双侧输尿管未见扩张。+
膀胱壁[光滑;毛糙]，内[未见异常;无回声区见带点状弱]回声。+,[双肾;膀胱]改变结合临床考虑[肾;尿路;膀胱]感染。+,003,0,常见,UIS,001,NLGR,肾脏,NULL,NULL
106,肾病综合征,超声,[左;右;双]肾约mm×mm×mm。+
[双;左;右]肾[大小正常;稍大;增大]，包膜光滑。+
实质[稍宽;偏薄][，约mm]，回声[偏低;增强][，肾乳头增大，回声较低]。+
肾窦[无;稍][扩张;变窄;未见分离][，回声增强]。+,[左;右;双]肾[肿大;肿胀;改变]结合临床考虑肾病综合征。+
建议[KUB;IVP;肾功能;治疗后;超声导向穿刺活检][复查;检查]。+,004,0,常见,UIS,001,SBZHZ,肾脏,NULL,NULL
107,海绵肾,超声,[左;右;双]肾约mm×mm×mm。+
[双;左;右]肾[大小正常;非对称性][稍;增][大;缩小]，包膜[不]光滑，[不]清晰。+
实质[增宽;稍薄;变薄][，约mm]，回声[正常;增强;减弱]，与肾窦分界[不]清[，内见多个点团状强回声]。+
肾锥体部位见多个点团状强回声或多房性小无回声区，呈扇形排列。+
肾窦[扩张;变窄;未见分离][，回声增强][，内见多个点团状强回声]。+,[双;左;右]肾[缩小;固缩;肿大]。+
双肾椎体改变考虑海绵肾可能。+
[结合临床][考虑][符合]海绵肾[可能]。+
未排[急性;慢性;高血压性;梗阻性][肾病;肾盂][肾炎;痛风肾][可能]。+
建议[KUB;IVP;肾功能;治疗后;超声导向穿刺活检][复查;检查]。+,005,0,常见,UIS,001,HMS,肾脏,NULL,NULL
108,肾炎,超声,[左;右;双]肾约mm×mm×mm。+
[双;左;右]肾[大小正常;非对称性][稍;明显;增][大;缩小][，形态失常]，包膜[不]光滑，[不]清晰。+
实质[稍宽;变薄][，约mm]，回声[正常;增强;减弱]，与肾窦分界[不]清[，内见多个点团状强回声]。+
肾乳头增大，回声较低。+
肾窦[无;稍][变窄;分离暗区][，回声增强;内膜][增厚;模糊][，内见多个点团状强回声]。+,[双;左;右]肾[缩小;肿大;肿胀]并弥漫性病变。+
[结合临床][考虑][符合][急性;慢性][肾盂]肾炎[可能]（固缩期）。+
未排[高血压性;梗阻性][肾病;肾盂][肾炎;肾钙乳症;海绵肾;痛风肾][可能]。+
[双;左;右]肾供血[稍;明显]减少，阻力增加，说明肾功能[稍;轻度;明显][不全;受损]。+
建议[KUB;IVP;肾功能;治疗后;超声导向穿刺活检][复查;检查]。+,006,0,常见,UIS,001,SY,肾脏,NULL,NULL
109,痛风肾,超声,[左;右;双]肾约mm×mm×mm。+
[双;左;右]肾[大小正常;非对称性][稍;明显;增][大;缩小][，形态失常]，包膜[不]光滑，[不]清晰。+
实质[稍宽;变薄][，约mm]，回声[正常;增强;减弱]，与肾窦分界[不]清[，内见多个点团状强回声]。+
[左;右]肾[上极;下极;中部][实质内;包膜下]见个类圆形囊性液性暗区，[最大]约mm×mm[至mm×mm]。+
[左;右]肾窦[无;稍][扩张;变窄][，回声增强][，内见多个点团状强回声，最大约mm×mm][至][mm×mm][，伴声影]。+
[左;右]肾大小正常，包膜光滑，实质及肾窦未见异常回声。+,[双;左;右]肾[缩小;固缩;肿大;肿胀]并弥漫性病变。+
[双;左;右]肾[肾盂;上盏;中盏;下盏;输尿管移行部][多发性;憩室][小;铸形]结石[已][大][部分;全部][排出]。+
[双;左;右]肾[多发性][小]囊肿。+
[双;左;右]肾[大;中;少]量积液[并感染][，以][左;右][侧为著]。+
[双;左;右]肾供血[稍;明显]减少，阻力增加，说明肾功能[稍;轻度;明显][不全;受损]。+
[结合临床][考虑][符合]痛风肾[可能]。+
未排[急性;慢性;高血压性;梗阻性][肾病;肾盂][肾炎;肾钙乳症;海绵肾][可能]。+
建议[KUB;IVP;肾功能;治疗后;超声导向穿刺活检][复查;检查]。+,007,0,常见,UIS,001,TFS,肾脏,NULL,NULL
110,老年肾脏,超声,[左;右;双]肾约mm×mm×mm。+
双肾偏小，形态失常，轮廓欠清，包膜不光滑。+实质稍变薄，约mm，回声不均匀增强。+肾窦稍宽，回声增强，与实质分界尚清。+
肾内见多个点团状强回声，约mm×mm至mm×mm。+
肾实质内见多个小囊状无回声区，约mm×mm至mm×mm。+
双肾血管稍减少，以实质区明显，段动脉呈短杆状，PSVmm/s，PI，RI。+,双肾稍缩小并弥漫性改变。+
结合临床考虑老年性肾改变。+
双肾多发性小结石、多发性小囊肿。+
建议进一步检查排除痛风。+,008,0,常见,UIS,001,LNSZ,肾脏,NULL,NULL
111,肾固缩,超声,[左;右;双]肾约mm×mm×mm。+
[双;左;右]肾[大小正常;非对称性][稍;明显]缩小，轮廓不清，形态失常，包膜[不]光滑。+
实质[稍;明显]变薄[，约mm]，回声增强，与肾窦分界[不]清[，内见多个点团状强回声]。+
中央复合区稍增宽，回声增强，与实质分界欠清。+
[左;右]肾大小正常，包膜光滑，实质及肾窦未见异常回声。+,[双;左;右]肾[缩小;固缩;肿大;肿胀]并弥漫性病变。+
[结合临床][考虑][符合]慢性肾病[固缩期]。+
建议[KUB;IVP;肾功能;治疗后;超声导向穿刺活检][复查;检查]。+,009,0,常见,UIS,001,SGS,肾脏,NULL,NULL
112,复杂结石,超声,[左;右;双]肾约mm×mm×mm。+
[左;右;双]肾[大小正常;稍;明显][增;缩][大;小][，形态失常][，肾窦未见分离积液暗区]。+
肾[窦;肾盂;上盏;中盏;下盏]见扩张积液暗区，约mm。+
各肾盏[明显]扩张呈调色碟样，最宽约mm，
皮质[稍;明显][变薄，约mm，]回声[无;稍;明显]增强。+
[左;右;双侧]肾中下极背外侧包膜下见梭状分离性液性暗区，最宽处约mm，暗区内透声好。+
[左;右;双]肾[盂;上;中;下][口;盏;极;输尿管移行部][多个][小盏][近实质内][各]见[多]个[结石;点状;砂样结石]强回声，[最大位于;堆积于][肾盂;上盏;中盏;下盏]，约mm×mm[、mm×mm][至mm×mm]，[伴;无][明显]声影。+
[左;右]肾大小正常，包膜光滑，实质及肾窦未见异常回声。+
[左;右;双侧]输尿管[上;中;下][段;全程][无;稍;明显;呈烟斗状]扩张[，宽mm]，
[上;中;下][段][距][肾盂口;输尿管移行部;髂嵴;髂动脉;膀胱开口][mm][内;水平;处]见个团状强回声，约mm×mm，[伴;无][明显]声影。+
[左;右]输尿管[上段;中段;下段][无扩张;显示不清]。+
膀胱壁[无;稍]增厚，[光滑;毛糙]，内见[数;多]个团状强回声，[最大;堆积成团]约mm×mm[、mm×mm][及mm×mm]，随体位移动，伴[明显]声影。+
后尿道内见团状强回声，约mm×mm，伴声影。+,[双;左;右]肾[轻度;中度;重度][增大;缩小][，以][左;右][侧明显]。+
[双;左;右]肾[肾盂;上盏;中盏;下盏;输尿管移行部][多发性;憩室][小;铸形]结石[已][大][部分;全部][排出]。+
[并][双;左;右]肾[上盏;中盏;下盏][大;中;少]量积水[并感染][，以][左;右][侧为著]。+
[双侧;左;右]输尿管[上段;中段;下段]扩张积水。+
[未除外][双侧;左;右]输尿管[上段;中段;下段][多发性]结石[已][大][部分;全部][排出]。+
[双;左;右]肾急性梗阻性尿外渗。+
膀胱[多发性]结石。+
后尿道结石。+
建议[KUB后碎石治疗;K.U.B;I.V.P;肾功能;治疗后;超声导向穿刺肾盂造影][复查;检查;碎石治疗]。+,010,0,常见,UIS,001,FZJS,肾脏,NULL,NULL
113,肾结石,超声,肾[窦;肾盂;上盏;中盏;下盏]见扩张积液暗区，约mm。
皮质[稍;明显][变薄，约mm，]回声[无;稍;明显]增强。
[左;右;双]肾[内;上;中;下][盏;极;输尿管移行部]见[多个;个][ ;点状;砂样结石]强回声光斑，[最大位于;堆积于][肾盂;上盏;中盏;下盏]，大小约×mm[、×mm][至×mm]，[伴;无][明显]声影。
[左;右]肾大小正常，包膜光滑，实质及肾窦未见异常回声。
[左;右;双]肾[大小正常;稍增大;明显增大][，形态失常;形态正常][，肾窦未见分离积液暗区;肾窦可见分离，宽约：mm]。,[双;左;右]肾结石声像。
[双;左;右]肾[肾盂;上盏;中盏;下盏;输尿管移行部][多发性;憩室][小;铸形]结石[已][大][部分;全部][排出]。
[双;左;右]肾[肾盂;上盏;中盏;下盏][大;中;少]量积液[并感染][，以][左;右][侧为著]。
右肾小囊肿并结石。
建议[KUB后碎石治疗;K.U.B;I.V.P;肾功能;治疗后;超声导向穿刺肾盂造影][复查;检查;碎石治疗]。,011,0,常见,UIS,001,SJS,肾脏,NULL,NULL
114,肾囊肿并结石,超声,[左;右]肾大小形态正常，肾窦未见分离性液性暗区，中部实质内见1个囊性暗区，约mm×mm×mm，壁光滑。+
囊内见多个砂样结石强回声，随体位改变在囊内滚动。+,[左;右]肾小囊肿并结石。+
建议KUB+IVP检查。+,012,0,常见,UIS,001,SNZBJS,肾脏,NULL,NULL
115,肾积水,超声,{\rtf1\ansi\deff0{\fonttbl{\f0\fnil\fcharset134 \'cb\'ce\'cc\'e5;}}
\viewkind4\uc1\pard\lang2052\f0\fs18\'d7\'f3\'c9\'f6\'d4\'bc\'a1\'c1mm\'a3\'ac\'d3\'d2\'c9\'f6\'d4\'bc\'a1\'c1mm\'a1\'a3+
\par [\'d7\'f3;\'d3\'d2;\'cb\'ab]\'c9\'f6[\'f1\'bc;\'c9\'f6\'d3\'db;\'c9\'cf\'d5\'b5;\'d6\'d0\'d5\'b5;\'cf\'c2\'d5\'b5]\'bc\'fb\'c0\'a9\'d5\'c5\'bb\'fd\'d2\'ba\'b0\'b5\'c7\'f8\'a3\'ac\'bf\'ed\'d4\'bMMm\'a1\'a3+
\par \'b8\'f7\'c9\'f6\'d5\'b5[\'c3\'f7\'cf\'d4]\'c0\'a9\'d5\'c5\'b3\'ca\'b5\'f7\'c9\'ab\'b5\'fa\'d1\'f9\'a3\'ac\'d7\'ee\'bf\'ed\'d4\'bMMm\'a3\'ac
\par \'c6\'a4\'d6\'ca[\'ce\'de;\'c9\'d4;\'c3\'f7\'cf\'d4][\'b1\'e4\'b1\'a1\'a3\'ac\'d4\'bMMm\'a3\'ac]\'bb\'d8\'c9\'f9[\'ce\'de;\'c9\'d4;\'c3\'f7\'cf\'d4]\'d4\'f6\'c7\'bf\'a1\'a3+
\par \'b0\'b5\'c7\'f8\'c4\'da[\'ce\'b4][\'bc\'fb;\'cd\'b8\'c9\'f9\'ba\'c3][\'b5\'e3\'d7\'b4\'c8\'f5;\'cd\'c5\'d7\'b4\'c7\'bf][\'bb\'d8\'c9\'f9][\'a3\'ac\'d4\'bMMm\'a1\'c1mm\'a1\'c1mm]\'a1\'a3+
\par [\'d7\'f3;\'d3\'d2]\'c9\'f6\'b4\'f3\'d0\'a1\'d5\'fd\'b3\'a3\'a3\'ac\'b0\'fc\'c4\'a4\'b9\'e2\'bb\'ac\'a3\'ac\'ca\'b5\'d6\'ca\'bc\'b0\'c9\'f6\'f1\'bc\'ce\'b4\'bc\'fb\'d2\'ec\'b3\'a3\'bb\'d8\'c9\'f9\'a1\'a3+
\par }
 ,{\rtf1\ansi\ansicpg936\deff0{\fonttbl{\f0\fnil\fcharset134 \'cb\'ce\'cc\'e5;}}
\viewkind4\uc1\pard\lang2052\f0\fs18 [\'d7\'f3;\'d3\'d2;\'cb\'ab]\'c9\'f6[\'c7\'e1;\'d6\'d0;\'d6\'d8]\'b6\'c8\'bb\'fd\'cb\'ae\'a1\'a3+
\par [\'d7\'f3;\'d3\'d2;\'cb\'ab]\'c9\'f6[\'b6\'e0\'b7\'a2\'d0\'d4][\'d0\'a1]\'bd\'e1\'ca\'af\'a1\'a3+
\par [\'d7\'f3\'c9\'f6;\'d3\'d2\'c9\'f6]\'ce\'b4\'bc\'fb\'d2\'ec\'b3\'a3\'a1\'a3+
\par 
\par }
 ,013,0,常见,UIS,001,SJS,肾脏,NULL,NULL
116,肾外伤,超声,[左;右;双]肾约mm×mm×mm。+
[左;右]肾[大小正常;稍大;增大;明显增大][，形态失常]，[上极;下极;中部]包膜[不]清晰[，可见局部连续中断]。+
[包膜下;肾周]见[半月形;带状;梭状不规则形]液性暗区，[最宽]约mm×mm×mm[，内见点片状低回声]。+
实质[内见不规则低回声区;回声不均匀增强][，约mm×mm×mm][，边界][清晰;模糊]。+
肾窦[未]见分离积液暗区。+
[左;右]肾大小正常，包膜光滑，实质及肾窦未见异常回声。+,[左;右;双]肾[外;挫][裂]伤。+
[左;右;双]肾[包膜下;实质;周]血肿[并感染]。+
肾周血肿治疗后，与月日对比病灶[稍;明显][缩小;扩大]。+
建议超声导向穿刺治疗。+,014,0,常见,UIS,001,SWS,肾脏,NULL,NULL
117,肾周疾病,超声,[左;右;双]肾约mm×mm×mm。+
双肾[大小正常;稍大][，形态失常]，包膜光滑，实质及肾窦未见异常回声。+
[左;右]肾[上极;下极;中部][腹;背][外;内]侧肾周见[半月形;带状;梭状不规则形][液性暗区;团块回声]，约mm×mm×mm。+
包块周边[清晰;模糊][，可见环状低回声]。+
包块呈不规则较强回声，内见[不规则;蜂窝状]液性暗区。+
包块壁厚，呈不规则状，暗区内见浮点状弱回声。+,[左;右]肾[上极;下极;中部][腹;背][外;内]侧肾周[液][实]性占位性病变。+
[结合临床][考虑][符合]肾周[脓;血]肿。+
肾周脓肿治疗后，与月日对比病灶[稍;明显][缩小;扩大]。+
双肾未见[明显]异常。+
建议[治疗后复查;超声导向穿刺抽液治疗]。+,015,0,常见,UIS,001,SZJB,肾脏,NULL,NULL
118,肾下垂,超声,[左;右;双]肾约mm×mm×mm。+
[左;右;双]肾大小形态正常，下极位置立位较卧位下降mm。+肾窦[未]见分离暗区[，宽mm]，内[未]见[个]团状强回声[，约mm][至mm×mm]。+
[左;右]肾大小正常，肾窦未见分离性液性暗区，内未见团状强回声。+,[左;右;双]肾[轻;中;重]度下垂。+
[左;右;双]肾[多发性][小]结石。+
[左肾;右肾]未见异常。+,016,0,常见,UIS,001,SXC,肾脏,NULL,NULL
119,游走肾,超声,[左;右]肾窝未见肾脏回声。+
[左;右][中;下]腹可见肾形包块，约mm×mm×mm，中央[未]见分离性液性暗区[，宽mm]，包块[不]可还纳肾窝。+
[左;右]肾位置及大小正常，包膜光滑，实质及肾窦未见异常回声。+,[左;右]肾为[游走肾;异位肾]。+
[左肾;右肾]未见异常。+
建议IVP。+,017,0,常见,UIS,001,YZS,肾脏,NULL,NULL
120,独肾,超声,[左;右]肾窝未见肾脏回声，腹内其他部位未见肾形包块。+
[左;右]肾[不;稍]大，形态正常，包膜光滑，实质及肾窦未见异常回声。+,[双侧;左;右][独]肾[缺如]。+
腹内未找到[左;右]肾。+
[左;右][肾代偿性增大;未见异常]。+
建议IVP。+,018,0,常见,UIS,001,DS,肾脏,NULL,NULL
121,重复肾,超声,[左;右;双]肾约mm×mm×mm。+
[左;右]肾结构失常，由上下两部分构成。+
上部呈椭圆形囊状液性暗区，约mm×mm×mm，实质较薄，约mm，可见有一条弯曲管样结构向下延伸进入膀胱。+
中下部为肾形结构，约mm×mm×mm，包膜光滑，实质及中央未见异常回声，CDI显示为肾血管分布，血管阻力未见增加。+见左输尿管与其相连。+
[左;右]肾[不;稍]大，形态正常，包膜光滑，实质及肾窦未见异常回声。+,[双侧;左;右]重复肾[并积水]。+
[双;左;右]肾供血[稍;明显]减少，阻力增加，说明肾功能[稍;轻度;明显][不全;受损]。+
[左肾;右肾]未见异常。+
建议IVP。+,019,0,常见,UIS,001,ZFS,肾脏,NULL,NULL
122,肾发育不全,超声,[左;右;双]肾约mm×mm×mm。+
[左;右]肾缩小呈小肾状[，形态失常][，轮廓不清]，包膜[不;欠]光滑。+实质稍变薄，回声不均匀增强。+肾窦回声增强，与实质分界欠清。+
[左;右]肾血管明显减少，段动脉呈短杆状，PSVmm/s，PI，RI。+
[左;右]肾[不;稍]大，形态正常，包膜光滑，实质及肾窦未见异常回声。+
[左;右;双]肾血管分布正常，血管阻力未见增加。+,[左;右]肾发育不全。+
[左;右]肾供血[稍;明显]减少，阻力增加，说明肾功能[稍;轻度;明显][不全;受损]。+
[左;右][肾代偿性增大;未见异常]。+,020,0,常见,UIS,001,SFYBQ,肾脏,NULL,NULL
123,肾囊肿,超声,左肾大小×mm，右肾大小约×mm。
[双;左;右]肾[大小正常;稍;明显][增大;缩小][，形态失常;形态正常][，局部][稍;明显][外凸][，表面凹不平]。
[上极;下极;中部][包膜下;实质内;紧贴肾窦;肾窦内][各]见个[类圆形;大小不一]囊性肿块，[最大;大小]约×mm[至mm×mm×mm]。
囊壁光滑[内部呈无回声，囊内透声好]，后方回声增强。
囊内见[砂粒样强;浮点状弱;絮片状弱]回声[，约mm×mm][至mm×mm][，伴声影][，随体位改变在囊内混动]。
囊内见细小乳粒状强回声，上表面呈水平状，随体位改变在囊内移动。肾盂内亦见细点状强回声。
病灶周边未见环周彩流，其内未见血流信号。
肾窦受压变形[，上盏扩张积液，宽约mm]。
邻近脏器受压移位。
[左;右]肾大小正常，包膜光滑，实质及肾窦未见异常回声。,[双;左;右]肾[上极;中部;下极][多发性;孤立性;肾盂源性;肾盂旁;钙乳性][小]囊肿[合并囊内][结石;感染;出血]。
[左肾;右肾]未见异常。
建议[定期复查;超声导向穿刺硬化治疗]。,021,0,常见,UIS,001,SNZ,肾脏,NULL,NULL
124,多囊肾并多发性结石,超声,"双肾大小形态正常，
双肾大小，右肾约×mm,左肾约×mm。
[左;右;双]肾[轻度;明显][非对称性]增大，形态[正;失]常，包膜[不光滑;凹凸不平][，肾内正常结构消失]。
肾[实质]内见散在大小不等类圆形囊性暗区，[最大]约mm×mm[至mm×mm]，互不相通。
囊性暗区间隙见散在[点状;点团状]结石强回声，[最大]约mm×mm[至mm×mm]，伴声影。
肾窦[不完整;与肾实质分界不清]。
肾窦[上盏;中盏;下盏;肾盂][未]见分离性积液暗区[，最宽处mm]。
[左;右]肾[不;稍]大，形态正常，包膜光滑，实质及肾窦未见异常回声。
[左;右;双侧]输尿管[上段;中段;下段][无;稍;明显]扩张[，宽mm]，[上段;中段;下段;内][未]见[个]结石强回声[，约mm×mm][至mm×mm]。
膀胱壁光滑，内[未]见[数][多]个[团状;点状]强回声[，约mm×mm][至mm×mm][，伴声影，随体位移动]。",多囊肾[并双肾多发性结石]。
[双侧;左;右]输尿管[上段;中段;下段]结石。
[双;左;右]肾[大;中;少]量积液。
膀胱[多发性]结石。
建议[KUB;IVP;肾功能;治疗后][复查;检查;碎石治疗]。,022,0,常见,UIS,001,DNSBDFXJS,肾脏,NULL,NULL
125,动脉瘤,超声,[左;右]侧颈总动脉[上;下]段呈[瘤样;梭状]扩张，最宽处mm，长约mm。+
腹主动脉[剑突下;腹腔动脉;肠系膜动脉;肾动脉]水平以下mm至[肠系膜动脉;肾动脉;髂动脉分叉]水平以上mm段[弯曲状，][多][处]呈[瘤样;梭形]扩张，最宽处mm，长约mm。+
[局部]血管[前;后;左侧;右侧]壁[半;无][环状]分离，最宽约mm。+
[局部]内膜[不;稍;明显增]厚，最厚约mm，[光滑;毛糙]。+
[可见]内膜撕裂呈带状强回声在血管内漂浮。+
瘤壁附着[半月形;团状][低;等;较强]回声，约mm×mm[，局部管腔][变;稍;无变][窄][，宽mm]。+
瘤内彩流呈漩涡状[，内膜分离间隙内][未][探及湍流信号]。+
频谱形态[正;失]常[，呈双向;，拱桥状][，波峰][圆钝;高尖;低矮][，峰时][稍;明显][后移][，频带][增宽;变窄][，频窗][充填;清晰]。+声频[粗糙;柔和]、[响亮;低沉]。+
瘤体[左;右]侧壁外凸[，厚约mm]，内见不规则液性暗区，暗区内无动态血流信号。+
[双侧;左;右][颈总;颈内;颈外;腹主;髂]动脉管腔约mm，内膜光滑，内未见异常彩流信号。+
[左;右;双侧][颈内;下腔;髂]静脉管腔约mm，内膜光滑，未见异常彩流信号。+,[左;右][侧][颈动脉;腹主动脉][炎;粥样硬化][并][动脉]瘤[形成]。+
[夹层][腹主]动脉瘤。+
[左;右][侧][夹层][颈动脉;腹主动脉][瘤内;附壁]血栓形成。+
瘤体[左;右]侧壁不完全破损可能。+,008,0,常见,UIS,001,DML,外周血管,NULL,NULL
126,假性动脉瘤,超声,[左;右]股动脉于腹股沟下方见一约5mm缺口，局部管壁向外彭出形成大小约mm×mm×mm瘤体，瘤内均见流动状弱回声。+
动脉与小瘤间见一活瓣样回声。+
彩色多普勒显示股动脉内血流经缺口进入瘤体内，瘤内血流呈漩涡状。+
[左;右]股静脉连续性好，局部管腔受压变窄。+,[左;右]股动脉损伤并外伤性动脉瘤形成。+,009,0,常见,UIS,001,JXDML,外周血管,NULL,NULL
127,锁骨下A盗血,超声,[左;右]侧[锁骨下;无名]动脉内膜[稍;明显]增厚，可见大小不一的强回声斑块，约mm×mm×mm，管腔[狭窄;闭塞][，约mm]，长约mm，局部血流[加速;缓慢;消失][，呈红蓝相间彩流信号]。+
频谱形态[正;失]常[，呈双向;，拱桥状][，波峰][圆钝;高尖;低矮][，峰时][稍;明显][后移][，频带][增宽;变窄][，频窗][充填;清晰][，声频][粗糙;柔和]、[响亮;低沉]。+
PSVmm/s[，EDVmm/s][，TAVmm/s]，PI，RI。+
[左;右]侧椎动脉彩流颜色与颈内静脉彩流颜色一致，与对侧椎动脉彩流颜色相反。+
频谱形态[正;失]常[，呈][双向;拱桥状][，波峰][圆钝;高尖;低矮][，峰时][稍;明显][后移][，频带][增宽;变窄][，频窗][充填;清晰][，声频][粗糙;柔和]、[响亮;低沉]。+
PSVmm/s[，EDVmm/s][，TAVmm/s]，PI，RI。+
[左;右]侧[锁骨下;无名;椎]动脉内膜[稍;无;明显]增厚，管腔[无;稍]狭窄[，管腔约mm]，局部血流[加速;缓慢;未见湍流][，呈红蓝相间彩流信号]。+
频谱形态[正;失]常[，呈][双向;拱桥状][，波峰][圆钝;高尖;低矮][，峰时][稍;明显][后移][，频带][增宽;变窄][，频窗][充填;清晰][，声频][粗糙;柔和]、[响亮;低沉]。+
PSVmm/s[，EDVmm/s][，TAVmm/s]，PI，RI。+,[左;右][锁骨下动脉;无名动脉][狭窄;闭塞]。+
[左;右]椎动脉返流。+,010,0,常见,UIS,001,SGXADX,外周血管,NULL,NULL
128,正常下肢血管,超声,[双侧;左;右][髂总;髂外;股;腘;胫前;胫后;腓;足背;足底;下肢各级]动脉走行及分出位置正常，内膜未见增厚[，约mm]，管腔未见狭窄，未见异常彩流信号。+
频谱形态正常，频窗清晰，声音柔和[，流速无增高或减慢，血管阻力无增高]。+
PSVmm/s[，EDVmm/s][，TAVmm/s]，PI，RI。+
[双侧;左;右]脚趾固有动脉[尚][未;可]显示。+
[双侧;左;右]下肢各级静脉通畅。+,[双侧;左;右]下肢[动脉;静脉]未见异常。+,011,0,常见,UIS,001,ZCXZXG,外周血管,NULL,NULL
129,下肢血管损伤,超声,[双侧;左;右][髂总;髂外;股;腘;胫前;胫后;腓;足背;足底;下肢各级]动脉走行及分出位置正常，内膜未见增厚，管腔未见狭窄，未见异常彩流信号。+
频谱形态正常，频窗清晰，声音柔和[，流速无增高或减慢，血管阻力无增高]。+
PSVmm/s[，EDVmm/s][，TAVmm/s]，PI，RI。+
[双侧;左;右][股;腘;胫前;胫后;腓;足背;足底]动脉于[股;胫][骨下段][踝关节]水平[消失;中断;为多支细小动脉替代][，远端又可清晰显示]。+
[双侧;左;右]脚趾固有动脉[尚][未;可]显示。+
[双侧;左;右]下肢各级静脉通畅。+,[双侧;左;右][股;腘;胫前;胫后;腓;足背;足底]动脉于[股;胫][骨下段][踝关节]水平[消失;中断;为多支细小动脉替代][血管损伤]。+
[双侧;左;右]下肢其余动脉及静脉未见异常。+,012,0,常见,UIS,001,XZXGSS,外周血管,NULL,NULL
130,上肢血管损伤,超声,[左;双侧][锁骨下;腋;肱;桡;尺;上肢各级]动脉走行及分出位置正常，内膜未见增厚，管腔未见狭窄，未见异常彩流信号。+
频谱形态正常，频窗清晰，声音柔和[，流速无增高或减慢，血管阻力无增高]。+
PSVmm/s[，EDVmm/s][，TAVmm/s]，PI，RI。+
[左;双侧][锁骨下;腋;肱;桡;尺;上肢各级]动脉于[肱;桡][骨下段][腕;肘][关节]水平[消失;中断;为多支细小动脉替代][，远端又可清晰显示]。+
[双侧;左;右]手指固有动脉[尚][未;可]显示。+
[双侧;左;右]下肢各级静脉通畅。+,[双侧;左;右]][锁骨下;腋;肱;桡;尺;上肢各级]动脉于[肱;桡][骨下段][腕;肘][关节]水平[消失;中断;为多支细小动脉替代][血管损伤]。+
[双侧;左;右]上肢其余动脉及静脉未见异常。+,013,0,常见,UIS,001,SZXGSS,外周血管,NULL,NULL
131,正常上肢血管,超声,[双侧;左;右][锁骨下;腋;肱;桡;尺;上肢各级]动脉走行及分出位置正常，内膜未见增厚[，约mm]，管腔未见狭窄，未见异常彩流信号。+
频谱形态正常，频窗清晰，声音柔和[，流速无增高或减慢，血管阻力无增高]。+
PSVmm/s[，EDVmm/s][，TAVmm/s]，PI，RI。+
[双侧;左;右]手指固有动脉[尚][未;可]显示。+
[双侧;左;右]上肢各级静脉通畅。+,[双侧;左;右]上肢[动脉;静脉]未见异常。+,014,0,常见,UIS,001,ZCSZXG,外周血管,NULL,NULL
132,上肢动脉受压,超声,[左;右;双侧][锁骨下;腋;肱;桡;尺;上肢各级]动脉[至][锁骨下;腋;肱;桡;尺][动脉]管腔[稍;明显]变窄[，宽约mm][，长约mm]，内膜增厚。+
彩色多普勒[未]见[局部管腔;异常]彩流[消失;变细][呈不规则状;呈分束状;呈散在星点状][，可见局部血流加速区]。+
频谱形态[正;失]常[，呈双向;，拱桥状][，波峰][圆钝;高尖;低矮][，峰时][稍;明显][后移][，频带][增宽;变窄][，频窗][充填;清晰][，声频][粗糙;柔和]、[响亮;低沉]。+
PSVmm/s[，EDVmm/s][，TAVmm/s]，PI，RI。+
[双侧;左;右]手指固有动脉[尚][未;可]显示。+
[双侧;左;右]上肢各级静脉通畅。+,[双侧;左;右][锁骨下;腋;肱;桡;尺]动脉管腔[部分;完全]受压。+,015,0,常见,UIS,001,SZDMSY,外周血管,NULL,NULL
133,下肢动脉受压,超声,[左;右;双侧][髂总;髂外;股;腘;胫前;胫后;腓;足背;足底;下肢各级]动脉[至][髂总;髂外;股;腘;胫前;胫后;腓总;足背;足底][动脉]管腔[稍;明显]变窄[，宽约mm][，长约mm]，内膜无增厚。+
彩色多普勒[未]见[局部管腔;异常]彩流[消失;变细][呈不规则状;呈分束状;呈散在星点状][，可见局部血流加速区]。+
频谱形态[正;失]常[，呈双向;，拱桥状][，波峰][圆钝;高尖;低矮][，峰时][稍;明显][后移][，频带][增宽;变窄][，频窗][充填;清晰][，声频][粗糙;柔和]、[响亮;低沉]。+
PSVmm/s[，EDVmm/s][，TAVmm/s]，PI，RI。+
[双侧;左;右]脚趾固有动脉[尚][未;可]显示。+
[双侧;左;右]下肢各级静脉通畅。+,[双侧;左;右][髂;髂外;股;腘;胫前;胫后;腓总;足背;足底;下肢各级]动脉管腔[部分;完全]受压。+,016,0,常见,UIS,001,XZDMSY,外周血管,NULL,NULL
134,下肢动脉硬化,超声,[左;右;双侧][髂总;髂外;股;腘;胫前;胫后;腓;足背;足底;下肢各级]动脉[至][髂总;髂外;股;腘;胫前;胫后;腓总;足背;足底][动脉]内膜见[大小不一;串珠状;多个][个]强回声斑块，[最]厚约mm[至mm]，长约mm[至mm]。+
斑块[部分;未][向管腔隆起，][局部]管腔[无;稍;明显]变窄[，宽约mm][，狭窄了％]。+
上述改变以小动脉明显。+
彩色多普勒[未]见[局部管腔;异常]彩流[消失;变细][呈不规则状;呈分束状;呈散在星点状][，可见局部血流加速区]。+
频谱形态[正;失]常[，呈双向;，拱桥状][，波峰][圆钝;高尖;低矮][，峰时][稍;明显][后移][，频带][增宽;变窄][，频窗][充填;清晰][，声频][粗糙;柔和]、[响亮;低沉]。+
PSVmm/s[，EDVmm/s][，TAVmm/s]，PI，RI。+
[双侧;左;右]脚趾固有动脉[尚][未;可]显示。+
[双侧;左;右]下肢各级静脉通畅。+,[双侧;左;右][髂;髂外;股;腘;胫前;胫后;腓总;足背;足底;下肢各级]动脉所见符合动脉硬化症。+
并血栓形成。+
管腔[轻度;中度;重度;部分;完全][闭塞;狭窄;受压]。+
[结合临床][考虑][符合][血栓性闭塞性脉管炎;动脉硬化][闭塞症]。+,017,0,常见,UIS,001,XZDMYH,外周血管,NULL,NULL
135,血栓性脉管炎,超声,[双侧;左;右]腘动脉开始内膜逐渐不规则增厚，附着不规则低回声，局部管腔变窄，腘动脉段内径减少达约％。+
[双侧;左;右]胫前动脉与足背动脉、胫后动脉内径减少达>％。+
上述闰同变呈向小动脉方向逐渐加重趋势。+
彩色多普勒见局部管腔彩流变细，呈五彩状。+
远端小动脉呈间断状静脉血流或消失。+
[双侧;左;右]腓动脉亦有中度狭窄。+
[双侧;左;右]侧各级静脉通畅。+
[双侧;左;右]下肢各级动脉走行及分出位置正常，内膜未见增厚，管腔未见狭窄，未见异常彩流信号。+
频谱形态正常，频窗清晰，声音柔和，流速无增高或减慢，血管阻力无增高。+
[双侧;左;右]脚趾固有动脉可显示。+
[双侧;左;右]下肢各级静脉通畅。+,[双侧;左;右]腘动脉以下血管内膜增厚并血栓形成，管腔狭窄，部分小动脉闭塞。+
符合血栓性脉管炎。+
[双侧;左;右]下肢动脉、静脉未见异常。+,018,0,常见,UIS,001,XSXMGY,外周血管,NULL,NULL
136,下肢静脉炎,超声,[左;右;双侧][髂总;髂外;股总;股浅;腘;下肢各级]静脉[至][髂总;髂外;股总;股浅;腘][静脉][局部]内膜[无;稍]增厚，毛糙，[管腔内][可见;充满;间断见][处][附壁][低;较强]回声团[，约mm×mm][及;至;总长约][mm×mm]。+
管腔[稍;明显;无]变窄[，宽约mm][，减少达％][，远端管腔][稍;明显;无]增宽。+
彩色多普勒[未]见[局部管腔;异常]彩流[消失;变细][呈不规则状;呈分束状;呈散在星点状][，可见局部血流加速区]，挤压远端肢体[未]见[细小]血流通过[正常;增加][，远端区血流][信号消失;减慢;可探及连续性血流信号]。+
[左;右;双侧]侧各级静脉内膜光滑，未见增宽或狭窄，未见异常彩流信号。+
[双侧;左;右]下肢各级动脉管腔未见增宽或变窄，未见异常彩流信号。+
频谱形态正常，频窗清晰，声音柔和[，流速无增高或减慢，血管阻力无增高]。+
PSVmm/s[，EDVmm/s][，TAVmm/s]，PI，RI。+,[双侧;左;右][髂总;髂外;股总;股浅;腘]静脉[狭窄;改变]，符合[游走性][血栓性]静脉炎[并血栓形成]。+
[完全;部分;大部分][阻;栓]塞。+,019,0,常见,UIS,001,XZJMY,外周血管,NULL,NULL
137,下肢静脉血栓,超声,[左;右;双侧][髂总;髂外;股总;股浅;腘]静脉[至][髂总;髂外;股总;股浅;腘][静脉][未见]增宽[，约mm]，与伴行动脉之比为，管腔内[未;间断][见;充满][低;较强]回声团[，长达mm]。
探头加压管腔[不;稍;明显]变形。
彩色多普勒[未]见[局部管腔;异常]彩流[消失;变细][呈不规则状;呈分束状;呈散在星点状][，可见局部血流加速区]，挤压远端肢体[未]见[细小]血流通过[正常;增加][，远端区血流][信号消失;减慢;可探及连续性血流信号]。
远端血管[稍;明显;无]扩张，血流缓慢。
[左;右;双侧]侧各级静脉通畅。
[左;右;双侧]侧[髂;股;腘]动脉未见增宽或狭窄，未见异常彩流信号。
频谱形态正常，频窗清晰，声音柔和[，流速无增高或减慢，血管阻力无增高]。,[左;右;双][髂总;髂外;股总;股浅;腘]静脉[至][髂总;髂外;股总;股浅;腘][静脉]血栓形成。
[完全;部分;大部分][阻;栓]塞。,020,0,常见,UIS,001,XZJMXS,外周血管,NULL,NULL
138,下肢V回流受阻,超声,[双下肢;左;右][髂总;髂外;股总;股浅;腘]静脉[稍;明显;无]增宽，内膜光滑，不厚，探头加压管腔[明显]变形[，管腔内未见实性低回声]。+
彩色多普勒显示静脉内血流缓慢。+
[左;右;双侧]下肢动脉未见增宽或狭窄，彩流信号未见异常。+
频谱形态正常，频窗清晰，声音柔和[，流速无增高或减慢，血管阻力无增高]。+,双下肢静脉回流[轻度;明显]受阻。+
双下肢动脉未见异常。+,021,0,常见,UIS,001,XZVHLSZ,外周血管,NULL,NULL
139,下肢静脉瓣功能不全,超声,站立位检查下肢静脉：
[左;右;双侧][股总;股浅;腘;大隐;小隐]静脉[无;稍;明显]扩张，探头加压静脉管腔[明显;稍]变形，内膜[光滑;不厚]，管腔内未见实性低回声。
[左;右;双侧][股总;股浅;腘;股-隐]静脉瓣[仅部分;未][显示]清。
[左;右]股-隐静脉瓣至股静脉距离约mm。
[大隐静脉;股总静脉;股浅静脉;腘静脉]：自然内径约mm，[平静呼吸;Valsalval;挤压小腿试验]见股-隐静脉瓣[少量;中量;大量]返流信号[，流速mm/s][，返流持续时间s]。
[左;右]大隐静脉小腿段[无;明显]扩张[呈弯曲状][，内血流回流缓慢]。
[左;右]小隐静脉[无;明显]扩张[呈弯曲状][，内血流回流缓慢]。
[左;右]胫后静脉见较多分支扩张并进入大隐静脉。
[左;右]小腿腓肠肌内静脉[无;稍;明显]扩张。
[左;右;双侧]下肢动脉未见增宽或狭窄，彩流信号未见异常，频谱形态正常，频窗清晰，声音柔和[，流速无增高或减慢，血管阻力无增高]。,[左;右;双侧][股总;股浅;腘;股-隐]静脉瓣功能不全。
返流程度[Ⅰ;Ⅱ;Ⅲ;IV]级。
[左;右;双侧][股总;股浅;腘;股隐]静脉扩张。
[大隐静脉;小隐静脉][轻;中;重]度曲张。
[左;右;双侧]小腿深静脉交通支[无]扩张。
[左;右;双侧][股总;股浅;腘;大隐]静脉瓣未见返流。,022,0,常见,UIS,001,XZJMBGNBQ,外周血管,NULL,NULL
140,下肢V瓣功能环术前,超声,站立位检查下肢静脉
[左;右][大隐;股总;股浅;腘]静脉：自然内径约mm，股-隐静脉瓣至股静脉距离约mm，[Valsalval;挤压小腿]试验见大量返流信号，流速mm/s，返流持续时间s。+加压至静脉瓣对合时内径约mm，加压至[Valsalval;挤压小腿]试验返流消失时内径约mm。+
[左;右]大隐静脉小腿段[无;明显]扩张[呈弯曲状][，内血流回流缓慢]。+
[左;右]小隐静脉[无;明显]扩张[呈弯曲状][，内血流回流缓慢]。+
[左;右]胫后静脉见较多分支扩张并进入大隐静脉。+
[左;右]小腿腓肠肌内静脉[无;稍;明显]扩张。+,[左;右;双侧][股总;股浅;腘;股隐静脉]静脉瓣功能不全。+
返流程度[Ⅰ;Ⅱ;Ⅲ;IV]级。+
[左;右;双侧][股总;股浅;腘;股隐静脉]静脉扩张。+
[左;右;双侧][大隐静脉;小隐静脉][轻;中;重]度曲张。+,023,0,常见,UIS,001,XZVBGNHSQ,外周血管,NULL,NULL
141,肾动脉狭窄,超声,[左;右]肾动脉见局部内膜[稍;明显]增厚[，可见大小不一的强回声斑块][，大小约mm]，管腔[无;稍;明显]狭窄[，长约mm]，内见湍流信号。+
频谱形态[正;失]常[，呈双向;，拱桥状][，波峰][圆钝;高尖;低矮][，峰时][稍;明显][后移][，频带][增宽;变窄][，频窗][充填;清晰][，声频][粗糙;柔和]、[响亮;低沉]。+
PSVmm/s[，EDVmm/s][，TAVmm/s]，PI，RI。+
[左;右;双侧]肾动脉未见明显狭窄，未见异常彩流信号。+
频谱形态[正;失]常[，呈双向;，拱桥状][，波峰][圆钝;高尖;低矮][，峰时][稍;明显][后移][，频带][增宽;变窄][，频窗][充填;清晰][，声频][粗糙;柔和]、[响亮;低沉]。+
PSVmm/s[，EDVmm/s][，TAVmm/s]，PI，RI。+
双侧肾静脉血流通畅。+,[左;右]肾动脉[轻度;明显;稍]狭窄。+
[左;右;双侧]侧肾动脉未见明显异常。+,024,0,常见,UIS,001,SDMXZ,外周血管,NULL,NULL
142,正常肾动脉,超声,双侧肾动脉未见明显狭窄或局限性扩张，内未见异常彩流信号。+
频谱形态正常，频窗清晰，声音柔和[，流速无增高或减慢，血管阻力无增高]。+
PSVmm/s[，EDVmm/s][，TAVmm/s]，PI，RI。+
双侧肾静脉血流通畅。+,[左;右;双侧]侧肾动[、静]脉未见明显异常。+,025,0,常见,UIS,001,ZCSDM,外周血管,NULL,NULL
143,糖尿病血管,超声,[左;右;双]侧股动脉[内径mm]，PSVmm/s[，EDVmm/s][，TAVmm/s]，PI，RI。+
[左;右;双]腘动脉[内径mm]，PSVmm/s[，EDVmm/s][，TAVmm/s]，PI，RI。+
[左;右;双]胫前动脉[内径mm]，PSVmm/s[，EDVmm/s][，TAVmm/s]，PI，RI。+
[左;右;双]胫后动脉[内径mm]，PSVmm/s[，EDVmm/s][，TAVmm/s]，PI，RI。+
[左;右;双]腓动脉[内径mm]，PSVmm/s[，EDVmm/s][，TAVmm/s]，PI，RI。+
[左;右;双]足背动脉[内径mm]，PSVmm/s[，EDVmm/s][，TAVmm/s]，PI，RI。+
[左;右;双]足底动脉[内径mm]，PSVmm/s[，EDVmm/s][，TAVmm/s]，PI，RI。+
[左;右;双侧][股动脉;腘动脉]等较大动脉内膜[可;偶;到处可;未]见[较;大小不一;串珠状][大;小]斑[点;块]状强回声[，约mm×mm][至mm×mm]，[未][向管腔内突出，][局部]管腔[稍;明显;无]变窄，[局部]彩流[稍;明显;正常][变细;加速;减慢]。+
[左;右;双侧][胫前;胫后;腓;足背;足底]等较小动脉内膜见[大小不一;串珠状]强回声斑块[，约mm×mm][至mm×mm]，[未][向管腔内突出，][局部]管腔[稍;明显;无]变窄，[局部]彩流[稍;明显;正常][变细;加速;减慢]。+
[左;右;双侧][股;腘]动脉[至][腘;胫前;胫后;腓;足背;足底][动脉][局部]管腔[附壁][见;充满;间断见][处][低;较强]回声团[，约mm×mm][及;至;总长约][mm×mm]。+
管腔[稍;明显;无;部分;大部分;完全][变窄;闭塞]，[局部]彩流[正常;呈不规则状][稍;明显][变细][减慢;加速;消失]。+
[左;右;双侧]侧[下肢各级;股;腘;胫前;胫后;足背;足底]动脉内膜未见斑点状强回声，管腔未见变窄，彩流充盈好，流速正常，弹性尚好。+
动脉内膜弹性[稍;明显]下降。+
[双侧;左;右]脚趾固有动脉[尚][未;可]显示。+
上述改变以小动脉明显。+
上述改变以[左;右]侧明显。+
[双侧;左;右]下肢各级静脉通畅。+,[双侧;左;右]侧[股;腘;胫前;胫后;腓总;足背;足底;下肢各级][等较小]动脉内膜所见[符合动脉硬化症][并][血栓形成][管腔][部分;完全][闭塞;狭窄]。+
[双侧;左;右]侧[股;腘;胫前;胫后;腓总;足背;足底;下肢各级][等较小]动脉[壁改变][并][血栓形成][管腔][部分;完全][闭塞;狭窄]。+
[结合临床][考虑][符合][血栓性闭塞性脉管炎;动脉硬化][闭塞症]。+
[结合临床][考虑][符合]糖尿病性血管[早;中;晚]期改变。+
[双侧;左;右]下肢各级动脉未见明显硬化表现。+,026,0,常见,UIS,001,TNBXG,外周血管,NULL,NULL
144,下肢血管测值,超声,[左;右][股;腘;胫前;胫后;腓;足背;足底]动脉内径约mm，PSVmm/s[，EDVmm/s][，TAVmm/s]，PI，RI。+
[左;右][髂总;髂内;髂外;股总;股浅;股;大隐静脉;腘;胫后;]脉内径约mm，,建议血管造影。+,027,0,常见,UIS,001,XZXGCZ,外周血管,NULL,NULL
145,正常胃肠,超声,胃超声对比造影检查：
空腹下胃腔[未]见[少许]潴留液，形态正常。
贲门壁不厚，液体通过畅顺。
胃壁[不厚;增厚]，层次清，胃粘膜[毛糙;连续性好]。胃壁[蠕动好;蠕动慢;蠕动僵硬]。
幽门开放自然，通畅，[未见返流;可见造影剂自十二指肠反流至胃窦部]。
十二指肠球部形态正常，粘膜连续性好。
,符合慢性胃炎超声改变；
胃十二指肠未见明显占位性病变
十二指肠胃反流声像。,001,0,常见,UIS,001,ZCWC,胃肠,NULL,NULL
146,残胃,超声,胃超声对比造影检查：
空腹下残胃腔内[未]见[少许;大量]潴留液[稍;明显][增加]，形态失常。+
残胃为[胃底;胃体;胃窦]，[贲门;球部]显示清。+
[食道][胃][空肠;十二指肠]吻合口[环形狭窄;通畅;返流]，局部[管;胃;肠]壁[不;增]厚[，约mm，范围约mm][。+液体流过受阻，呈小溪样，上端见液体通过受阻性扩张]。+
残胃胃壁[无;弥漫性][不规则]增厚[，约mm][，以粘膜层明显][，范围约mm]，层次[不]清[，粘膜][连续性好;毛糙][，凹凸不平，蠕动僵硬状]。+
残胃胃[底;体;窦][大;小]弯侧壁局限性[隆起性]增厚[，最厚处mm，范围约mm][，中央见火山口样凹陷区，宽mm，深mm]。+
增厚区边界[不]清，[不]规整[，分叶状;，伪足状]，[未达;达;超越]浆膜层，内回声[不]均匀，呈低回声。+
病灶周边[未]见[半;少许][环状;星点状][动;静][脉]彩流[，PSVmm/s，PI，RI]。+内部[未]见[较][丰富;稀少;少许][短杆状;星点状;树枝状][动;静][脉]彩流[，PSVmm/s，PI，RI][，并探及动静脉瘘血流信号]。+
病变处[胃壁;胃腔变窄，]蠕动僵硬状[，液体流过呈小溪样，上端见液体通过受阻性扩张]。+
[其余胃壁;贲门;幽门]壁未见明显增厚。+
幽门壁[无;稍]增厚，开放[自然;口][稍;明显][狭窄][、通畅]，[未]见[少许;明显]返流。+
十二指肠球部[形态正常;变形;显示不清]。+
肿块与[肝脏;胰腺]分界不清。+
[胃左;腹腔;腹主]动脉旁[见个][见多个][未见]增大淋巴结[，约mm×mm][至mm×mm][，部分相互融合]。+
淋巴结形态[正;失]常，呈[小肾;奇异]状，L/S＝，淋巴结门显示[不]清，血供[增多;正常;稀少][，紊乱][，呈][圣诞树;短杆;星点]状[，动脉PSVmm/s，PI，RI]。+,胃[底;贲门;体;窦][Ca;大部分]切除术后。+
残胃壁未见增厚性病变。+
残胃改变[结合临床][考虑][符合][吻合口狭窄;倾倒综合征;残胃][胃Ca;胃炎;未见明显异常][复发][可能性大]。+
[癌肿;病变]浸润[未达;达;超越][浆膜层][达][左肝;胰腺]。+
[胃左;腹腔;腹主]动脉旁淋巴结肿大。+
十二指肠球部[改变;变形]结合临床考虑[溃疡;炎性病变][可能]。+
建议[超声导向穿刺活检;胃镜检查;GI检查]。+,002,0,常见,UIS,001,CW,胃肠,NULL,NULL
147,胃炎胃下垂,超声,胃超声对比造影检查：
空腹下胃腔[未]见[少许;大量]潴留液[稍;明显][增加]，形态[正;失]常[，胃小弯在脐水平以下mm]。+
贲门壁不厚，液体通过畅顺。+
胃[底;体;窦]壁[不;弥漫性均匀增;稍]厚[，约mm]，层次[不;欠]清，胃[底;体;窦][部]粘膜[不;稍;增]厚[，约mm]，[毛糙;连续性好;断续状][，尤以胃][底;体;窦][部明显]。+
胃[底;体;窦][部][小弯侧;大弯侧;前壁;后壁][局限性增厚，约mm×mm×mm]，表面见[粘膜连续中断;凹陷区][，宽mm，深mm][，深达浆膜层;，超越浆膜层][，基底较开口][宽;窄][，边缘增厚隆起，约mm][，与周围组织粘连成团]。+
[局部]胃壁蠕动[稍;尚;明显][加强;减弱;僵硬;好]。+
幽门壁[无;稍]增厚，[未见]开放[自然;口][稍;明显][狭窄][、通畅][，][未]见[少许;明显][返流]。+
十二指肠球部[形态正常;变形;显示不清;未见充盈][，见激惹征][，液体流过加速]，粘膜[不整;毛糙]。+
[前;后][上;下][左;右][侧壁见凹陷区mm]，表面覆以强回声，边缘[无;稍;明显]增厚[，约mm]。+,胃[底;体;窦][壁;粘膜][凹陷性][所见;改变]结合临床考虑[胃][底;体;窦][急性;慢性][出血性;浅表性;萎缩性;肥厚性;返流性][胃炎;胃扩张][并][溃疡;炎性病变][病][可能][，未排恶变]。+
胃壁未见增厚性病变。+
十二指肠球部[改变;变形;所见]结合临床考虑[浅表][溃疡;炎性病变][病][可能]。+
幽门[不;稍][完全性]梗阻，胃潴留[，符合先天性幽门][狭窄;闭锁]。+
胃下垂。+
胃动力弱。+,003,0,常见,UIS,001,WYWXC,胃肠,NULL,NULL
148,溃疡病,超声,胃超声对比造影检查：
空腹下胃腔[未]见[少许;大量]潴留液[稍;明显][增加]，形态[正;失]常[，胃小弯在脐水平以下mm]。+
贲门壁不厚，液体通过畅顺。+
胃[底;体;窦]壁[不;弥漫性均匀增;稍]厚[，约mm]，层次[不;欠]清，胃[底;体;窦][部]粘膜[不;稍;增]厚[，约mm]，[毛糙;连续性好;断续状][，尤以胃][底;体;窦][部明显]。+
胃[底;体;窦][部][小弯侧;大弯侧;前壁;后壁][局限性增厚，约mm×mm×mm]，表面见[粘膜连续中断;凹陷区][，宽mm，深mm][，深达浆膜层;，超越浆膜层][，基底较开口][宽;窄][，边缘增厚隆起，约mm][，与周围组织粘连成团]。+
[局部]胃壁蠕动[稍;尚;明显][加强;减弱;僵硬;好]。+
幽门壁[无;稍]增厚，[未见]开放[自然;口][稍;明显][狭窄][、通畅][，][未]见[少许;明显][返流]。+
十二指肠球部[形态正常;变形;显示不清;未见充盈][，见激惹征][，液体流过加速]，粘膜[不整;毛糙]。+
[前;后][上;下][左;右][侧壁见凹陷区mm]，表面覆以强回声，边缘[无;稍;明显]增厚[，约mm]。+,胃[底;体;窦][壁;粘膜][凹陷性][所见;改变]结合临床考虑[胃][底;体;窦][急性;慢性][出血性;浅表性;萎缩性;肥厚性;返流性][胃炎;胃扩张][并][溃疡;炎性病变][病][可能][，未排恶变]。+
胃壁未见增厚性病变。+
十二指肠球部[改变;变形;所见]结合临床考虑[浅表][溃疡;炎性病变][病][可能]。+
幽门[不;稍][完全性]梗阻，胃潴留[，符合先天性幽门][狭窄;闭锁]。+
胃下垂。+
胃动力弱。+,004,0,常见,UIS,001,KYB,胃肠,NULL,NULL
149,球炎,超声,胃超声对比造影检查：
空腹下胃腔[未]见[少许;大量]潴留液[稍;明显][增加]，形态[正;失]常[，胃小弯在脐水平以下mm]。+
贲门壁不厚，液体通过畅顺。+
胃[底;体;窦]壁[不;弥漫性均匀增;稍]厚[，约mm]，层次[不;欠]清，胃[底;体;窦][部]粘膜[不;稍;增]厚[，约mm]，[毛糙;连续性好;断续状][，尤以胃][底;体;窦][部明显]。+
胃[底;体;窦][部][小弯侧;大弯侧;前壁;后壁][局限性增厚，约mm×mm×mm]，表面见[粘膜连续中断;凹陷区][，宽mm，深mm][，深达浆膜层;，超越浆膜层][，基底较开口][宽;窄][，边缘增厚隆起，约mm][，与周围组织粘连成团]。+
[局部]胃壁蠕动[稍;尚;明显][加强;减弱;僵硬;好]。+
幽门壁[无;稍]增厚，[未见]开放[自然;口][稍;明显][狭窄][、通畅][，][未]见[少许;明显][返流]。+
十二指肠球部[形态正常;变形;显示不清;未见充盈][，见激惹征][，液体流过加速]，粘膜[不整;毛糙]。+
[前;后][上;下][左;右][侧壁见凹陷区mm]，表面覆以强回声，边缘[无;稍;明显]增厚[，约mm]。+,胃[底;体;窦][壁;粘膜][凹陷性][所见;改变]结合临床考虑[胃][底;体;窦][急性;慢性][出血性;浅表性;萎缩性;肥厚性;返流性][胃炎;胃扩张][并][溃疡;炎性病变][病][可能][，未排恶变]。+
胃壁未见增厚性病变。+
十二指肠球部[改变;变形;所见]结合临床考虑[浅表][溃疡;炎性病变][病][可能]。+
幽门[不;稍][完全性]梗阻，胃潴留[，符合先天性幽门][狭窄;闭锁]。+
胃下垂。+
胃动力弱。+,005,0,常见,UIS,001,QY,胃肠,NULL,NULL
150,急性胃扩张,超声,胃超声对比造影检查：
空腹下胃腔见大量潴留液，形态[正;失]常[，胃小弯在脐水平以下mm]。+
贲门壁不厚，液体通过畅顺。+
胃[底;体;窦]壁[不;弥漫性均匀增;稍]厚[，约mm]，层次[不;欠]清，胃[底;体;窦][部]粘膜[不;稍;增]厚[，约mm]，[毛糙;连续性好;断续状][，尤以胃][底;体;窦][部明显]。+
胃[底;体;窦][部][小弯侧;大弯侧;前壁;后壁][局限性增厚，约mm×mm×mm]，表面见[粘膜连续中断;凹陷区][，宽mm，深mm][，深达浆膜层;，超越浆膜层][，基底较开口][宽;窄][，边缘增厚隆起，约mm][，与周围组织粘连成团]。+
[局部]胃壁蠕动[稍;尚;明显][加强;减弱;僵硬;好]。+
幽门壁[无;稍]增厚，[未见]开放[自然;口][稍;明显][狭窄][、通畅][，][未]见[少许;明显][返流]。+
十二指肠球部[形态正常;变形;显示不清;未见充盈][，见激惹征][，液体流过加速]，粘膜[不整;毛糙]。+
[前;后][上;下][左;右][侧壁见凹陷区mm]，表面覆以强回声，边缘[无;稍;明显]增厚[，约mm]。+,胃潴留。+
胃壁未见增厚性病变。+
结合临床考虑急性胃扩张[可能]。+,006,0,常见,UIS,001,JXWKZ,胃肠,NULL,NULL
151,幽门梗阻,超声,胃超声对比造影检查：
空腹下胃腔见[少许;大量]潴留液[稍;明显][增加]，形态[正;失]常[，胃小弯在脐水平以下mm]。+
贲门壁不厚，液体通过畅顺。+
胃[底;体;窦]壁[不;弥漫性均匀增;稍]厚[，约mm]，层次[不;欠]清，胃[底;体;窦][部]粘膜[不;稍;增]厚[，约mm]，[毛糙;连续性好;断续状][，尤以胃][底;体;窦][部明显]。+
胃[底;体;窦][部][小弯侧;大弯侧;前壁;后壁][局限性增厚，约mm×mm×mm]，表面见[粘膜连续中断;凹陷区][，宽mm，深mm][，深达浆膜层;，超越浆膜层][，基底较开口][宽;窄][，边缘增厚隆起，约mm][，与周围组织粘连成团]。+
[局部]胃壁蠕动[稍;尚;明显][加强;减弱;僵硬;好]。+
幽门壁[无;稍]增厚，[未见]开放[自然;口][稍;明显][狭窄][、通畅][，][未]见[少许;明显][返流]。+
十二指肠球部[形态正常;变形;显示不清;未见充盈][，见激惹征][，液体流过加速]，粘膜[不整;毛糙]。+
[前;后][上;下][左;右][侧壁见凹陷区mm]，表面覆以强回声，边缘[无;稍;明显]增厚[，约mm]。+,胃潴留。+
幽门[不;稍][完全性]梗阻。+
[结合临床考虑;未除外][十二指肠球部溃疡;先天性幽门][狭窄;闭锁][可能]。+
[结合临床考虑;未除外]十二指肠上动脉压迫综合征[可能]。+
胃壁未见增厚性病变。+
胃下垂。+,007,0,常见,UIS,001,YMGZ,胃肠,NULL,NULL
152,胃癌,超声,胃超声对比造影检查：
空腹下胃腔内[未]见[少许;大量]潴留液[稍;明显][增加]，形态[正;失]常[，胃下界在脐水平以下mm]。+
胃[底;体;窦][小弯侧;大弯侧;前;后]壁[及部贲门壁]局限性[隆起性]增厚[，最厚处mm，范围约mm][，中央见火山口样凹陷区，宽mm，深mm][，基底较开口][宽;窄]。+
增厚区边界[不]清，[不]规整，[未达;达;超越]浆膜层，内回声[不]均匀，呈低回声。+
胃[底;体;窦]壁弥漫性[不规则]增厚[，以粘膜层明显]，层次不清，表面毛糙，凹凸不平，蠕动僵硬状。+
病灶周边[未]见[半;少许][环状;星点状][动;静][脉]彩流[，PSVmm/s，PI，RI]。+内部[未]见[较][丰富;稀少;少许][短杆状;星点状;树枝状][动;静][脉]彩流[，PSVmm/s，PI，RI][，并探及动静脉瘘血流信号]。+
病变处[胃壁;胃腔变窄，]蠕动僵硬状[，][贲门][液体流过呈小溪样，上端见液体通过受阻性扩张]。+
肿块与[肝脏;胰腺]分界不清。+
[其余胃;贲门;幽门]壁未见明显增厚。+
幽门壁[无;稍]增厚，[未见]开放[自然;口][稍;明显][狭窄][、通畅][，][未]见[少许;明显][返流]。+
十二指肠球部[形态正常;变形;显示不清;未见充盈][，见激惹征][，液体流过加速]，粘膜[不整;毛糙]。+
[肝门区;胃左;腹腔;腹主]动脉旁[未]见[个]增大淋巴结[，约mm×mm][至mm×mm][，部分相互融合][，与胰腺分界不清]。+
淋巴结形态[正;失]常，呈[小肾;奇异]状，L/S＝，淋巴结门显示[不]清，血供[增多;正常;稀少][，紊乱][，呈][圣诞树;短杆;星点]状[，动脉PSVmm/s][，PI][，RI]。+,胃[底;体;窦][贲门]壁[局限;广泛][占位;隆起;增厚]性病变[并][贲门][梗阻;溃疡][，胃潴留]。+
[结合临床][考虑][符合][弥漫型]胃[底;体;窦]Ca[可能性大][（皮革胃）]。+
未除外胃[Ca;平滑肉瘤;淋巴瘤;炎]。+
[癌肿;病变]浸润[未达;达;超越][浆膜层][浸润][左肝;胰腺]。+
[胃左;腹腔;腹主]动脉旁淋巴结肿大。+
建议[超声导向穿刺活检;胃镜检查;GI检查]。+
胃下垂。+,008,0,常见,UIS,001,WA,胃肠,NULL,NULL
153,胃肠穿孔,超声,[肝表面;腹正中腹膜下]见[大量;中量;少量]气体强回声，后伴多次反射并随体位改变及移动。+
[左;右]肝下方、[球部;胃窦]旁见一不规则状[液][实]性团块回声，边界[不]清，约mm×mm×mm[，上面见气体强回声]。+
腹腔内见[少;中;大量]腹水暗区。+
腹腔肠管广泛扩张[积气;积液]，蠕动[正常;加强;减弱]。+,腹腔内见游离气体。+
腹水、腹膜炎。+
[右上腹][液][实][性包块]结合临床考虑[未除外][胃;肠;十二指肠球部]穿孔[（局部包裹）][可能]。+,009,0,常见,UIS,001,WCCK,胃肠,NULL,NULL
154,胃腔异物,超声,胃超声对比造影检查：
空腹下胃腔内[未]见[少许;大量]潴留液[稍;明显][增加]，形态[正;失]常[，胃下界在脐水平以下mm]。+
胃贲门[通畅;见返流]。+胃壁不厚，层次清，胃蠕动[增强;减弱]。+
胃腔内见个[类圆;长条]形强回声团，约mm×mm×mm。+
胃腔内见[蠕动性]双线状强回声。+
幽门壁[无;稍]增厚，[未见]开放[自然;口][稍;明显][狭窄][、通畅][，][未]见[少许;明显][返流]。+
十二指肠球部[形态正常;变形;显示不清;未见充盈][，见激惹征][，液体流过加速]，粘膜[不整;毛糙]。+,胃腔内异常回声考虑胃[结石;蛔虫]。+
胃下垂。+
胃壁未见增厚性病变。+,010,0,常见,UIS,001,WQYW,胃肠,NULL,NULL
155,正常食道,超声,食道[上;下]段壁未见局限性增厚，粘膜[不;稍]厚，回声[稍;偏][低]。+
液体流过畅顺，蠕动[正常;稍强;稍弱]。+
[左;右]颈动脉旁[未]见[个]增大淋巴结[，约mm×mm][至mm×mm][，部分相互融合]。+,食道[上;下]段未见明显异常。+
建议[超声导向穿刺活检;胃镜检查;GI检查;治疗后复查]。+,011,0,常见,UIS,001,ZCSD,胃肠,NULL,NULL
156,食道上段炎,超声,食道[上;下]段壁未见局限性增厚，粘膜[不;稍]厚，回声[稍;偏][低]。+
液体流过畅顺，蠕动[正常;稍强;稍弱]。+
[左;右]颈动脉旁[未]见[个]增大淋巴结[，约mm×mm][至mm×mm][，部分相互融合]。+,食道[上;下]段[壁;粘膜]改变，[结合临床][考虑][符合]食道[上;下]段炎。+
建议[超声导向穿刺活检;胃镜检查;GI检查;治疗后复查]。+,012,0,常见,UIS,001,SDSDY,胃肠,NULL,NULL
157,食道上段癌,超声,[食道上段;食道下段;贲门][胃底;部分胃体][小弯侧;大弯侧]壁局限性[隆起性]增厚[，最厚处mm][，范围约mm][，中央见火山口样凹陷区][，宽mm][，深mm][，基底较开口][宽;窄]。+
增厚区边界[不]清，[不]规整，[未达;达;超越]浆膜层，内呈[不]均匀低回声。+
局部[狭窄，液体流过呈小溪样，上端见液体通过受阻性扩张，]蠕动僵硬。+
肿块与[肝脏;胰腺]分界不清。+
病灶周边[未]见[半;少许][环状;星点状][动;静][脉]彩流[，PSVmm/s，PI，RI]。+内部[未]见[较][丰富;稀少;少许][短杆状;星点状;树枝状][动;静][脉]彩流[，PSVmm/s，PI，RI][，并探及动静脉瘘血流信号]。+
胃[底;体;窦][小弯侧;大弯侧;前;后]壁[弥漫性;广泛][不规则;均匀][不;增]厚[，约mm]，层次[不]清，胃粘膜[毛糙;连续性好;高低不平]，蠕动性[尚好;减弱;僵硬]。+
幽门壁[无;稍]增厚，[未见]开放[自然;口][稍;明显][狭窄][、通畅][，][未]见[少许;明显][返流]。+
十二指肠球部[形态正常;变形;显示不清;未见充盈][，见激惹征][，液体流过加速]，粘膜[不整;毛糙]。+
[颈;胃左;腹腔;腹主]动脉旁[见个][见多个][未见]增大淋巴结[，约mm×mm][至mm×mm][，部分相互融合]。+
淋巴结形态[正;失]常，呈[小肾;奇异]状[，L/S＝]，淋巴结门显示[不]清，血供[增多;正常;稀少][，紊乱][，呈][圣诞树;短杆;星点]状[，动脉PSVmm/s][，PI][，RI]。+
[食道上段;食道下段;贲门]壁粘膜[稍;明显]增厚[，最厚处mm]，回声[增强;减弱]，蠕动加强。+,[食道上段;食道下段;贲门][胃底;部分胃体]壁[增厚;占位][性病;改]变，[结合临床][考虑][符合][食道上段;食道下段;胃底;贲门][Ca;平滑肉瘤;淋巴瘤;炎][可能性大]。+
未除外[食道上段;食道下段;胃底;贲门][Ca;平滑肉瘤;淋巴瘤;炎]。+
[癌肿;病变]浸润[未达;达;超越][浆膜层][达][左肝;胰腺]。+
胃壁未见增厚性病变。+
[胃左;腹腔;腹主]动脉旁淋巴结肿大。+
建议[超声导向穿刺活检;胃镜检查;GI检查]。+,013,0,常见,UIS,001,SDSDA,胃肠,NULL,NULL
158,贲门癌,超声,胃超声对比造影检查：
[食道上段;食道下段;贲门][胃底;部分胃体][小弯侧;大弯侧]壁局限性[隆起性]增厚[，最厚处mm][，范围约mm][，中央见火山口样凹陷区][，宽mm][，深mm][，基底较开口][宽;窄]。+
增厚区边界[不]清，[不]规整，[未达;达;超越]浆膜层，内呈[不]均匀低回声。+
局部[狭窄，液体流过呈小溪样，上端见液体通过受阻性扩张，]蠕动僵硬。+
胃[底;体;窦][小弯侧;大弯侧;前;后]壁[弥漫性;广泛][不规则;均匀][不;增]厚[，约mm]，层次[不]清，胃粘膜[毛糙;连续性好;高低不平]，蠕动性[尚好;减弱;僵硬]。+
幽门壁[无;稍]增厚，[未见]开放[自然;口][稍;明显][狭窄][、通畅][，][未]见[少许;明显][返流]。+
十二指肠球部[形态正常;变形;显示不清;未见充盈][，见激惹征][，液体流过加速]，粘膜[不整;毛糙]。+
病灶与[左肝;胰腺]分界不清。+
病灶周边[未]见[半;少许][环状;星点状][动;静][脉]彩流[，PSVmm/s，PI，RI]。+内部[未]见[较][丰富;稀少;少许][短杆状;星点状;树枝状][动;静][脉]彩流[，PSVmm/s，PI，RI][，并探及动静脉瘘血流信号]。+
[颈;胃左;腹腔;腹主]动脉旁[见个][见多个][未见]增大淋巴结[，约mm×mm][至mm×mm][，部分相互融合]。+
淋巴结形态[正;失]常，呈[小肾;奇异]状[，L/S＝]，淋巴结门显示[不]清，血供[增多;正常;稀少][，紊乱][，呈][圣诞树;短杆;星点]状[，动脉PSVmm/s][，PI][，RI]。+
[食道上段;食道下段;贲门]壁粘膜[稍;明显]增厚[，最厚处mm]，回声[增强;减弱]，蠕动加强。+,[食道上段;食道下段;贲门][胃底;部分胃体]壁[增厚;占位][性病;改]变，[结合临床][考虑][符合][食道上段;食道下段;胃底;贲门][Ca;平滑肉瘤;淋巴瘤;炎][可能性大]。+
未除外[食道上段;食道下段;胃底;贲门][Ca;平滑肉瘤;淋巴瘤;炎]。+
[癌肿;病变]浸润[未达;达;超越][浆膜层][达][左肝;胰腺]。+
胃壁未见增厚性病变。+
[胃左;腹腔;腹主]动脉旁淋巴结肿大。+
建议[超声导向穿刺活检;胃镜检查;GI检查]。+,014,0,常见,UIS,001,BMA,胃肠,NULL,NULL
159,贲门痉挛,超声,食道[上;中;下]段[稍;明显][局限;全程][梭状]扩张[，最宽处mm，长约mm]，壁[未见;稍][增厚;变簿]，粘膜[不;稍]厚[，毛糙]，回声[稍;偏][低]。+
扩张之食道充满液体及食物，蠕动[正常;稍强;稍弱]。+
贲门[偶见][始终;间断][未见;短暂]开放[，流线细小]。+
[左;右]颈动脉旁未见增大淋巴结。+,贲门痉挛。+
食道[上;中;下]段扩张[并炎症]。+
建议[超声导向穿刺活检;胃镜检查;GI检查;治疗后复查]。+,015,0,常见,UIS,001,BMJL,胃肠,NULL,NULL
160,肠梗阻,超声,[左;右][上;中;下;全]腹小肠管[稍;中度;明显]扩张，[积气;积液]，蠕动[加强;减弱;正常]。+
腹腔内未见明显包块。+,[左;右][上;中;下;全]腹小肠管[稍;中度;明显]扩张。+
符合[完全性;不完全性;麻痹性]肠梗阻。+
考虑肠管[功能失调;炎性病变]可能。+
[未排]肠[扭转;粘连]。+,016,0,常见,UIS,001,CGZ,胃肠,NULL,NULL
161,肠套叠,超声,[左;右][上;中;下]腹[（回盲部）]见管状包块，约mm×mm×mm，纵切呈多层状，横切呈同心圆状，管腔[见不规则带状气体强回声;消失][，远;，近][端呈喇叭口样]。+
[左腹;右腹;全腹;近端]肠管[稍;中度;明显]扩张，[积气;积液]，蠕动[正常;加强;减弱]。+
超声监视下水压灌肠，随着见管状包块远端小肠充液扩张，管状包块逐渐缩短消失。+,[左;右][上;中;下]腹[（回盲部）][可疑]包块并[完全性;不完全性;麻痹性]肠梗阻。+
[结合临床][考虑][符合]肠套叠[可能性大]。+
水压灌肠术后肠套叠复位。+,017,0,常见,UIS,001,CTD,胃肠,NULL,NULL
162,肠管胀气,超声,[左;右;全][上;中;下]腹肠管壁未见增厚，管腔[广泛;局限][无;稍;轻度;明显]扩张，[积气;积液]，蠕动[加强;减弱;尚好]。+
腹腔未见[明显;同心圆]包块回声。+,[左;右;全][上;中;下]腹肠管[轻度;明显][扩张][积气;胀气][改变]。+
[结合临床][考虑][符合]：
[完全性;不完全性;麻痹性]肠梗阻。+
先天性[巨结肠;小肠;结肠][狭窄;闭锁]？
[高位;低位]肛门闭锁。+
[全腹;局部]肠管[功能失调;炎性病变]可能。+
腹腔未见包块。+
腹腔未见肠套叠征象。+,018,0,常见,UIS,001,CGZQ,胃肠,NULL,NULL
163,小肠结石,超声,[左;右][上;中;下]腹肠管腔内见[个]类圆形强回声团，约mm×mm×mm，后伴声影。+
近端肠管[轻;中;重]度扩张，[积气;积液]，蠕动[加强;正常]。+,小肠结石。+
[不]完全性肠梗阻。+,019,0,常见,UIS,001,XCJS,胃肠,NULL,NULL
164,正常阑尾,超声,右下腹阑尾区未见实性或液性包块回声。+,右下腹阑尾区未见明显异常。+
右下腹阑尾区未见包块。+,020,0,常见,UIS,001,ZCLW,胃肠,NULL,NULL
165,阑尾炎,超声,右下腹阑尾区见短杆样管状结构，长约mm，宽约mm。+
管壁[较]厚[，双层状][，模糊不整]。+
管腔内呈[浮点状低;不均质低;点片状低;串珠状强回声;无]回声[，于][起始;中;尾][部见团状强回声，约mm×mm，伴声][影;尾]。+
周边[不]清[，有宽窄不均的][暗;强回声][环包绕][，最宽处mm]。+
右下腹见[不规则混合性;液实性]低回声包块，约mm×mm×mm，境界[不]清，内可见[不规则液性暗区;蜡肠样回声][，长约mm，宽约mm][，约mm×mm×mm]。+
包块周边见不规则液性暗区，约mm×mm×mm。+
包块周边[未见]彩流信号[丰富;稀少][，呈环状]，内部[未][见]彩流[较][丰富;稀少][，呈][粗大;细小][短杆状;星点状;静脉;动静脉瘘][彩流][信号][，动脉PSVmm/s，PI，RI]。+
局部探头[压痛;反跳痛]明显。+
[左;右;右下;全]腹肠管[稍;中度;明显]扩张[，积气][，积液]，蠕动[正常;加强;减弱]。+
右下腹未见明显包块回声。+
腹腔内[未]见[少;中;大]量液性暗区。+,右下腹[包块;异常回声;肠管][结构;改变][结合临床][考虑][符合][急性;慢性;坏疽性;阑尾脓肿][阑尾炎;炎性包块][急性发作;伴粪石;脓肿形成;穿孔并局限性腹膜炎][可能][性大]。+,021,0,常见,UIS,001,LWY,胃肠,NULL,NULL
166,十二指肠梗阻,超声,胃超声对比造影检查：
空腹下胃腔[未]见[少许;大量]潴留液[稍;明显][增加]，形态[正;失]常[，胃下界在脐水平以下mm]。+
贲门壁不厚，液体通过畅顺。+胃壁[不;弥漫性均匀增]厚，层次[不]清，胃粘膜[毛糙;连续性好]。+胃壁蠕动[稍;尚好;明显][加强;减弱]。+
幽门壁[无;稍]增厚，[幽门管呈较长时间]开放[自然;口;状态][稍;明显][增宽][，胃液在其间来回流动][，未见明显返流]。+
十二指肠[球部;降部;横部][形态正常;变形;明显扩张][，最宽达mm][，蠕动加强]。+
上腹十二指肠部位见[个][类圆形;圆形]低回声肿块，约mm×mm×mm。+
肿块边界[不]清，[不]规整，内回声[不]均匀。+
肿块[旁;中央]见肠腔气体强回声。+
肿块周边[未]见[半;少许][环状;星点状][动;静][脉]彩流[，PSVmm/s，PI，RI]。+内部[未]见[较][丰富;稀少;少许][短杆状;星点状;树枝状][动;静][脉]彩流[，PSVmm/s，PI，RI][，并探及动静脉瘘血流信号]。+
肠系膜上动脉与腹主动脉夹角变窄[，<[10]度]，十二指肠横部未能随十二指蠕动扩张，液体通过[稍;明显]受限。+
[胃左;腹腔;腹主]动脉旁[见个][见多个][未见]增大淋巴结[，约mm×mm][至mm×mm][，部分相互融合]。+
淋巴结形态[正;失]常，呈[小肾;奇异]状[，L/S＝]，淋巴结门显示[不]清，血供[增多;正常;稀少][，紊乱][，呈][圣诞树;短杆;星点]状[，动脉PSVmm/s，PI，RI]。+,胃[十二指肠][轻度;中度;重度]潴留。+
上腹部[腹膜后]实性占位性病变（性质待定）。+
[结合临床][考虑][符合]十二指肠[平滑肌瘤;肿瘤][可能性大]。+
未除外十二指肠[平滑肌瘤;肿瘤][可能]。+
肠系膜上动脉与腹主动脉夹角变窄，[结合临床][考虑][符合]肠系膜上动脉压迫综合征[可能]。+
[胃左;腹腔;腹主]动脉旁淋巴结肿大。+
建议[超声导向穿刺活检;胃肠钡餐检查]。+,022,0,常见,UIS,001,SEZCGZ,胃肠,NULL,NULL
167,肠系膜肿瘤,超声,[左;右][上;中;下]腹见[个][圆形;类圆形][液][囊][实]性[低;无]回声肿块，约mm×mm×mm。+
肿块[包膜;边界][不]清，[不]规整[，壁][厚;薄][，不规则状][，附壁见][乳头状;不规则状][较][低;强;等][回声团，约mm ×mm][，暗区][透声好;内见][稀疏;密集;少许][网状;条带状;浮点状][弱回声][，后方回声][增强;衰减]。+
肿块[周边;实质][大][部分][为][液][实][性][不][均匀][混合性][较][强;低;中等][回声][，内;，中央][见蜂窝状;点状;团状;不规则][低;强;无][回声][区][，暗区][透声好;内见][稀疏;密集;少许][网状;条带状;浮点状][弱回声]。+
肿块周边[未]见[半;少许][环状;星点状][动;静][脉]彩流[，PSVmm/s，PI，RI]。+内部[未]见[较][丰富;稀少;少许][短杆状;星点状;树枝状][动;静][脉]彩流[，PSVmm/s，PI，RI]。+
肿块活动性[好;差]。+
肿块[旁;中央]见肠腔气体强回声。+
肠管近端扩张，[积气;积液]，蠕动加强。+
[胃左;腹腔;腹主]动脉旁[见个][见多个][未见]增大淋巴结[，约mm×mm][至mm×mm][，部分相互融合]。+
淋巴结形态[正;失]常，呈[小肾;奇异]状[，L/S＝]，淋巴结门显示[不]清，血供[增多;正常;稀少][，紊乱][，呈][圣诞树;短杆;星点]状[，动脉PSVmm/s，PI，RI]。+,[左;右][上;中;下]腹肠系膜[液][实]性占位性病变（性质待定）。+
[结合临床][考虑][符合]肠系膜[平滑肌瘤;纤维瘤;囊肿][可能性大]。+
未除外肠系膜[平滑肌瘤;纤维瘤;囊肿][可能]。+
[完全;不完全;机械]性[小]肠梗阻。+
[胃左;腹腔;腹主]动脉旁淋巴结肿大。+
建议[超声导向穿刺]活检。+,023,0,常见,UIS,001,CXMZL,胃肠,NULL,NULL
168,肌腱囊肿,超声,[左;右]侧肢体局部[稍;明显]大[，变形]，表面不平，内见[个][圆形;类圆形]囊性肿块[，约mm×mm][至mm×mm]。+
肿块包膜完整，壁[厚;薄][，不规则状][，囊内见][稀疏;密集;少许][网状;条带状][回声][，暗区][透声好;内见浮点状弱回声][，后方回声][增强;衰减]。+
肿块周边及内部未见异常彩流信号。+,[左;右][侧][肘部;手部]内囊性占位性病变。+
[结合临床][考虑][符合][肌腱;腱鞘]囊肿。+
建议超声导向穿刺硬化治疗。+,026,0,常见,UIS,001,JJNZ,骨肌系统,NULL,NULL
169,腘窝囊肿,超声,[左;右]腘窝局部[稍;明显]增大，表面不平，内见1个囊性肿块，约mm×mm×mm，纵切呈椭圆形，横切呈弯豆形包绕腓肠肌内侧头。+
肿块包膜完整，壁[厚;薄]，暗区[透声好;内见浮点状弱回声;内见条带状弱回声]，后方回声增强。+
肿块周边及内部未见血管彩流信号。+,[左;右]腘窝内囊性占位性病变，符合囊肿。+,027,0,常见,UIS,001,腘WNZ,骨肌系统,NULL,NULL
170,坐骨结节囊肿,超声,[左;右]坐骨结节肌内见[多]个[不规则形;圆形;类圆形]囊性肿块，约mm×mm×mm。+
肿块壁欠清晰，不规则呈棉絮状，囊内[透声好;见浮点状弱回声]，后方回声增强。+
肿块周边及内部未见异常彩流信号。+,[左;右]侧坐骨结节肌内囊性占位性病变。+
[结合临床][考虑][符合]坐骨结节囊肿。+
未排臀部血肿。+
建议超声导向穿刺硬化治疗。+,028,0,常见,UIS,001,ZGJJNZ,骨肌系统,NULL,NULL
171,孤立性骨囊肿,超声,[左;右]股骨外上髁下缘表面见一囊性肿物突起，约mm×mm×mm。+
肿块表面尚光滑，骨界面清晰、平滑、连续性好。+
肿块内壁呈毛絮状，内部为液性暗区，并见较多网状低回声。+
后方回声增强。+
肿块固定。+
肿块周边未见周边及内部未见血管彩流信号。+,[左;右]股骨外上髁下缘囊性肿物，考虑孤立性骨囊肿可能性大。+,029,0,常见,UIS,001,GLXGNZ,骨肌系统,NULL,NULL
172,肌肉撕裂伤,超声,[左;右]大腿[股四头肌;股中间肌][上;中;下]段肿胀[，以股中间肌为甚]，回声减低，肌纹理紊乱，见个[不规则形;类梭形][较低回声;液性暗]区，[最大]约mm×mm×mm[至mm×mm×mm]。+
低回声区肌间内散在细条带状液性暗区。+
液性暗区内见散在点片状弱回声。+
病灶周边未见周边及内部未见血管彩流信号。+,[左;右]大腿[股四头肌;股中间肌][上;中;下]段挫伤[并肌间血肿]。+
右股四头肌内液实性占位性病变，结合临床考虑肌肉撕裂伤并血肿。+,030,0,常见,UIS,001,JRSLS,骨肌系统,NULL,NULL
173,皮下脂肪瘤,超声,[左;右][肩;腰][背;腹][大腿][近腋下]皮下见个类圆形实性中等回声肿块，约mm×mm×mm[至mm×mm×mm]。+
肿块包膜[欠]清，规整，实质回声不均匀。+
肿块活动性尚好。+
肿块周边未见周边及内部未见血管彩流信号。+,[左;右][肩腰][背腹][大腿][近腋下]皮下实性占位性病变。+
考虑[脂肪瘤;脂膜炎]可能[性大]。+,031,0,常见,UIS,001,PXZFL,骨肌系统,NULL,NULL
174,肢体灶性炎症,超声,[左;右][上肢;下肢;前臂;上臂;大腿;小腿][上;下][端][前;后][内;外][侧][近][骨膜下;肌间;皮下]见个[圆形;类圆形;不规则][结节状][混合性][较][强;低;中等]回声包块[，相互融合]。+
[最大]约mm×mm[至;及][mm×mm]。+
包块[包膜;边界][不]清，[不]规整[，壁][厚;薄][，不规则状][，附壁见][乳头状;不规则状][较][低;强;等][回声团，约mm×mm][，暗区][透声好;内见][稀疏;密集;少许][网状;条带状;浮点状][弱回声][，后方回声][增强;衰减]。+
包块[周边;实质][大][部分][为][液][实][性][混合性][较][强;低;中等][回声][不]均匀[，内;，中央][见蜂窝状;点状;团状;不规则][低;强;无][回声][区][，暗区][透声好;内见][稀疏;密集;少许][网状;条带状;浮点状][弱回声]。+
包块周边[未]见[半;少许][环状;星点状][动;静][脉]彩流[，PSVmm/s，PI，RI]。+内部[未]见[较][丰富;稀少;少许][短杆状;星点状;树枝状][动;静][脉]彩流[，PSVmm/s，PI，RI][，并探及动静脉瘘血流信号]。+
局部[胫;腓;股;桡;肱]骨骨膜线平滑，连续性好。+,[左;右][上肢;下肢;前臂;上臂;大腿;小腿][上;下][端][前;后][内;外][侧][皮下;肌间][多发性][液][实]性占位性病变。+
[结合临床][考虑][符合][软组织炎;软组织脓肿;横纹肌溶解症;化脓性肌炎;肌肉灶性炎症][可能性大]。+
未除外[神经纤维;神经鞘;平滑肌;横纹肌;脂肪][肿;肉]瘤[恶变;坏死出血][可能]。+,032,0,常见,UIS,001,ZTZXYZ,骨肌系统,NULL,NULL
175,肢体外伤性肿块,超声,[左;右][锁骨上窝;上肢;下肢;前臂;上臂;大腿;小腿;臀部][上;下][端][前;后][内;外][侧][近][骨膜下;肌间;皮下]见个[圆形;类圆形;不规则][结节状][液][实]性[混合性][较][强;低;中等]回声包块[，相互融合]。+
[最大]约mm×mm[至;及][mm×mm]。+
包块[包膜;边界][不]清，[不]规整[，壁][厚;薄][，不规则状][，附壁见][乳头状;不规则状][较][低;强;等][回声团][，约mm×mm][，暗区][透声好;内见][稀疏;密集;少许][网状;条带状;浮点状][弱回声][，后方回声][增强;衰减]。+
包块[周边;实质][大][部分][为][液][实][性][混合性][较][强;低;中等][回声][不][均匀][，内;，中央][见蜂窝状;点状;团状;不规则][低;强;无][回声][区][，暗区][透声好;内见][稀疏;密集;少许][网状;条带状;浮点状][弱回声]。+
包块周边及内部未见异常彩流信号。+,[左;右][锁骨上窝;上肢;下肢;前臂;上臂;大腿;小腿;臀部][上;下][端][前;后][内;外][侧][皮下;肌间][多发性][液][实]性占位性病变。+
[结合临床][考虑][符合][肌肉;软组织][陈旧性]挫伤[并血肿][机化]。+,033,0,常见,UIS,001,ZTWSXZK,骨肌系统,NULL,NULL
176,肢体肿瘤,超声,[左;右][上肢;下肢;前臂;上臂;大腿;小腿;臀部][上;下][端][前;后][内;外]侧[骨膜下;肌间;皮下]见[个][类][圆形;不规则][结节状][液][实]性[混合性][较][强;低;中等]回声肿块[，相互融合]。+
[最大]约mm×mm[至;及][mm×mm]。+
肿块[包膜;边界][不]清，[不]规整[，壁][厚;薄][，不规则状][，内呈蜂窝状][，附壁见][乳头状;不规则状][较][低;强;等][回声团，约mm×mm][，暗区][透声好;内见][稀疏;密集;少许][网状;条带状;浮点状][弱回声][，后方回声][增强;衰减]。+
肿块[周边;实质][大][部分][为][液][实][性][混合性][较][强;低;中等][回声][不][均匀][，内;，中央][见蜂窝状;点状;团状;不规则][低;强;无][回声][区][，暗区][透声好;内见][稀疏;密集;少许][网状;条带状;浮点状][弱回声]。+
肿块周边[未]见[半;少许][环状;星点状][动;静][脉]彩流[，PSVmm/s，PI，RI]。+内部[未]见[较][丰富;稀少;少许][短杆状;星点状;树枝状][动;静][脉]彩流[，PSVmm/s，PI，RI][，并探及动静脉瘘血流信号]。+
局部[胫;腓;股;桡;肱]骨骨膜[线中断;局部缺损;凹凸不平;线连续性好][，缺口约mm][，局部骨质透声增加]。+
部分肿块达[表]皮[基底;下组织][，皮肤表面凹凸不平]。+
部分肿块侵达肌层，呈不规则蜂窝团状较[强;低]回声。+
肿块[固定;活动性][尚好;欠佳;好]。+,[左;右][上肢;下肢;前臂;上臂;大腿;小腿;臀部][上;下][端][前;后][内;外]侧[皮下;肌间][多发性][液][实]性占位性病变。+
[结合临床][考虑][符合][神经纤维;神经鞘;平滑肌;横纹肌;脂肪;血;脓][肿;肉][瘤][恶变;坏死出血][可能性大]。+
[左;右][胫;腓;股;桡;肱]骨[轻度;明显]破坏。+
未除外[软组织炎;软组织脓肿;横纹肌溶解症;化脓性肌炎;肌肉灶性炎症;血肿][可能]。+
建议[超声导向穿刺]活检。+,034,0,常见,UIS,001,ZTZL,骨肌系统,NULL,NULL
177,肢体血管瘤,超声,[左;右][上肢;下肢;前臂;上臂;大腿;小腿][上;下][端][前;后;内;外]侧[皮下;肌间]见[数][多][个;散在][小;大小][不等;形态相似][圆形;类圆形;不规则][结节状][液][实]性[较强;较低;等]回声肿块，[最大]约mm×mm[、mm×mm][至;及][mm×mm]。+
部分肿块达[表]皮[基底;下组织][，皮肤表面凹凸不平]。+
部分肿块侵达肌层，呈不规则蜂窝团状较强回声。+
肿块无包膜，境界不清晰，[不]规整，相互融合，内部回声分布不均匀[，内见蜂窝状低回声区]。+
[内;中央]见[蜂窝状;点状;团状;不规则][低回声区;强回声;液性暗区][，后方回声][增强;衰减]。+
肿块周边[未]见[半;少许][环状;星点状][动;静][脉]彩流[，PSVmm/s，PI，RI]。+内部[未]见[较][丰富;稀少;少许][短杆状;星点状;树枝状][动;静][脉]彩流[，PSVmm/s，PI，RI][，并探及动静脉瘘血流信号]。+,[左;右][上肢;下肢;前臂;上臂;大腿;小腿][上;下][端][前;后;内;外]侧[皮下;肌间][多发性]占位性病变。+
[结合临床][考虑][符合][海绵状;蔓状]血管瘤[可能性大]。+
未除外[海绵状;蔓状;囊状]淋巴管瘤[可能]。+,035,0,常见,UIS,001,ZTXGL,骨肌系统,NULL,NULL
178,肢体淋巴管瘤,超声,[左;右][上肢;下肢;前臂;上臂;大腿;小腿][上;下][端][前;后;内;外]侧[皮下;肌间]组织增厚，见[弥漫性;散在][不规则][结节状;蜂窝状]较强回声，[最大]约mm×mm[至;及][mm×mm]。+
部分肿块达[表]皮[基底;下组织][，皮肤表面凹凸不平]。+
部分肿块侵达肌层，呈不规则蜂窝团状较强回声。+
肿块无包膜，境界不清晰，[不]规整[，相互融合]，内部回声分布不均匀。+
肿块周边[未]见[半;少许][环状;星点状][动;静][脉]彩流[，PSVmm/s，PI，RI]。+内部[未]见[较][丰富;稀少;少许][短杆状;星点状;树枝状][动;静][脉]彩流[，PSVmm/s，PI，RI][，并探及动静脉瘘血流信号]。+
肿块基部[及][肌间;血管旁]见[多处][蜂窝状;弯曲状;蔓状;不规则][管性][液性暗区][，后方回声][增强;衰减]。+
管腔内未见血流信号。+,[左;右][上肢;下肢;前臂;上臂;大腿;小腿][上;下][端][前;后;内;外]侧[皮下;肌间][多发性][液][实]性占位性病变。+
[结合临床][考虑][符合][海绵状;蔓状;囊状]淋巴管瘤[可能性大]。+
未除外[海绵状;蔓状状]血管瘤[可能]。+,036,0,常见,UIS,001,ZTLBGL,骨肌系统,NULL,NULL
179,神经纤维瘤,超声,[左;右][上肢;下肢;前臂;上臂;大腿;小腿;臀部][上;下][端][前;后][内;外]侧[骨膜下;肌间;皮下]见个[类圆形;长圆形;不规则形][液]实性[较][强;低;中等]回声肿块，约mm×mm×mm。+
肿块无包膜，境界不清，[不]规整。+内部回声不均匀[，间有][稀疏;密集][团状;点状;结节状][强回声]。+
肿块内见[蜂窝状;不规则][低;无]回声[区]，暗区[透声好;内见][稀疏;密集;少许][网状;条带状;浮点状][弱回声]。+
肿块位于[左;右]颈[总;内;外;][动;静]脉[外;内][前;后]方[，并与之紧密相连]。+
肿块周边[未]见[半;少许][环状;星点状][动;静][脉]彩流[，PSVmm/s，PI，RI]。+内部[未]见[较][丰富;稀少;少许][短杆状;星点状;树枝状][动;静][脉]彩流[，PSVmm/s，PI，RI][，并探及动静脉瘘血流信号]。+
[肿块旁;对侧颈部][未]见[数][多][个]类圆形低回声团[，约mm×mm][至mm][，部分相互融合]。+,[左;右][上肢;下肢;前臂;上臂;大腿;小腿;臀部][上;下][端][前;后][内;外]侧[骨膜下;肌间;皮下][液][实]性占位性病变(性质待定)。+
[结合临床][考虑][符合]神经纤维瘤可能性大。+
未除外[颈部][淋巴;神经鞘;合并感染][结][瘤;炎;结核;转移瘤;混合瘤;血管瘤;炎性病灶][可能]。+
[左;右;双]侧颈部未见[增大]淋巴结[肿大]。+
建议[超声导向穿刺]活检。+,037,0,常见,UIS,001,SJXWL,骨肌系统,NULL,NULL
180,神经鞘瘤,超声,[左;右][上肢;下肢;前臂;上臂;大腿;小腿;臀部][上;下][端][前;后][内;外]侧[骨膜下;肌间;皮下]见个[类圆形;长圆形;不规则形][液]实性[较][强;低;中等]回声肿块[，约mm×mm×mm]。+
[左;右]颈动脉向前外移，与颈内静脉间距增宽。+
肿块包膜[欠;尚]完整，境界[尚]清，形态规整。+内部回声[欠;尚;不]均匀[，间有][稀疏;密集][团状;点状;结节状][强回声]。+
肿块内见[蜂窝状;不规则][低;无]回声[区]，暗区[透声好;内见][稀疏;密集;少许][网状;条带状;浮点状][弱回声]。+
肿块周边[未]见[半;少许][环状;星点状][动;静][脉]彩流[，PSVmm/s，PI，RI]。+内部[未]见[较][丰富;稀少;少许][短杆状;星点状;树枝状][动;静][脉]彩流[，PSVmm/s，PI，RI][，并探及动静脉瘘血流信号]。+
[肿块旁;对侧颈部][未]见[数][多][个]类圆形低回声团[，约mm×mm][至mm][，部分相互融合]。+,[左;右][上肢;下肢;前臂;上臂;大腿;小腿;臀部][上;下][端][前;后][内;外]侧[骨膜下;肌间;皮下][液][实]性占位性病变(性质待定)。+
[结合临床][考虑][符合]神经鞘瘤可能性大。+
未除外[颈部][淋巴][结][瘤;炎;结核;转移瘤;混合瘤;血管瘤;炎性病灶;神经纤维瘤][可能]。+
[左;右;双]侧颈部未见[增大]淋巴结[肿大]。+
建议[超声导向穿刺]活检。+,038,0,常见,UIS,001,SJQL,骨肌系统,NULL,NULL
181,骨髓炎,超声,[左;右][上肢;下肢;前臂;上臂;大腿;小腿][上;下][端][前;后;内;外]侧[稍;明显]肿胀。+
[左;右][胫;腓;股;桡;肱]骨[骨骺端]骨膜见拱桥样隆起肿块，约mm×mm×mm[，内为不均质低回声][，骨膜线连续性尚好]。+
[左;右][胫;腓;股;桡;肱]骨[骨骺端]骨质破坏，骨皮质连续性中断，缺口约mm，边缘不光滑，两端骨膜呈拱桥样掀起。+
缺口处及局部软组织间见不规则混合性肿块，约mm×mm×mm。+
局部软组织[呈;见][不规则;蜂窝状;窦道;类梭形][较;无][强;低]回声[区]，[最大]约mm×mm[、mm×mm][至;及][mm×mm]。+
其内部以低回声为主，间见不规则[团块状强回声][及][液性暗区]。+
局部周边[未]见[半;少许][环状;星点状][动;静][脉]彩流[，PSVmm/s，PI，RI]。+内部[未]见[较][丰富;稀少;少许][短杆状;星点状;树枝状][动;静][脉]彩流[，PSVmm/s，PI，RI][，并探及动静脉瘘血流信号]。+,[左;右][胫;腓;股;桡;肱]骨[骨骺端]所见考虑[早;中;晚][期][急性;慢性]骨髓炎。+
[骨质破坏并]骨膜下脓肿可能。+
并瘘道形成。+
[左;右][上肢;下肢;前臂;上臂;大腿;小腿][上;下][端][多发性]肌间脓肿。+,039,0,常见,UIS,001,GSY,骨肌系统,NULL,NULL
182,巨大骨肿瘤,超声,[左;右][上肢;下肢;前臂;上臂;大腿;小腿][股骨;胫骨;肱骨;腓骨;桡骨;尺骨;髂嵴;髂前上棘][上;下][干骺][端][前;后;内;外]侧骨质破坏。+
局部骨皮质连续性中断，缺口最宽约mm，边缘骨皮质[稍;明显][变薄;不规则][并;未]见骨膜[拱桥样;洋葱状]掀起。+
[骨质破坏区][及][局部软组织][形成;见][圆形;类圆形;不规则][结节状][液][实]性[较强;较低;等]回声肿块，约mm×mm×mm。+
肿块[无;有][包膜;边界][不;尚][清]，[不;欠]规整[，后方回声][增强;衰减]。+
肿块内回声分布不均匀，以[较][强;低]回声为主[，可见][散在;较多][点团状;颗粒状;不规则;放射状][强回声]。+
肿块[内;中央][见;呈][蜂窝状;不规则]液性暗区，约mm×mm×mm。+
肿块周边[未]见[半;少许][环状;星点状][动;静][脉]彩流[，PSVmm/s，PI，RI]。+内部[未]见[较][丰富;稀少;少许][短杆状;星点状;树枝状][动;静][脉]彩流[，PSVmm/s，PI，RI][，并探及动静脉瘘血流信号]。+,[左;右][上肢;下肢;前臂;上臂;大腿;小腿][股骨;胫骨;肱骨;腓骨;桡骨;尺骨;髂嵴;髂前上棘][上;下][干骺][端][前;后;内;外]侧[骨皮质;软骨;肌间][下;外][液][实]性占位性病变。+
结合临床考虑骨[肉瘤;巨细胞瘤;转移瘤;非骨性纤维瘤;软骨肉瘤]可能。+,040,0,常见,UIS,001,JDGZL,骨肌系统,NULL,NULL
183,骨内肿瘤,超声,[左;右][上肢;下肢;前臂;上臂;大腿;小腿][股骨;胫骨;肱骨;腓骨;桡骨;尺骨][上;下][干骺][端][前;后;内;外]侧骨内见一个实性[圆形;类圆形;不规则;结节状;菜花状][较强;较低;等]回声肿块，约mm×mm×mm。+
肿块[无;有][包膜;边界][不;尚][清]，[不;欠]规整[，后方回声][增强;衰减]。+
肿块内回声分布不均匀，以[较][强;低]回声为主[，可见][散在;较多][点团状;颗粒状;不规则;放射状][强回声]。+
肿块[内;中央][见;呈][蜂窝状;不规则]液性暗区，约mm×mm×mm。+
局部骨质破坏，骨皮质[稍;明显]变簿但未突破骨皮质，局部骨膜[无;稍]隆起。+
肿块周边[未]见[半;少许][环状;星点状][动;静][脉]彩流[，PSVmm/s，PI，RI]。+内部[未]见[较][丰富;稀少;少许][短杆状;星点状;树枝状][动;静][脉]彩流[，PSVmm/s，PI，RI][，并探及动静脉瘘血流信号]。+,[左;右][上肢;下肢;前臂;上臂;大腿;小腿][股骨;胫骨;肱骨;腓骨;桡骨;尺骨;髂嵴;髂前上棘][上;下][干骺][端][前;后;内;外]侧骨内实性占位性病变。+
结合临床考虑骨[肉瘤;巨细胞瘤;转移瘤;非骨性纤维瘤;软骨肉瘤;软骨瘤]可能。+,041,0,常见,UIS,001,GNZL,骨肌系统,NULL,NULL
184,骨软骨瘤,超声,[左;右][上肢;下肢;前臂;上臂;大腿;小腿][股骨;胫骨;肱骨;腓骨;桡骨;尺骨;髂嵴;髂前上棘][上;下][干骺][端][前;后;内;外]侧骨表面见一个[圆形;类圆形;不规则;结节状;菜花状]，实性[较强;较低;等]回声肿块，约mm×mm×mm。+
肿块[无;有][包膜;边界][不;尚][清]，[不;欠]规整，基底[较][宽;窄][，与骨皮质融合]，表面[不;欠][光滑;分叶状][，呈半环状强回声][，后方回声][增强;衰减]。+
肿块内回声分布不均匀，以[较][强;低]回声为主[，可见][散在;较多][点团状;颗粒状;不规则;放射状][强回声]。+
肿块边缘[可;未]见[拱桥样;洋葱状]骨膜反应。+
肿块周边[未]见[半;少许][环状;星点状][动;静][脉]彩流[，PSVmm/s，PI，RI]。+内部[未]见[较][丰富;稀少;少许][短杆状;星点状;树枝状][动;静][脉]彩流[，PSVmm/s，PI，RI][，并探及动静脉瘘血流信号]。+,[左;右][上肢;下肢;前臂;上臂;大腿;小腿][股骨;胫骨;肱骨;腓骨;桡骨;尺骨;髂嵴;髂前上棘][上;下][干骺][端][前;后;内;外]侧骨皮质外实性占位性病变，结合临床考虑骨软骨瘤可能。+,042,0,常见,UIS,001,GRGL,骨肌系统,NULL,NULL
185,肝缺血性坏死,超声,右肝上界在第肋间，下界在肋下mm，上下斜径mm，[前后径mm，]左肝前后径mm，上下径mm。+
肝脏[左叶;右叶;尾叶][大小正常;稍;明显][增大;缩小][，左叶;，右叶;，尾叶][稍;明显][增大;缩小][，形态失常].
包膜[不;欠]光滑[，呈][锯齿状;凹凸不平][，左肝;，右肝][表面;脏面;膈面;下缘;外缘][外凸;纯]。+
[右叶;右前叶;右后叶;左叶;左外叶;左内叶][上段;下段][近膈面][尾叶]实质回声极不均匀，呈较大斑块状。+
[右叶;右前叶;右后叶;左叶;左外叶;左内叶][上段;下段][近膈面][尾叶]斑块以强回声为主，其间见不规则弱回声区。+
[右叶;右前叶;右后叶;左叶;左外叶;左内叶][上段;下段][近膈面][尾叶]斑块以低回声为主，其间见不规则较强回声区。+
肝内管血管普遍[稍;明显;无]变细[且粗细不一]，[不;欠]清晰。+
肝静脉[欠;不][清晰，][走行][不;欠;呈][自然;蛇行;弯曲]，[稍;明显;无][变细;增宽][，粗细不一][，管壁][不;欠][平整，][回声][无;稍;明显][增强]。+
肝右静脉为[单;双]向[三;双;单][平坦;峰]波血流频谱[，峰速mm/s]。+
门静脉[主干约mm，][无;稍;明显][受压][增宽;变窄][，管壁回声][稍;明显][增强][，内未见异常回声][，内为入肝单向平坦波血流频谱][，峰速mm/s]。+
腹腔内[广泛]见[少量;中量][至][中量;大量]液性暗区[，最深约mm]。+,肝[轻度;中度;重度;稍;明显]增大并斑块样变，[结合临床][考虑][符合]肝缺血性坏死[可能]。+
未除外肝Ca。+
[轻;中;重]度脾肿大。+
[少量;中量][至][中量;大量]腹水。+
建议[肝功能;A.F.P;血脂;CT;MRI;进一步;定期;治疗后;超声导向穿刺][检查;复查;活检;硬化治疗;抽液治疗]。+,021,0,常见,UIS,1,GQXXHS,肝脏,NULL,NULL
186,肢体肿块活检,超声,[左;右][上肢;下肢;前臂;上臂;大腿;小腿;臀部][上;下][端][前;后][内;外]侧[骨膜下;肌间;皮下]见[个][多个][大小不等;形态相似][圆形;类圆形;不规则]实性[结节状]肿块回声[，相互融合]，[最大]约mm×mm[至;及][mm×mm]。+
选[左;右][上肢;下肢;前臂;上臂;大腿;小腿;臀部][上;下][端][前;后][内;外]侧[骨膜下;肌间;皮下]肿块为穿刺活检目标。+
常规消毒铺巾，用[1％;2％]利多卡因局麻[，安置导向针]。+
用[18;20;22]G[活检针;组织切割针]沿引导线进针，针尖[到达;离;进入]肿块[边缘;内][mm]处触发活检枪向肿块[边缘;中心]活检，随即退针，取材放在10％福尔马林内固定，向不同方向共活检[1;2;3]针。+
用[18;20;22]G[组织切割针;穿刺针]沿引导线进针，针尖进入肿块[边缘;中心]作反复提拉旋转后退针，取材[放在][滤纸上]10％福尔马林液内固定[并][作细胞涂片]，向不同方向共活检[1;2;3]针。+
取材[不;基本]满意，长约[mm][至mm]，组织呈[鱼肉状;白色;红色;红白相间;血丝状][条块;碎块]。+
取材即送[组织;细胞]学检查。+
穿刺后观察半小时病人无不适。+,[左;右][上肢;下肢;前臂;上臂;大腿;小腿;臀部][上;下][端][前;后][内;外]侧[骨膜下;肌间;皮下][多发性]实性占位性病变已作穿刺活检。+
组织已送病理检查，结果待报。+,043,0,常见,UIS,001,ZTZKHJ,骨肌系统,NULL,NULL
187,肢体液病变穿刺,超声,[左;右][上肢;下肢;前臂;上臂;大腿;小腿;臀部][上;下][端][前;后][内;外]侧[骨膜下;肌间;皮下]见[个][类圆形;不规则形]液[实]性肿块回声[，相互相通]，[最大]约mm×mm[至;及][mm×mm]。+
肿块壁[厚;簿]，[不]光滑，内[透声好;见浮点状弱回声]。+
选[左;右][上肢;下肢;前臂;上臂;大腿;小腿;臀部]肿块为穿刺治疗目标。+
常规消毒铺巾，用[1％;2％][普鲁;利多]卡因局麻[，安置导向针]。+
用[14;16;18;20]G[套管]穿刺针沿引导线进针，针尖到达[囊内;液区]中心，拔出针芯[，后留置套管]，抽出[淡黄色;红白色;加啡色][液体;脓液][共约ml][，抽净后退针]。+
然后[用][1％;2％]利多[卡因反复冲冼并作表面麻醉][，再用][无水酒精;灭滴灵;NS][反复冲冼至囊液基本变清][，抽净后][注入][无水酒精;四环素1.0G;地塞米松][ml;mg]，[抽净后]退针。+
穿刺后观察半小时病人无不适。+,[左;右][上肢;下肢;前臂;上臂;大腿;小腿;臀部][上;下][端][前;后][内;外]侧[骨膜下;肌间;皮下][多发性][脓;囊]肿已作穿刺抽[脓;液][硬化]治疗。+
脓液已送[常规检查;细菌培养]，结果待报。+,044,0,常见,UIS,001,ZTYBBCC,骨肌系统,NULL,NULL
188,甲状腺术后正常,超声,甲状腺部分切除术后：左侧叶残留约31mm×8mm×12mm，右侧叶残留约31mm×13mm×15mm，峡部厚3mm；大小、形态失常，包膜欠光滑，内部实质回声欠均匀。
CDFI:内见少量纤细分枝状彩色血流信号,甲状腺部分切除术后，残留甲状腺未见异常声像,001,0,甲状腺术后,UIS,001,JZXSHZC,甲状腺,NULL,NULL
189,正常甲状腺,超声,甲状腺左叶约×mm，右叶约×mm，峡部厚约mm。
甲状腺左右叶对称，大小正常，腺包膜光滑，腺实质回声均匀，未见异常光团及暗区。
腺体内见少量纤细分枝状彩色血流信号。
双侧甲状腺上动脉PSVmm/s，RI ，PI ，频带窄，有空窗，收缩期后有一低谷，舒张期波幅低平。,甲状腺[未见][肿大;占位性病变;明显异常]。,002,0,常见,UIS,001,ZCJZX,甲状腺,NULL,NULL
190,甲亢,超声,甲状腺左叶约×mm，右叶约×mm，峡部厚约mm。
甲状腺[左叶;右叶;峡部][非对称性;弥漫性][无;稍;明显][增大;缩小][，以][左叶;右叶;峡部][明显][，形态失常]。
腺包膜[不;欠]清晰，[不;欠]光滑，腺实质回声[不]均匀，呈[低;较低;较强;中等]回声。
[双侧;左;右]腺体内见多个[结节样;团块样;不规则;斑块状][低;较低;较强;中等]回声[区]，[最大]约mm×mm×mm[至mm×mm×mm][，结节部分液化]。
腺体内见血管[轻度;稍;明显][弥漫性]增多[，呈火海样]。
[双侧;左;右]甲状腺上动脉PSVmm/s，RI ，PI  ，频带宽，充填[，双向]，舒张期波幅增高，呈[>;约]45度坡度下降。,甲状腺[弥漫性]肿大（[Ⅰ;Ⅱ;Ⅲ;Ⅳ]度）[并多发性结节]。
甲状腺（[轻度;中度;重度]）[萎]缩[小]。
甲状腺血[管;供][稍;轻度;明显]增[加;多]。
[结合临床][考虑][符合]甲状腺功能亢进[术后复发][可能性大]。
未除外[合并]甲状腺[炎;功能低下]。
建议[T3 T4 检查;CDFI超声检查;治疗后复查;定期复查]。,003,0,常见,UIS,001,JK,甲状腺,NULL,NULL
191,甲低,超声,甲状腺左叶约mm×mm×mm，右叶约mm×mm×mm，峡部厚约mm。+
甲状腺[左叶;右叶;峡部][非对称性;弥漫性][无;稍;明显][增大;缩小][，以][左叶;右叶;峡部][明显][，形态失常]。+
腺包膜[不;欠]清晰，[不;欠]光滑，腺实质回声[不]均匀，呈[低;较低;较强;中等]回声。+
[双侧;左;右]腺体内见多个[结节样;团块样;不规则;斑块状][低;较低;较强;中等]回声[区]，[最大]约mm×mm×mm[至mm×mm×mm][，结节部分液化]。+
腺体内见血供[轻度;稍;明显;未见][弥漫性][减少;增多]。+
[双侧;左;右]甲状腺上动脉[PSVmm/s，RI ，PI]，频带宽，充填[，双向]，舒张期波幅增高，呈[>;约]45度坡度下降。+,甲状腺[弥漫性]肿大（[Ⅰ;Ⅱ;Ⅲ;Ⅳ]度）[并多发性团块]。+
甲状腺（[轻度;中度;重度]）萎缩。+
甲状腺血[管;供][稍;轻度;明显;无][减少;增加]。+
[结合临床][考虑][符合][甲状腺功能亢进;甲状腺功能减退][术后复发][可能性大]。+
未除外合并性甲状腺炎。+
建议[T3 T4 检查;CDFI超声检查;治疗后复查;定期复查]。+,004,0,常见,UIS,001,JD,甲状腺,NULL,NULL
192,甲状腺炎,超声,甲状腺左叶约mm×mm×mm，右叶约mm×mm×mm，峡部厚约mm。+
甲状腺[左叶;右叶;峡部][非对称性;弥漫性][无;稍;明显][增大;缩小][，以][左叶;右叶;峡部][明显][，形态失常]。+
腺包膜[不;欠]清晰，[不;欠]光滑，腺实质回声[不]均匀，呈[低;较低;较强;中等]回声。+
[双侧;左;右]腺体内见多个[结节样;团块样;不规则;斑块状][低;较低;较强;中等]回声[区]，[最大]约mm×mm×mm[至mm×mm×mm][，结节部分液化]。+
腺体内见血管[轻度;中度;重度][弥漫性][正常;增多;减少]，呈[点状或分枝状;粗大、迂曲分枝状或环状]。+
[双侧;左;右]甲状腺上动脉[PSVmm/s，RI ，PI]，频带宽，充填，双向，收缩期后低谷消失，舒张期波幅[稍增高;低平]。+,甲状腺[左叶;右叶;弥漫性]肿大（[Ⅰ;Ⅱ;Ⅲ;Ⅳ]度）[并弥漫性病变]。+
甲状腺血[管;供][稍;轻度;明显]增[加;多]。+
[结合临床][考虑][符合][桥本氏]甲状腺炎[改变;并甲亢][可能性大]。+
未排团块性甲状腺肿。+
建议[T3 T4 检查;CDFI超声检查;治疗后复查;定期复查]。+,005,0,常见,UIS,001,JZXY,甲状腺,NULL,NULL
193,单纯甲肿,超声,甲状腺左叶约mm×mm×mm，右叶约mm×mm×mm，峡部厚约mm。+
甲状腺[左叶;右叶;峡部][非对称性;弥漫性][无;稍;明显][增大;缩小][，以][左叶;右叶;峡部][明显][，形态失常]。+
腺包膜[不;欠]清晰，[不;欠]光滑，腺实质回声[不]均匀，呈[低;较低;较强;中等]回声。+
[双侧;左;右]腺体内见多个[结节样;团块样;不规则;斑块状][低;较低;较强;中等]回声[区]，[最大]约mm×mm×mm[至mm×mm×mm][，结节部分液化]。+
腺体内见血管无增加，呈点线状。+
[双侧;左;右]甲状腺上动脉[PSVmm/s，RI，PI]，频谱形态正常。+,甲状腺弥漫性肿大（[Ⅰ;Ⅱ;Ⅲ;Ⅳ]度）。+
[结合临床][考虑][符合]单纯性甲状腺肿。+
建议[T3 T4 检查;CDFI超声检查;治疗后复查;定期复查]。+,006,0,常见,UIS,001,DCJZ,甲状腺,NULL,NULL
194,甲状腺结节,超声,甲状腺左叶约mm×mm×mm，右叶约mm×mm×mm，峡部厚约mm。+
甲状腺[左叶;右叶;峡部][非对称性;弥漫性][无;稍;明显][增大;缩小][，以][左叶;右叶;峡部][明显][，形态失常]。+
[左叶;右叶;峡部]外凸。+
腺包膜[不;欠]清晰，[不;欠]光滑，腺实质回声[不]均匀，呈[低;较低;较强;中等]回声。+
[双侧;左叶;右叶]腺体内见[多个;散在][大小不一][低;较低;较强;中等]回声[不等的]结节[，最大][位于][左叶;右叶][内;上极;中部;下极]]约mm×mm×mm[至mm×mm×mm]。+
[部分][结节][部分]液化，呈[蜂窝状;不规则状]暗区。+
部分结节呈囊性，包膜[不;欠]完整，壁厚薄不一，毛絮状，
暗区内[透声好;见][浮点状;絮状]弱回声[，后方回声增强]。+
结节血供分布紊乱，主要集中在[团块;肿块]周边，[团块;肿块]内[未]见彩流[较][丰富;稀少;多][，呈][短杆状;星点状;树枝状][，为动脉信号][，PSVmm/s，PI，RI]。+
甲状腺[左;右]叶[及峡部]未见异常回声。+
[双侧;左;右]甲状腺上动脉PSVmm/s，RI ，PI ，频带宽，充填，双向，收缩期后低谷消失，舒张期波幅[稍增高;低平]。+,甲状腺[左叶;右叶;峡部;弥漫性]肿大（[Ⅰ;Ⅱ;Ⅲ;Ⅳ]度）。+
甲状腺[左叶;右叶;峡部][多发性][液][囊][实]性占位性病变（性质待定）。+
[结合临床][考虑][符合][甲状腺][多发性][结节][性甲状腺肿;腺瘤][，][部分;完全][液化][并甲亢][可能性大]。+
未除外[多发性]甲状腺[囊][腺瘤;囊肿][并][出血][坏死][囊性变][可能]。+
并功能[轻度;稍;明显]增高。+
未排恶变。+
建议[T3 T4检查;CDFI超声检查;超声导向穿刺;定期复查;治疗后复查][活检;硬化治疗]。+,007,0,常见,UIS,001,JZXJJ,甲状腺,NULL,NULL
195,结节性甲状腺肿,超声,"甲状腺左叶约×mm，右叶约×mm，峡部厚约mm。
甲状腺[左叶;右叶;峡部][非对称性;弥漫性][无;稍;明显][增大;缩小][，以][左叶;右叶;峡部][明显][，形态失常;形态尚正常]。
[左叶;右叶;峡部]外凸。
腺包膜[不;欠]清晰，[不;欠]光滑。
[双侧;左叶;右叶]腺体内见[多个;散在;满布][大小不等][低;较低;较强;中等;混合]回声结节，左叶最大×mm,右叶最大×mm，[，最大][位于][左叶;右叶][内;上极;中部;下极]，结节内回声不均[，有的可见不规则无回声区，未见明显异常强回声光斑;，有的可见不规则无回声区，有的可见强回声光斑]。
暗区内[透声好;见][浮点状;絮状]弱回声[，后方回声增强]。
结节周围见不到正常腺组织,
结节外腺组织回声[不;欠;尚]均匀,
甲状腺[左;右]叶[及峡部]未见异常回声。
结节内血流信号不丰富，
结节内血供较丰富，分布紊乱，主要集中在病灶[周边;内部][，呈短杆状;，呈星点状;，呈树枝状][，为动脉信号][，PSVmm/s，PI，RI]。
[双侧;左;右]甲状腺上动脉PSVmm/s，RI ，PI ，频带宽，充填，双向，收缩期后低谷消失，舒张期波幅[稍增高;低平]。",甲状腺[左叶;右叶;峡部;弥漫性]肿大，甲状腺多发性[液;实;混合]性结节（性质待定）。
[结合临床][考虑][符合]结节性甲状腺肿[，][部分;完全][液化][并甲亢][可能性大]。
未除外[多发性]甲状腺[腺瘤;囊肿][并][出血][坏死][囊性变][可能]。
未排恶变。
建议[T3 T4检查;CDFI超声检查;超声导向穿刺;定期复查;治疗后复查][活检;硬化治疗]。,008,0,常见,UIS,001,JJXJZXZ,甲状腺,NULL,NULL
196,甲状腺腺瘤,超声,甲状腺左叶约mm×mm×mm，右叶约mm×mm×mm，峡部厚约mm。+
甲状腺[左叶;右叶;峡部][非对称性;弥漫性][无;稍;明显][增大;缩小][，以][左叶;右叶;峡部][明显][，形态失常]。+
[左叶;右叶;峡部]外凸。+
腺包膜[不;欠]清晰，[不;欠]光滑。+
[双侧;左叶;右叶][内;上极;中部;下极][各]见[多个;散在][大小不一][圆形;类圆形][低;较低;较强;中等]回声[不等的]肿块[，最大][位于][左叶;右叶][内;上极;中部;下极]，约mm×mm×mm[至mm×mm×mm]。+
[部分][肿块][部分]液化，呈[蜂窝状;不规则状]暗区。+
部分肿块呈囊性，包膜[不;欠]完整，壁厚薄不一，毛絮状，
暗区内[透声好;见][浮点状;絮状]弱回声[，后方回声增强]。+
[肿块内;囊壁上]见[散在;多个][个][点状;圆形;粗糙不规则;砂粒状]钙化强回声[，伴声影]。+
肿块血供分布紊乱，主要集中在[团块;肿块]周边，[团块;肿块]内[未]见彩流[较][丰富;稀少;多][，呈][短杆状;星点状;树枝状][，为动脉信号][，PSVmm/s，PI，RI]。+
[肿块外;其余]腺组织回声[不;欠;尚]均匀，呈[低;较低;较强;中等]回声。+
甲状腺[左叶;右叶;峡部]未见异常回声。+
[双侧;左;右]甲状腺上动脉PSVmm/s，RI ，PI ，频带宽，充填，双向，收缩期后低谷消失，舒张期波幅[稍增高;低平]。+,甲状腺[左叶;右叶;峡部][多发性][巨大][液][囊][实]性占位性病变（性质待定）。+
[左叶;右叶][病变][结合临床][考虑][符合][多发性]甲状腺[腺瘤;囊肿][并][出血][坏死][囊性变]。+
[结合临床][考虑][符合]结节性甲状腺肿[并甲亢][可能]。+
未除外甲状腺乳头状囊腺瘤。+
并功能[轻度;稍;明显]增高。+
未排[恶变;甲状腺Ca]。+
建议[T3 T4检查;CDFI超声检查;超声导向穿刺;定期复查;治疗后复查][活检;硬化治疗]。+,009,0,常见,UIS,001,JZXXL,甲状腺,NULL,NULL
197,甲状腺囊腺瘤,超声,甲状腺左叶约mm×mm×mm，右叶约mm×mm×mm，峡部厚约mm。+
甲状腺[左叶;右叶;峡部][非对称性;弥漫性][无;稍;明显][增大;缩小][，以][左叶;右叶;峡部][明显][，形态失常]。+
[左叶;右叶;峡部]外凸。+
腺包膜[不;欠]清晰，[不;欠]光滑。+
[双侧;左叶;右叶][内;上极;中部;下极][各]见[多个;散在][大小不一][圆形;类圆形]囊性肿块[，最大][位于][左叶;右叶][内;上极;中部;下极]，约mm×mm×mm[至mm×mm×mm]。+
肿块囊壁[不;欠]完整，壁[厚][簿][不一]，[光滑;毛絮状]。+
[内;外;前;后]壁见[多个]个低回声[团块状;乳头状]突起，约mm×mm×mm。+
暗区内[透声好;见][浮点状;絮状]弱回声[，后方回声增强]。+
[肿块内;囊壁上]见[散在;多个][个][点状;圆形;粗糙不规则;砂粒状]钙化强回声[，伴声影]。+
肿块血供分布紊乱，主要集中在[团块;肿块]周边，[团块;肿块]内[未]见彩流[较][丰富;稀少;多][，呈][短杆状;星点状;树枝状][，为动脉信号][，PSVmm/s，PI，RI]。+
[肿块外;其余]腺组织回声[不;欠;尚]均匀，呈[低;较低;较强;中等]回声。+
肿块外腺组织血管[轻度;中度;重度][正常;增多;减少][，呈粗大、迂曲分枝状或环状]。+
甲状腺[左;右]叶[及峡部]未见异常回声。+
[双侧;左;右]甲状腺上动脉PSVmm/s，RI ，PI ，频带宽，充填，双向，收缩期后低谷消失，舒张期波幅[稍增高;低平]。+,甲状腺[左叶;右叶;峡部][多发性][囊][实]性占位性病变（性质待定）。+
[结合临床][考虑][符合][多发性]甲状腺[乳头状;单纯性][囊腺瘤;囊肿][可能性大]
未除外甲状腺瘤[液化;囊性变]。+
建议[T3 T4检查;CDFI超声检查;超声导向穿刺;定期复查;治疗后复查][活检;硬化治疗]。+
甲状腺右叶液性占位性病变（性质待定）。+
考虑甲状腺单纯性囊肿可能性大。+
结合临床考虑甲状腺乳头状囊腺瘤可能性大。+,010,0,常见,UIS,001,JZXNXL,甲状腺,NULL,NULL
198,甲状腺癌,超声,甲状腺左叶约mm×mm×mm，右叶约mm×mm×mm，峡部厚约mm。+
甲状腺[左叶;右叶;峡部][非对称性;弥漫性][无;稍;明显][增大;缩小][，以][左叶;右叶;峡部][明显][，形态失常]。+
[左叶;右叶;峡部]外凸。+
腺包膜[不;欠]清晰，[不;欠]光滑。+
[双侧;左叶;右叶][内;上极;中部;下极][各]见[多]个[大小不等][结节状;类圆形;不规则形][液][实]性[混合性][较][强;低;中等]回声肿块，约mm×mm×mm[至mm×mm×mm]。+
肿块[包膜;境界][不]清，[不]规整[，呈][分叶状;伪足状]，[有;无]晕环[，后方回声衰减]。+
肿块内回声分布[不]均匀，内见[散在密集小点状强回声;多个][圆形;粗糙不规则;砂粒状][钙化强回声，约mm×mm][，伴声影]。+
肿块部分液化，暗区内[透声好;见][浮点状;絮状]弱回声[，后方回声增强]。+
肿块周边[未]见[半;少许][环状;星点状][动;静][脉]彩流[，PSVmm/s，PI，RI]。+内部[未]见[较][丰富;稀少;少许][短杆状;星点状;树枝状][动;静][脉]彩流[，PSVmm/s，PI，RI][，并探及动静脉瘘血流信号]。+
[肿块外;其余]腺组织回声[不;欠;尚]均匀，呈[低;较低;较强;中等]回声。+
甲状腺[左;右]叶[及峡部]未见异常回声。+
[双侧;左;右]甲状腺上动脉PSVmm/s，RI ，PI ，频带宽，充填，双向，收缩期后低谷消失，舒张期波幅[稍增高;低平]。+
肿块基底部浸润邻近肌肉等软组织，表面达皮下，活动度受限。+
[双侧;左;右]颈部见个类圆形低回声团，[最大]约mm×mm[至mm×mm][，L/S＝ ]，轮廓清晰[，部分相互融合]，包膜欠规整，团块内结构紊乱，回声不均。+团块内血管增多、紊乱，呈乱草状[，动脉PSV mm/s，PI ，RI] 。+,甲状腺[左叶;右叶;峡部]肿大（[Ⅰ;Ⅱ;Ⅲ;Ⅳ]度）。+
[并]甲状腺[左叶;右叶][多发性][液]实性占位性病变（性质待定）。+
[符合;考虑;未除外]甲状腺Ca[可能性大]。+
未除外甲状腺Ca。+
肿块基底部浸润邻近肌肉。+
颈部淋巴结肿大。+
建议[T3 T4检查;CDFI超声检查;超声导向穿刺;治疗后复查;定期复查][活检;硬化治疗]。+,011,0,常见,UIS,001,JZXA,甲状腺,NULL,NULL
199,甲状腺肿块活检,超声,甲状腺[左叶;右叶][各]见[个][多个][大小不等;形态相似][圆形;类圆形;不规则]实性[团状]肿块[，相互融合]，[最大]约mm×mm×mm[至;及][mm×mm×mm]。+
选甲状腺[左叶;右叶]肿块为穿刺活检目标。+
常规消毒铺巾，用[1％;2％][普鲁;利多]卡因局麻[，安置导向针]。+
用[18;20;22]G[活检针;组织切割针]沿引导线进针，针尖[到达;离;进入]肿块[边缘;内][mm]处触发活检枪向肿块[边缘;中心]活检，随即退针，取材放在10％福尔马林内固定，向不同方向共活检[1;2;3]针。+
用[18;20;22]G[组织切割针;穿刺针]沿引导线进针，针尖进入肿块[边缘;中心]作反复提拉旋转后退针，取材[放在][滤纸上]10％福尔马林液内固定[并][作细胞涂片]，向不同方向共活检[1;2;3]针。+
取材[不;基本]满意，长约mm至mm，组织呈[鱼肉状;白色;红色;红白相间;血丝状][条块;碎块]。+
取材即送[组织;细胞]学检查。+
穿刺后观察半小时病人无不适。+,甲状腺[左叶;右叶][多发性]实性占位性病变已作穿刺活检。+
组织已送病理检查，结果待报。+,012,0,常见,UIS,001,JZXZKHJ,甲状腺,NULL,NULL
200,甲状腺囊肿穿刺,超声,超声所见：
甲状腺[左叶;右叶][见个][见多个][大小不等;形态相似][圆形;类圆形;不规则][囊;液][实]性肿块，[最大]约mm×mm×mm][至;及][mm×mm×mm][，相互相通]，壁[稍;较][簿;厚]，[欠;不]光滑，内见多条网带状回声，暗区透声[尚]好。+
选甲状腺[左叶;右叶]肿块为穿刺治疗目标。+
常规消毒铺巾，用[1％;2％][普鲁;利多]卡因局麻[，安置导向针]。+
用[14;16;18;20]G[套管]穿刺针沿引导线进针，针尖到达[囊内;液区]中心，拔出针芯[，后留置套管]，抽出[淡黄色;红白色;加啡色][液体;脓液]共约ml[，抽净后退针]。+
然后[用][1％;2％][普鲁;利多][卡因反复冲冼并作表面麻醉][，再用][无水酒精;灭滴灵;NS][反复冲冼至囊液基本变清][，抽净后][注入][无水酒精;四环素1.0G;地塞米松][ml;mg]，[抽净后]退针。+
穿刺后观察半小时病人无不适。+,甲状腺[左叶;右叶]囊肿已作穿刺抽液硬化治疗。+,013,0,常见,UIS,001,JZXNZCC,甲状腺,NULL,NULL
201,正常颅脑,超声,颅内结构显示清晰。+
脑中线居中。+ 
脑室对称，无扩张。+
脑膜下及脑实质内未见异常回声区。+,颅内[结构]未见[明显][异常;占位性病变]。+,001,0,常见,UIS,001,ZCLN,颅脑,NULL,NULL
202,未成熟小儿脑,超声,颅内结构显示清晰，沟回浅平。+
透明隔腔宽约mm。+
左侧侧脑室前角宽约mm，右侧侧脑室前角宽约mm[，第三脑室宽约mm]。+
脑中线居中，脑室无扩张。+
脑膜下及脑实质内未见异常回声区。+,小儿脑呈未成熟脑征象。+,002,0,常见,UIS,001,WCSXEN,颅脑,NULL,NULL
203,脑积水,超声,颅内结构显示[欠]清晰。+
脑中线[居中;左移;右移][，约mm]。+
透明隔腔宽约mm。+
左侧侧脑室前角宽约mm，右侧侧脑室前角宽约mm[，第三脑室宽约mm]。+
脑室[轻度;中度;重度][不][对称]扩大。+
第三脑室[无;稍][扩大;未能显示;膨隆][，呈椭圆形]。+
脑实质变薄，约mm，未见明显局灶性异常回声区。+,[左;右;双][侧]脑室扩张[，以][左侧;右侧][明显]。+
第三脑室扩张。+
符合[轻;中;重]度脑积水。+
建议治疗后复查。+,003,0,常见,UIS,001,NJS,颅脑,NULL,NULL
204,脑出血,超声,颅内结构显示清晰。+
脑中线[居中;左移;右移][，约mm]。+
透明隔腔宽约mm。+
左侧侧脑室前角宽约mm，右侧侧脑室前角宽约mm。+
[左;右]侧侧脑室[无][变窄;扩大][，向内;，向外][移位]。+
第三脑室[无;稍]扩大。+
[左;右][额叶;顶叶;颞叶;枕叶]脑沟回欠清晰，脑实质内见散在致密点状较强回声。+
[左;右][额叶;顶叶;颞叶;枕叶;侧脑室前角][外侧;外下方;尾状核头体部]脑实质内见[个][斑点状;带状;不规则状][混合性]较强回声区，约mm×mm×mm[至mm×mm×mm]，边界欠清。+
[左侧;右侧;第三]脑室增宽，约mm，脑室内见[液--液平面;散在均匀点状强回声;团块状强回声;管型强回声][，约mm×mm×mm]。+
[左;右][额叶;顶叶;颞叶;枕叶]颅骨内板与脑组织之间见[半月形;梭状;带状][无;低;强弱不均]回声区，约mm×mm×mm。+
异常回声区周边及内部未见异常彩流信号。+
[左侧;右侧]脑膜下及脑实质内未见异常回声区。+,[左;右][额叶;顶叶;颞叶;枕叶;侧脑室前角旁][脑实质内;脑膜下;室管膜下][液][实]性占位性病变。+
符合[大;中;少]量脑[出血;内血肿]。+
[左;右][脑室大;中;少]量出血。+
[室管膜下;脑膜下][出血;血肿]。+
脑实质回声改变，符合新生儿缺血缺氧性脑病。+
建议治疗后检查。+,004,0,常见,UIS,001,NCX,颅脑,NULL,NULL
205,颅内血肿,超声,颅内结构显示[欠]清晰。+
透明隔腔宽约mm。+
左侧侧脑室前角宽约mm，右侧侧脑室前角宽约mm[，第三脑室宽约mm]。+
脑中线[居中;左移;右移][，约mm]。+
第三脑室[无;稍][扩大;未能显示]。+
左;右][额叶;顶叶;颞叶;枕叶]脑沟回欠清晰，脑实质内见散在致密点状较强回声。+
[左;右][额叶;顶叶;颞叶;枕叶;侧脑室前角旁]脑实质内见[个][斑点状;带状;不规则状]较强回声区，约mm×mm[至mm×mm]，边界欠清。+
[左;右][额叶;顶叶;颞叶;枕叶]颅骨内板与脑组织之间见[半月形;梭状;带状][无;低;强弱不均]回声区，约mm×mm×mm。+
异常回声区周边及内部未见异常彩流信号。+
[左侧;右侧]脑膜下及脑实质内未见异常回声区。+,[左;右][额叶;顶叶;颞叶;枕叶;侧脑室前角旁][脑实质内;脑膜下][液][实]性占位性病变。+
符合[大;中;少]量脑[出血;内血肿]。+
[大;中;少]量[左;右]脑室出血。+
脑膜下[出血;血肿]。+
脑实质回声改变，符合新生儿缺血缺氧性脑病。+
建议治疗后检查。+,005,0,常见,UIS,001,LNXZ,颅脑,NULL,NULL
206,脑缺血缺氧,超声,颅内结构显示清晰。+
透明隔腔宽约mm。+
左侧侧脑室前角宽约mm，右侧侧脑室前角宽约mm[，第三脑室宽约mm]。+
脑中线[居中;左移;右移][，约mm]。+
[左;右]侧侧脑室[无][变窄;扩大][，呈线状][，向内;，向外][移位]。+
第三脑室[无;稍][扩大;未能显示]。+
[左;右][额叶;顶叶;颞叶;枕叶]脑沟回欠清晰，脑实质内见散在致密点状较强回声。+
[左;右][额叶;顶叶;颞叶;枕叶侧脑室前角旁]脑实质内见[斑点状;带状;不规则状]较强回声区，约mm×mm[至mm×mm]，边界欠清。+,脑实质回声改变，符合新生儿缺血缺氧性脑病。+
未除外脑内点状出血。+
建议治疗后检查。+,006,0,常见,UIS,001,NQXQY,颅脑,NULL,NULL
207,脑脓肿,超声,颅内结构显示[欠]清晰。+
透明隔腔宽约mm。+
左侧侧脑室前角宽约mm，右侧侧脑室前角宽约mm[，第三脑室宽约mm]。+
脑中线[居中;左移;右移][，约mm]。+
[左;右]侧侧脑室[无][变窄;扩大][，呈线状][，向内;，向外][移位]。+
第三脑室[无;稍][扩大;未能显示]。+
[左;右][额叶;顶叶;颞叶;枕叶;小]脑实质内见[个][圆形;不规则形][液][实]性[，呈][混合性][较][强;低;中等]回声包块，约mm×mm[至mm×mm][，相互融合]。+
包块[包膜;边界][不]清，[不]规整[，壁][厚;薄][，不规则状][，附壁见][乳头状;不规则状][较][低;强;等][回声团，约mm ×mm][，暗区][透声好;内见][稀疏;密集;少许][网状;条带状;浮点状][弱回声][，后方回声][增强;衰减]。+
包块[周边;实质][大][部分][为][液][实][性][不][均匀][混合性][较][强;低;中等][回声][，内;，中央][见蜂窝状;点状;团状;不规则][低;强;无][回声][区][，暗区][透声好;内见][稀疏;密集;少许][网状;条带状;浮点状][弱回声]。+
包块周边[未]见[半;少许][环状;星点状][动;静][脉]彩流[，PSVmm/s，PI，RI]。+内部[未]见[较][丰富;稀少;少许][短杆状;星点状;树枝状][动;静][脉]彩流[，PSVmm/s，PI，RI][，并探及动静脉瘘血流信号]。+
[左侧;右侧]脑膜下及脑实质内未见异常回声区。+,[左;右][额叶;顶叶;颞叶;枕叶;小]脑实质内[液][实]性占位性病变。+
[结合临床][考虑][符合][小]脑脓肿可能性大。+
未除外脑肿瘤可能。+
脑脓肿治疗后，与月日对比病灶[稍;明显][缩小;扩大]。+
建议治疗后检查。+,007,0,常见,UIS,001,NNZ,颅脑,NULL,NULL
208,脑肿瘤,超声,颅内结构显示[欠]清晰。+
透明隔腔宽约mm。+
左侧侧脑室前角宽约mm，右侧侧脑室前角宽约mm[，第三脑室宽约mm]。+
脑中线[居中;左移;右移][，约mm]。+
[左;右]侧侧脑室[无][变窄;扩大][，呈线状][，向内;，向外][移位]。+
第三脑室[无;稍][扩大;未能显示]。+
[左;右][额叶;顶叶;颞叶;枕叶;小脑][内;脑膜下]见个[圆形;椭圆形;不规则形][液][囊][实]性[混合性][较][强;低;中等]回声肿块，[最大]约mm×mm×mm[至mm×mm×mm][，相互融合]。+
肿块[包膜;边界][不]清，[不]规整[，壁][厚;薄][，不规则状][，附壁见][乳头状;不规则状][较][低;强;等][回声团，约mm ×mm][，暗区][透声好;内见][稀疏;密集;少许][网状;条带状;浮点状][弱回声][，后方回声][增强;衰减]。+
肿块[周边;实质][大][部分][为][液][实][性][不][均匀][混合性][较][强;低;中等][回声][，内;，中央][见蜂窝状;点状;团状;不规则][低;强;无][回声][区][，暗区][透声好;内见][稀疏;密集;少许][网状;条带状;浮点状][弱回声]。+
肿块周边[未]见[半;少许][环状;星点状][动;静][脉]彩流[，PSVmm/s，PI，RI]。+内部[未]见[较][丰富;稀少;少许][短杆状;星点状;树枝状][动;静][脉]彩流[，PSVmm/s，PI，RI][，并探及动静脉瘘血流信号]。+
[左侧;右侧]脑膜下及脑实质内未见异常回声区。+,[左;右][额叶;顶叶;颞叶;枕叶;小脑][内;脑膜下][实][囊][实]性占位性病变（性质待定）。+
[结合临床][考虑][符合]脑[肿瘤;囊肿][可能性大][，部分液化]。+
未除外脑[肿瘤;囊肿]。+
建议[CT;MR]检查。+,008,0,常见,UIS,001,NZL,颅脑,NULL,NULL
209,正常颈部,超声,双侧胸锁乳突肌大小正常，收缩运动好。+
双侧颈前软组织未见肿胀，未见异常团块回声。+
双侧颈椎横突间隙未见变窄。+
双侧颈部淋巴结未见增大。+
双侧颈总动脉及颈静脉未见增宽或变窄。+,双侧颈软组织未见异常。+
颈部未见肿大淋巴结。+,001,0,常见,UIS,001,ZCGB,面颈部,NULL,NULL
210,颈部淋巴结,超声,[左;右][颈][外;前][上;中;下][部][锁骨上;颌下;枕后;乳突后]见[多]个[簇状][稍;明显][增大的]淋巴结，[最大]约mm×mm×mm[至mm×mm×mm]。+
淋巴结轮廓[不;欠]清晰，包膜[不;欠]规整[，可见局部隆起]，呈[扁][平][卵][类]圆形[，小肾状][，形态奇特][，L/S＝]。+
部分淋巴结相互融合，形成结节状较大团块。+
淋巴结内结构[不]清，门部和髓质[增宽;变窄;消失]，皮质[非][匀称][增宽;变窄]，呈[不][均匀;混合性]低回声[并见小片状无回声区]。+
淋巴结门血管[丰富;增多][、紊乱][，以周围明显][，呈][圣诞树;乱草;短杆;星点]状[，动脉PSVmm/s，PI，RI]。+
[左;右]颈部未见异常回声团。+,[左;右][颈][外;前][上;中;下][部][锁骨下;颌下;枕后;乳突后][动脉旁]淋巴结肿大（性质待定）。+
[结合临床][考虑][符合]淋巴[结][转移Ca;瘤;肿瘤;结核;炎;反应性增生][可能性大]。+
未除外淋巴[结][转移Ca;瘤;肿瘤;结核;炎;反应性增生][可能]。+
建议[超声导向穿刺活检;鼻咽检查]。+,002,0,常见,UIS,001,GBLBJ,面颈部,NULL,NULL
211,颈部肿块,超声,"颈[左侧;右侧;双侧;前区][上部;中部;下部;锁骨上窝][颌下;面颊部下方]见[数][多]个[簇状;类圆形;不规则形][液][囊][实]性[以][实;液][性为主的][混合性][较][强;低;中等]回声肿块，[最大]约mm×mm×mm[至mm×mm×mm][，相互融合]。+
肿块[包膜;边界][不]清，[不]规整[，壁][厚;薄][，不规则状][，附壁见][乳头状;不规则状][较][低;强;等][回声团，约mm ×mm][，暗区][透声好;内见][稀疏;密集;少许][网状;条带状;浮点状][弱回声][，后方回声][增强;衰减]。+
肿块[实质][回声][大][部分][为][液][实][性][不]均匀[回声][，间有][稀疏;密集][团状;点状][强回声]。+
肿块[内;中央]见[蜂窝状;点状;团状;不规则][低;强;无]回声[区]，暗区[透声好;内见][稀疏;密集;少许][网状;条带状;浮点状][弱回声]。+
肿块块位于[左;右]颈[总;内;外;][动;静]脉[外;内][前;后]方[,并与之紧密相连]。+
肿块块[上方;下方;内侧;外侧]见[数][多]个类圆形低回声团，[最大]约mm×mm×mm[至mm×mm×mm][，部分相互融合]。+
肿块周边[未]见[半;少许][环状;星点状][动;静][脉]彩流[，PSVmm/s，PI，RI]。+内部[未]见[较][丰富;稀少;少许][短杆状;星点状;树枝状][动;静][脉]彩流[，PSVmm/s，PI，RI][，并探及动静脉瘘血流信号]。+
对侧颈部[未]见[数][多][个]类圆形低回声团[，约mm×mm][至mm×mm][，部分相互融合]。+",[左侧;右侧;双侧]颈部[颌下;面颊部下方][囊][液][实]性占位性病变（性质待定）。+
考虑[颈部][淋巴][结][瘤;炎;结核;转移瘤;混合瘤;血管瘤;神经纤维瘤;;神经鞘瘤;炎性病灶]可能性大。+
未除外[颈部][淋巴][结][瘤;炎;结核;转移瘤;混合瘤;血管瘤;神经纤维瘤;神经鞘瘤;炎性病灶]可能。+
[双侧;左;右]颈部未见[增大]淋巴结[肿大]。+
建议[超声导向穿刺]活检。+,003,0,常见,UIS,001,GBZK,面颈部,NULL,NULL
212,腮腺肿大,超声,[双侧;左;右]腮腺[稍;增]大，包膜[不;欠]光滑，[不;欠]清晰。+
实质回声分布[不]均匀，呈[低;较强]回声[，内见][散在][点状;团状][强回声]。+
腮腺内结构正常，导管无增宽变形。+
腮腺后方[无;见]回声[增强;衰减]。+
腺体内[未]见[异常]彩流信号[较][丰富;稀少;多][，呈][短杆状;星点状;树枝状][，动脉PSVmm/s，PI，RI]。+
[双侧;左;右]腮腺大小正常，内回声未见异常。+,[双侧;左;右]腮腺[稍;明显][弥漫性][肿;肥]大。+
[结合临床][考虑]腮腺[良性增生;炎;淋巴上皮病][可能性大]。+
未除外腮腺[良性增生;炎;淋巴上皮病][可能]。+
[左侧;右侧]腮腺未见异常。+
建议[超声导向穿刺活检;治疗后复查]。+,004,0,常见,UIS,001,SXZD,面颈部,NULL,NULL
213,肥厚性心肌病,超声,２Ｄ及Ｍ型特征：
[左房;左室;右房;右室;全心;各房室腔][大小正常;稍;明显][扩大;增大][，以][左房;左室;右房;右室][明显]。+
左室壁[非]对称性肥厚[，以][室间隔;左室后壁;心尖部][中上部][明显][，最厚处mm][，IVS/LVPW=]。+
局部室间隔呈纺锤形肌突向左室致左室流出道变窄。+
室间隔、房间隔连续性好，IVS与LVPW[逆向;同向;AB型]运动，搏幅[正常;稍;明显][增强;减弱]。+
主动脉[无;稍]增宽，管壁光滑，搏幅[稍;明显][尚可;减低;增强]，主动脉瓣见[收缩期震颤][及][提前关闭]。+
肺动脉无增宽，肺动脉瓣开放关闭好，Ｍ型肺动脉后瓣曲线正常。+
二尖瓣开放幅度[稍;明显][减低;尚正常]，关闭[尚可;不拢;缘不整]，Ｍ型二尖瓣双峰[，钻石样]，前后叶逆向，EE 间距[偶见][相;不]等[，可见SAM现象]。+
三尖瓣开放、关闭好。+
[前壁;后壁;心尖部]心包[未]见分离性液性暗区[，宽mm]。+
彩色及频谱多普勒特征：
收缩期左室流出道内见[喷射状][高速]蓝黄色彩流进入升主动脉，频谱呈负向充填湍流信号[，峰速m/s][，峰值压差mmHg]。+,左室壁异常增厚及血流异常。+
[考虑]肥厚性心肌病。+
IHSS型。+
二尖瓣[前;后]叶脱垂。+
心律失常[(房颤)]。+
[左;右]心功能[轻度;中度;重度][不全;受损;未见异常]。+,039,0,常见,UIS,001,FHXXJB,心脏,NULL,NULL
214,心内弹,超声,２Ｄ及Ｍ型特征：
[左房;左室;右房;右室;全心;各房室腔][大小正常;稍;明显][扩大;增大][，以][左房;左室;右房;右室][明显]。+
[左;右]室壁[广泛性;对称性][轻;明显]增厚，以心内膜明显，回声[稍;明显]增强。+
室间隔、房间隔连续性好，IVS与LVPW[逆向;同向;AB型]运动，搏幅[正常;稍;明显][增强;减弱]。+
主动脉[无;稍]增宽，管壁光滑，搏幅[稍;明显][尚可;减低;增强]，主动脉瓣开放幅度[稍;明显][减低;尚正常]，关闭[尚可;不拢]。+
肺动脉[轻度;明显;无]增宽，肺动脉瓣开放尚可，关闭[不拢;尚可]，Ｍ型肺动脉后瓣[ a 波;曲线正常][变浅;消失][，bc 速加快][，可见提前关闭呈“Ｗ”形]。+
[二;三]尖瓣开放幅度[稍;明显][减低;尚正常]，关闭[尚可;不拢;缘不整]，Ｍ型二尖瓣双峰[，E峰][＝;<][A峰]，前后叶逆向[，钻石样]，EE 间距[偶见][相;不]等。+
[前壁;后壁;心尖部]心包[未]见分离性液性暗区[，宽mm]。+
彩色及频谱多普勒特征：
心内房室水平及各瓣口未见异常彩色湍流信号。+,[左;右]室壁及心内膜增厚[结合临床考虑]心内膜弹力纤维增生症。+
[左;右]心功能[轻度;中度;重度][不全;受损;未见异常]。+,040,0,常见,UIS,001,XND,心脏,NULL,NULL
215,限制性心肌病,超声,２Ｄ及Ｍ型特征：
[左房;左室;右房;右室;全心;各房室腔][大小正常;稍;明显][扩大;增大][，以][左房;左室;右房;右室][明显]。+
[左;右]室壁[广泛性;对称性][轻;明显]增厚，以心内膜明显，回声[稍;明显]增强。+
室间隔、房间隔连续性好，IVS与LVPW[逆向;同向;AB型]运动，搏幅[正常;稍;明显][增强;减弱]。+
主动脉[无;稍]增宽，管壁光滑，搏幅[稍;明显][尚可;减低;增强]，主动脉瓣开放幅度[稍;明显][减低;尚正常]，关闭[尚可;不拢]。+
肺动脉[轻度;明显;无]增宽，肺动脉瓣开放尚可，关闭[不拢;尚可]，Ｍ型肺动脉后瓣[ a 波;曲线正常][变浅;消失][，bc 速加快][，可见提前关闭呈“Ｗ”形]。+
二尖瓣开放幅度[稍;明显][减低;尚正常]，关闭[尚可;不拢;缘不整]，Ｍ型二尖瓣双峰[，E峰][＝;<][A峰]，前后叶逆向[，钻石样]，EE 间距[偶见][相;不]等。+
其余瓣膜开放关闭尚好。+
[前壁;后壁;心尖部]心包[未]见分离性液性暗区[，宽mm]。+
彩色及频谱多普勒特征：,[左;右]室壁及心内膜增厚[结合临床考虑]限制型心肌病。+
[左;右]心功能[轻度;中度;重度][不全;受损;未见异常]。+,041,0,常见,UIS,001,XZXXJB,心脏,NULL,NULL
216,扩张型心肌病,超声,２Ｄ及Ｍ型特征：
[全心;左房;左室;右房;右室;各房室腔][大小正常;稍;明显][扩大;增大][，以][左房;左室;右房;右室][明显][，呈球形]。+
左室[心尖部;后壁]见附壁[团状;层状]低回声[，约mm×mm]。+
左室流出道增宽明显[，Ｍ型呈喇叭口征]。+
[左;右]室[前;后][壁][轻度;明显]普遍变簿，室间隔、房间隔连续性好，IVS与LVPW[逆向;同向;AB型]运动，搏幅普遍[轻度;明显]减弱。+
主动脉[无;稍]增宽，管壁光滑，搏幅[稍;明显][尚可;减低;增强]，主动脉瓣开放幅度[稍;明显][减低;尚正常]，关闭[尚可;不拢]。+
肺动脉[轻度;明显;无]增宽，肺动脉瓣开放尚可，关闭[不拢;尚可]，Ｍ型肺动脉后瓣[ a 波;曲线正常][变浅;消失][，bc 速加快][，可见提前关闭呈“Ｗ”形]。+
[二;三]尖瓣开放幅度小，关闭[不拢;尚可]。+
Ｍ型二尖瓣[双;单]峰[，E峰][＝;<][A峰]，前后叶逆向，呈钻石样，EE 间距[偶见][相;不]等。+
其余瓣膜开放关闭尚好。+
[前壁;后壁;心尖部]心包[未]见分离性液性暗区[，宽mm]。+
彩色及频谱多普勒特征：,[全;左;右]心[脏][稍;明显]扩大[，左;，右][心为主]。+
[二尖瓣;三尖瓣][轻;中;重]度关闭不全。+
[主动脉瓣;肺动脉瓣][轻;中;重]度关闭不全。+
符合[扩张型;尿毒性;产后]心肌病。+
未除外[缺血性;尿毒性;产后]心肌病。+
[少量;中量]心包积液。+
心律失常[(房颤)]。+
心功能不全。+
左室[心尖部;后壁]附壁血栓。+
[左;右]心功能[轻度;中度;重度][不全;受损;未见异常]。+,042,0,常见,UIS,001,KZXXJB,心脏,NULL,NULL
217,心肌炎,超声,２Ｄ及Ｍ型特征：
[全心;左房;左室;右房;右室;各房室腔][大小正常;稍;明显][扩大;增大][，以][左房;左室;右房;右室][明显]。+
[左;右]室[前;后][壁][稍;明显][变;不;肥][簿;厚][，以][IVS;LVPW;RVAW][明显]，室间隔、房间隔连续性好，IVS与LVPW[逆向;同向;AB型]运动，搏幅[正常;稍;明显]减弱。+
主动脉[无;稍]增宽，管壁光滑，搏幅[稍;明显][尚可;减低;增强]，主动脉瓣开放幅度[稍;明显][减低;尚正常]，关闭[尚可;不拢]。+
肺动脉[轻度;明显;无]增宽，肺动脉瓣开放尚可，关闭[不拢;尚可]，Ｍ型肺动脉后瓣[ a 波;曲线正常][变浅;消失][，bc 速加快][，可见提前关闭呈“Ｗ”形]。+
[二;三]尖瓣开放幅度小，关闭[不拢;尚可]。+
Ｍ型二尖瓣[双;单]峰[，E峰][＝;<][A峰]，前后叶逆向[，呈钻石样]，EE 间距[偶见][相;不]等。+
其余瓣膜开放关闭尚好。+
[前壁;后壁;心尖部]心包[未]见分离性液性暗区[，宽mm]。+
彩色及频谱多普勒特征：
心内房室水平及各瓣口未见异常彩色湍流信号。+,[全;左;右]心[脏][稍;明显]扩大[，左;，右][心为主][并收缩力稍减弱]。+
[二尖瓣;三尖瓣;肺动脉瓣][轻;中;重]度关闭不全。+
[少量;中量]心包积液。+
[结合临床][结合临床][考虑][符合][病毒性]心肌炎。+
心律失常[(房颤)]。+
心功能不全。+
[左;右]心功能[轻度;中度;重度][不全;受损;未见异常]。+,043,0,常见,UIS,001,XJY,心脏,NULL,NULL
218,瓣膜脱垂,超声,２Ｄ及Ｍ型特征：
[全心;左房;左室;右房;右室;各房室腔][大小正常;稍;明显][扩大;增大][，以][左房;左室;右房;右室][明显][，呈球形]。+
[左;右]室[前;后][壁][无;稍;明显]增厚，室间隔、房间隔连续性好，IVS与LVPW[逆向;同向;AB型]运动，搏幅[正常;稍;明显][增强;减弱]。+
[二;三]尖瓣[前叶;后叶;隔瓣][无;稍;明显]增厚，关闭时瓣尖接合点[正;失]常，[前叶;后叶;隔瓣][左侧;右侧][弓形][稍;明显][移向;脱入][左;右]房[，呈连枷状]。+
Ｍ型二尖瓣[双;单]峰[，E峰圆钝]，前后叶逆向，CD段呈吊床样改变。+
主动脉[无;稍;明显]增宽，管壁光滑，搏幅[稍;明显][尚可;减低;增强]。+
主动脉瓣[无;稍;明显]增厚，关闭时瓣尖接合点[正;失]常，[左;右;无]冠瓣[弓形][稍;明显][移向;脱入]左室流出道[，呈连枷状]。+
肺动脉[轻度;明显;无]增宽，肺动脉瓣开放尚可，关闭[不拢;尚可]，Ｍ型肺动脉后瓣[ a 波;曲线正常][变浅;消失][，bc 速加快][，可见提前关闭呈“Ｗ”形]。+
其余瓣膜开放关闭尚好。+
彩色及频谱多普勒特征：,[左房;左室;右房;右室][轻;中;重]度增大。+
[二;三]尖瓣[前叶;后叶;隔瓣][稍;明显][增厚，][轻度;中度;重度]脱垂[并][轻;中;重]度关闭不全。+
主动脉瓣[左;右;无][冠瓣][稍;明显][增厚，][轻度;中度;重度]脱垂[并][轻;中;重]度关闭不全。+
结合临床考虑[二尖瓣粘液样变;马凡氏综合症;继发孔房缺;风湿性心瓣膜病;冠心病]所致。+
[左;右]心功能[轻度;中度;重度][不全;受损;未见异常]。+,044,0,常见,UIS,001,BMTC,心脏,NULL,NULL
219,腱索断裂,超声,２Ｄ及Ｍ型特征：
[全心;左房;左室;右房;右室;各房室腔][大小正常;稍;明显][扩大;增大][，以][左房;左室;右房;右室][明显][，呈球形]。+
[左;右]室[前;后][壁][无;稍;明显]增厚，室间隔、房间隔连续性好，IVS与LVPW[逆向;同向;AB型]运动，搏幅[正常;稍;明显][增强;减弱]。+
[二;三]尖瓣[前叶;后叶;隔瓣][无;稍;明显]增厚，关闭时瓣尖接合点[正;失]常，[前叶;后叶;隔瓣][左侧;右侧][弓形][稍;明显][移向;脱入][左;右]房[，呈连枷状]。+
[部分]腱索与瓣尖分离。+
Ｍ型见二尖瓣CD段呈吊床样改变。+
主动脉[无;稍;明显]增宽，管壁光滑，搏幅[稍;明显][尚可;减低;增强]。+
主动脉瓣[无;稍;明显]增厚，关闭时瓣尖接合点[正;失]常，[左;右;无]冠瓣[弓形][稍;明显][移向;脱入]左室流出道[，呈连枷状]。+
肺动脉[轻度;明显;无]增宽，肺动脉瓣开放尚可，关闭[不拢;尚可]，Ｍ型肺动脉后瓣[ a 波;曲线正常][变浅;消失][，bc 速加快][，可见提前关闭呈“Ｗ”形]。+
其余瓣膜开放关闭尚好。+
彩色及频谱多普勒特征：,[左房;左室;右房;右室][轻;中;重]度增大。+
[二;三]尖瓣[前叶;后叶;隔瓣][轻度;中度;重度][脱垂;腱索断裂][并][轻;中;重]度关闭不全。+
主动脉瓣[左;右;无][冠瓣][轻度;中度;重度]脱垂[并][轻;中;重]度关闭不全。+
结合临床考虑[二尖瓣粘液样变;马凡氏综合症;继发孔房缺;风湿性心瓣膜病;冠心病]所致。+
[左;右]心功能[轻度;中度;重度][不全;受损;未见异常]。+,045,0,常见,UIS,001,JSDL,心脏,NULL,NULL
220,可疑冠心病,超声,2Ｄ及Ｍ型特征：
各房室大小正常，室壁无增厚[，左室心尖部圆钝][，IVS类似S形]，室壁运动欠协调。+室间隔、房间隔连续性好，室间隔与左室后壁呈逆向运动，搏幅尚可。+
主动脉[无;稍]增宽，管壁[不;欠][光滑;见斑块样强回声][，约mm×mm][，重搏波][稍][消失;尚存;减低]，搏幅[稍;明显][尚可;减低;增强][僵硬状]。+
主动脉瓣[无冠瓣;左冠瓣;右冠瓣;根部][无;斑块样;稍]增厚[，以][无冠瓣;左冠瓣;右冠瓣;根部][明显]，开放关闭尚可。+
肺动脉无增宽，肺动脉瓣开放关闭好，Ｍ型肺动脉后瓣曲线正常。+
二尖瓣[前叶;后叶][根部;体部;瓣尖][无;斑块样;稍]增厚[，以][前叶;后叶][根部;体部;瓣尖][明显]，开放[尚可;受限;幅度减低]，关闭[尚可;不拢]。+
Ｍ型二尖瓣双峰，E峰[>;=;<]A峰；前后叶逆向，E-E间距[偶见][相;不]等。+
三尖瓣及肺动脉瓣未见增厚，开放关闭[尚]好。+
彩色及频谱多普勒特征：
心内房室水平及各瓣口未见异常彩色湍流信号。+,主动脉[瓣][轻度][钙;硬]化。+
心脏[左;右][室壁][及][主动脉][运动]改变[未除外;结合临床考虑][早期]冠心病。+
彩色多普勒血流显像未见异常。+
心律[失常;不整][(房颤);(早搏)]。+
[左;右]心功能[轻度;中度;重度][不全;受损;未见异常]。+,046,0,常见,UIS,001,KYGXB,心脏,NULL,NULL
221,退行性心瓣膜病,超声,２Ｄ及Ｍ型特征：
[全心;左房;左室;右房;右室;各房室腔][大小正常;稍;明显][扩大;增大][，以][左房;左室;右房;右室][明显][，呈球形]。+
[左;右]室[前;后][壁][无;稍;明显]增厚，室间隔、房间隔连续性好，IVS与LVPW[逆向;同向;AB型]运动，搏幅[正常;稍;明显][增强;减弱]。+
主动脉[不;稍;增]宽，管壁[不;欠][光滑;见斑块样强回声][，约mm×mm][，重搏波][稍][消失;尚存;减低]，搏幅[稍;明显][尚可;减低;增强][僵硬状]。+
主动脉瓣[无冠瓣;左冠瓣;右冠瓣;根部][无;斑块样;稍]增厚[，以][无冠瓣;左冠瓣;右冠瓣;根部][明显]，开放[尚可;幅度减低;受限][，MACS mm]，关闭[尚可;不拢]。+
[左冠;右冠]动脉起始段显示[不]清[，管腔宽mm][，管壁][不][平滑][，可见][斑块样][增厚][，以][;左冠;右冠][状动脉明显]。+
肺动脉无增宽，肺动脉瓣开放关闭好，Ｍ型肺动脉后瓣曲线正常。+
二尖瓣[前叶;后叶][根部;体部;瓣尖][无;斑块样;稍]增厚[，以][前叶;后叶][根部;体部;瓣尖][明显]，开放[尚可;受限;幅度减低]，关闭[尚可;不拢]。+
Ｍ型呈[双峰;单峰;城墙样;雪橇样][，A][＝;>][E峰][，EF斜率减慢][，约mm/s]，前后叶逆向[，EE'mm][，呈钻石样]，EE间距[偶见][相;不]等[，][前;后][瓣][环;体][部呈线状强回声][，可见前叶纤细扑动]。+
三尖瓣[前瓣;后瓣;隔瓣][根部;体部][无;斑块样]增厚[，以][前瓣;后瓣;隔瓣][根部;体部][明显]，开放[尚可;受限;幅度减低]，关闭[尚可;不拢]。+
彩色及频谱多普勒特征：,[左;右;各][心;房;室][脏][无;稍;明显]扩大[，以][左;右][心;室;房][为主;明显]。+
主动脉瓣[无冠瓣;左冠瓣;右冠瓣;环][钙化][并][狭窄][(轻度);(中度);(重度)][＋][相对性][关闭不全][(轻度);(中度);(重度)]。+
[二;三]尖瓣[前叶;后叶;环][体部][钙化][并][狭窄][(轻度);(中度);(重度)][＋][相对性][关闭不全][(轻度);(中度);(重度)]。+
符合老年性退行性心瓣膜病。+
未除外[合并][早期][高心病;冠心病]。+
心律失常[(房颤)]。+
[左;右]心功能[轻度;中度;重度][不全;受损;未见异常]。+,047,0,常见,UIS,001,TXXXBMB,心脏,NULL,NULL
222,缺血性心脏病,超声,２Ｄ及Ｍ型特征：
[全心;左房;左室;右房;右室;各房室腔][大小正常;稍;明显][扩大;增大][，以][左房;左室;右房;右室][明显][，呈球形]。+
[左;右]室[壁][后壁;前壁;外侧壁;心尖部][及][室间隔][上部;中部;下部;近心尖部][区][普遍;无][稍;明显][变薄;增厚]。+
[稍;明显][向外][呈瘤状][膨出，约mm][，基部宽mm]。+
室间隔呈"S"形。+
局部室壁回声加强。+
[心尖部]运动[稍;明显][欠协调;反常;减弱;消失;增强]。+
[左;右]室[壁][后壁;前壁;外侧壁;心尖部][及][室间隔][上部;中部;下部;近心尖部]运动代偿性增强。+
[左;右]室[前壁;后壁;侧壁;心尖部]见附壁低回声团[，约mm]。+
[室间隔;房间隔]连续性[好;中断][，断口约mm]。+
[左冠;右冠]动脉起始段显示[不]清[，管腔宽mm][，管壁][不][平滑][，可见][斑块样][增厚][，以][;左冠;右冠][状动脉明显]。+
主动脉[不;稍;增]宽，管壁[不;欠][光滑;见斑块样强回声，约mm×mm][，重搏波][稍][消失;尚存;减低]，搏幅[稍;明显][尚可;减低;增强][僵硬状]。+
主动脉瓣[无冠瓣;左冠瓣;右冠瓣;根部][无;斑块样;稍]增厚[，以][无冠瓣;左冠瓣;右冠瓣;根部][明显]，开放[尚可;幅度减低;受限]，关闭[尚可;不拢]。+
肺动脉无增宽，肺动脉瓣开放关闭好，Ｍ型肺动脉后瓣曲线正常。+
二尖瓣[前叶;后叶][根部;体部;瓣尖][无;斑块样;稍]增厚[，以][前叶;后叶][根部;体部;瓣尖][明显]，开放[稍;明显][尚可;受限;幅度减低][，前叶呈圆顶状]，关闭[尚可;不拢;缘不整]。+
Ｍ型呈[双峰;单峰;城墙样;雪橇样;钻石样]。+E峰[圆钝;高尖][，可见小E峰]，A峰[矮小或消失;A峰＝E峰;A>E峰][，EF斜率减慢，约mm/s]，前后叶[同;逆]向[，EE'mm]，EE间距[偶见][相;不]等[，CD段呈多层状][，可见前叶纤细扑动]。+
二尖瓣[前;后]叶关闭时移向左房，接合点[正;失]常，M型CD段呈吊床样。+
三尖瓣[前瓣;后瓣;隔瓣][根部;体部][无;斑块样]增厚[，以][前瓣;后瓣;隔瓣][根部;体部][明显]，开放[尚可;受限;幅度减低]，关闭[尚可;不拢]。+
[前壁;后壁;心尖部]心包[未]见分离性液性暗区[，宽mm]。+
左房内见附壁低回声团[，约mm×mm]。+
彩色及频谱多普勒特征：
室水平收缩期可见束状红黄色彩流由左室经缺口进入右室[，分流束面积smm][，舒张期可见][少量;中量;大量][蓝色彩流由右室经缺口进入左室]。+
室间隔缺口右室面探及[正向;双向]湍流频谱[，峰速m/s][，峰值压差mmHg]。+,[全;左;右;各][心;房;室][脏][无;稍;明显]扩大[，以][左;右][心;室;房][为主;明显]。+
[左;右]室[后壁;前壁;外侧壁;心尖部][稍;明显;局限性][增厚;变薄][并][稍;明显][外凸][及][心尖部][运动][异常;反常][改变;收缩力减弱]。+
[主动脉瓣;二尖瓣;三尖瓣][无冠瓣;左冠瓣;右冠瓣;环;根部;前叶;后叶][体部]钙化。+
[轻;中;重]度狭窄。+
[轻;中;重][相对性]关闭不全。+
[结合临床][考虑][符合][早期][高心病;贫血;冠心病][合并][早期][冠心病;高心病][(心衰型)]。+
[符合;并][老年性退行性心瓣膜病;缺血性心肌病]。+
[并][左室;右室][前壁;后壁;室间隔][心尖部][陈旧性;急性]心肌梗塞[恢复期][，室壁瘤形成][早期]。+
未除外扩张型心肌病。+
二尖瓣[前叶;后叶]脱垂。+
[乳头肌功能不全伴][轻度;中度;重度][相对性]二尖瓣关闭不全。+
[左房;左室附壁]血栓形成。+
室间隔穿孔。+
心包[大量;中量;少量]积液。+
心律失常[(房颤)]。+
[左;右]心功能[轻度;中度;重度][不全;受损;未见异常]。+,048,0,常见,UIS,001,QXXXZB,心脏,NULL,NULL
223,高血压心脏,超声,２Ｄ及Ｍ型特征：
[左房;左室;右房;右室;全心;各房室腔][大小正常;稍;明显][扩大;增大][，以][左房;左室;右房;右室][明显][，呈球形]。+
左室壁[轻度;明显][向心性]肥厚[，最厚约mm]，室间隔、房间隔连续性好，IVS与LVPW[逆向;同向;AB型]运动，搏幅[正常;稍;明显][增强;减弱]。+
主动脉[不;稍;增]宽，管壁[欠;不][光滑;见斑块样强回声][，约mm×mm][，重搏波][消失;尚存]，搏幅[稍;明显][尚可;减低;增强][僵硬状]，主动脉瓣开放幅度[稍;明显][减低;尚正常]，关闭[尚可;不拢]。+
肺动脉无增宽，肺动脉瓣开放关闭好，Ｍ型肺动脉后瓣曲线正常。+
二尖瓣开放关闭[尚]好，Ｍ型双峰，前后叶逆向，EF斜率[正常;稍慢;减慢]，CD段[稍;明显]前移，EE间距[偶见][相;不]等。+
三尖瓣开放、关闭好。+
彩色及频谱多普勒特征：
心内房室水平及各瓣口未见异常彩色湍流信号。+,[全;左;右][心][脏][稍;明显][扩大][，左;，右][心为主]。+
[左;右]室壁[稍;明显;轻度;中度;重度][肥;增]厚。+
主动脉窦扩张。+
左心压力[轻度;中度;重度]超负。+
[结合临床][考虑][符合][早期]高血压病[级]心脏改变。+
左室顺应性降低[，考虑合并冠心]。+
[左;右]心功能[轻度;中度;重度][不全;受损]。+
心律失常。+,049,0,常见,UIS,001,GXYXZ,心脏,NULL,NULL
224,风湿性心脏病,超声,２Ｄ及Ｍ型特征：
[全心;左房;左室;右房;右室;各房室腔][大小正常;稍;明显][扩大;增大][，以][左房;左室;右房;右室][明显][，呈球形]。+
[左;右]室[前;后][壁][无;稍;明显]增厚，室间隔、房间隔连续性好，IVS与LVPW[逆向;同向;AB型]运动，搏幅[正常;稍;明显][增强;减弱]。+
二尖瓣[不;稍;增;明显增]厚[，以瓣][尖;体][部明显][，回声][稍;明显][增强][，][内;外;可见][侧角粘连][钙化]，开放[受限;尚可][，MVO (3-6)smm][，MV环径(20-35)]，关闭[尚可;缘不整;不拢;时前叶脱入左房;时后叶脱入左房][，呈连枷状]。+
Ｍ型二尖瓣[呈][城墙样，;雪撬样，;单峰形，][双峰;E峰;A峰][矮小;消失]，EF斜率[正常;减慢;加快][，约mm/s]，[CD段呈双线状，]E-E间距[偶见][相;不]等，前后叶[同;逆]向[，EE'mm][，可见前叶纤细扑动]。+
腱索[稍]增粗[，挛缩]，回声[稍;明显;无]增强[，乳头肌增粗][，回声][稍;明显;无][增强][，收缩运动][正常;减弱]。+
主动脉[无;稍;明显]增宽，管壁光滑，搏幅[稍;明显][尚可;减低;增强]。+
主动脉瓣[不;稍;增;明显增]厚[，以][左;右;无][冠瓣明显][，回声][稍;明显][增强][，][左;右;无;可见][冠瓣粘连][钙化]，开放[尚可;受限][，MACS mm][，AVA smm(>2)]，关闭[尚可;不拢]。+
肺动脉[不;轻度;明显]增宽，肺动脉瓣开放尚可，关闭[不拢;尚可]，Ｍ型肺动脉后瓣 [a 波;曲线正常][变浅;消失][，bc 速加快][，可见提前关闭呈“Ｗ”形]。+
三尖瓣[不;稍;增]厚，开放[尚可;受限][，TVO smm(3-6)][，TV环径(20-35)]，关闭[尚可;缘不整;不拢]。+
左房[侧壁;后壁;左心耳部][未]见附壁低回声团[，约mm×mm]。+
[前壁;后壁;心尖部]心包[未]见分离性液性暗区[，最宽mm]。+
彩色及频谱多普勒特征：,风湿性心脏病[联合瓣膜病]。+
二尖瓣[前叶;后叶][轻度;中度;重度]脱垂。+
二尖瓣[轻;中;重][度][狭窄][(MVA2.5-1.5smm);(MVA1.5-1.0smm);(MVA<1.0smm)][并][轻;中;重][度][关闭不全][(RJA/LAA<20％);(RJA/LAA20-40％);(RJA/LAA>40％)]。+
主动脉瓣[轻;中;重][度][狭窄][(AVA2.0-1.2smm);(AVA1.2-0.75smm);(AVA<0.75smm)][并][轻;中;重][度][关闭不全][(PHT>400ms);(PHT400-250ms);(PHT<250ms)]。+
三尖瓣[轻;中;重][度][狭窄][并][轻;中;重][度][相对性][关闭不全]。+
[轻;中;重]度肺动脉高压[并][轻;中;重][度关闭不全]。+
左房血栓形成。+
[少;中;大]量心包积液。+
[主动脉;二尖]瓣[稍增厚;钙化]。+
心律失常[(房颤)]。+
[结合临床考虑;未除外]心脏炎。+
[左;右]心功能[轻度;中度;重度][不全;受损;未见异常]。+,050,0,常见,UIS,001,FSXXZB,心脏,NULL,NULL
225,感染性心内膜炎,超声,２Ｄ及Ｍ型特征：
[左房;左室;右房;右室;全心;各房室腔][大小正常;稍;明显][扩大;增大][，以][左房;左室;右房;右室][明显][，呈球形]。+
[左;右]室[前;后][壁][无;稍;明显]增厚，室间隔、房间隔连续性好，IVS与LVPW[逆向;同向;AB型]运动，搏幅[正常;稍;明显][增强;减弱]。+
二尖瓣[前;后][不;稍;增;明显增]厚[，回声][稍;明显][增强][，以瓣][尖;体][部明显][，内;，外][侧角粘连][钙化]，开放[尚可;受限][，MVO smm(3-6)][，MV环径(20-35)]，关闭[尚可;缘不整;不拢]。+
二尖瓣[前;后]叶附着[团块状;条索状;不规则状][强;中等;低]回声[，约mm][×mm][，随开放、关闭摆动][，呈连枷状]。+
Ｍ型二尖瓣[双峰;单峰][，消失][，呈][城墙样;雪撬样][，前后瓣间见蓬草样低回声]，EF斜率[正常;减慢;加快]，E-E间距[偶见][相;不]等，前后叶[同;逆]向[，EE'mm][，可见前叶纤细扑动]。+
腱索增粗[，挛缩]，回声[稍;明显;无]增强[，乳头肌增粗][，回声][稍;明显;无][增强][，收缩运动][正常;减弱]。+
主动脉[无;稍;明显]增宽，管壁光滑，搏幅[稍;明显][尚可;减低;增强]。+
主动脉瓣[不;稍;增;明显增]厚[，回声][稍;明显][增强][，以][左;右;无][冠瓣明显][，][左;右;无][冠瓣粘连][钙化]，开放[尚可;受限][，MACS mm][，AVA smm(>2)][，AV环径(20-30)]。+
主动脉瓣[左;右;无]冠瓣[左室侧]附着[团块状;条索状;不规则状][强;中等;低]回声[，约mm][×mm][，随瓣膜运动摆动][，呈连枷状]。+
肺动脉[轻度;明显;无]增宽，肺动脉瓣开放尚可，关闭[不拢;尚可]，Ｍ型肺动脉后瓣[ a 波;曲线正常][变浅;消失][，bc 速加快][，可见提前关闭呈“Ｗ”形]。+
[前壁;后壁;心尖部]心包[未]见分离性液性暗区[，宽mm]。+
三尖瓣[不;稍;增]厚，开放[尚可;受限][，TVO smm(3-6)][，TV环径(20-35)]，关闭[尚可;缘不整;不拢]。+
[二尖瓣;主动脉瓣][无;轻度;明显]增厚，开放[尚可;受限]，关闭[尚可;不拢]。+
彩色及频谱多普勒特征：,[风湿性;先天性]心脏病。+
[并]感染性心内膜炎。+
[二尖瓣;主动脉瓣]上赘生物[并][部分][腱索断裂;脱垂]。+
二尖瓣[狭窄][(轻度);(中度);(重度)][并][关闭不全][(轻度);(中度);(重度)]。+
主动脉瓣[狭窄][(轻度);(中度);(重度)][并][关闭不全][(轻度);(中度);(重度)]。+
三尖瓣[狭窄][(轻度);(中度);(重度)][并][相对性][关闭不全]。+
[轻;中;重]度肺动脉高压[并][轻;中;重][度关闭不全]。+
心律失常[(房颤)]。+
[左;右]心功能[轻度;中度;重度][不全;受损;未见异常]。+,051,0,常见,UIS,001,GRXXNMY,心脏,NULL,NULL
226,人工瓣置换术后,超声,２Ｄ及Ｍ型特征：
[左房;左室;右房;右室;全心;各房室腔][大小正常;稍;明显][扩大;增大][，以][左房;左室;右房;右室][明显][，呈球形]。+
[左;右]室[前;后][壁][无;稍;明显]增厚，室间隔、房间隔连续性好，IVS与LVPW[逆向;同向;AB型]运动，搏幅[正常;稍;明显][增强;减弱]。+
二尖瓣位[机械;生物]瓣架[固定;摆动]，瓣叶[无异常回声]附着[团块状;条索状;不规则状][强;中等;低][回声，约mm][×mm][，随开放、关闭摆动][，呈连枷状]，启闭[灵活;受限][，有效瓣口面积smm]。+
瓣周[未]见[异常;蓬草样;血肿暗区]回声[，约mm]。+
Ｍ型呈[双峰;单峰;城墙样;雪撬样]，EF斜率[正常;减慢;加快]，E-E间距[偶见][相;不]等，前后叶[同;逆]向[，EE'mm][，可见前叶纤细扑动]。+
腱索增粗[，挛缩]，回声[稍;明显;无]增强[，乳头肌增粗][，回声][稍;明显;无][增强][，收缩运动][正常;减弱]。+
主动脉[无;稍;明显]增宽，管壁光滑，搏幅[稍;明显][尚可;减低;增强]。+
主动脉瓣位[机械;生物]瓣架[固定;摆动]，瓣叶[无异常回声]附着[团块状;条索状;不规则状][强;中等;低][回声，约mm][×mm][，随开放、关闭呈连枷状]，启闭[灵活;受限][，有效瓣口面积smm]，瓣周[未]见[异常;蓬草样;血肿暗区]回声[，约mm]。+
[二尖瓣;主动脉瓣][无;轻度;明显]增厚，开放[尚可;受限]，关闭[尚可;不拢]。+
三尖瓣[不;稍;增]厚，开放[尚可;受限]，关闭[尚可;缘不整;不拢]。+
肺动脉[轻度;明显;无]增宽，肺动脉瓣开放尚可，关闭[不拢;尚可]，Ｍ型肺动脉后瓣[ a 波;曲线正常][变浅;消失][，bc 速加快][，可见提前关闭呈“Ｗ”形]。+
[前壁;后壁;心尖部]心包[未]见分离性液性暗区[，宽mm]。+
彩色及频谱多普勒特征：
[二尖;主动脉]瓣[机械;生物]瓣瓣周漏[收缩;舒张]期见[处][束;线]状五彩返流信号。+,[二尖;主动脉]位人工[机械;生物]瓣置换术后。+
[左房;左室][稍;明显;仍][回缩;增大]。+
[二尖瓣;主动脉瓣][机械;生物]瓣功能[正;异]常。+
[二尖瓣;主动脉瓣][机械;生物]瓣瓣周漏。+
[二尖瓣;主动脉瓣][机械;生物]瓣上赘生物[，符合感染性心内膜炎]。+
二尖瓣[机械;生物]瓣[狭窄][(轻度);(中度);(重度)][并][关闭不全][(轻度);(中度);(重度)]。+
主动脉瓣[机械;生物]瓣[狭窄][(轻度);(中度);(重度)][并][关闭不全][(轻度);(中度);(重度)]。+
三尖瓣[狭窄][(轻度);(中度);(重度)][并][相对性][关闭不全]。+
[轻;中;重]度肺动脉高压[并][轻;中;重][度关闭不全]。+
心律失常[(房颤)]。+
[左;右]心功能[轻度;中度;重度][不全;受损;未见异常]。+,052,0,常见,UIS,001,RGBZHSH,心脏,NULL,NULL
227,心房粘液瘤,超声,２Ｄ及Ｍ型特征：
[左房;左室;右房;右室;全心;各房室腔][大小正常;稍;明显][扩大;增大][，以][左房;左室;右房;右室][明显][，呈球形]。+
[左;右]室[前;后][壁][无;稍;明显]增厚，室间隔、房间隔连续性好，IVS与LVPW[逆向;同向;AB型]运动，搏幅[正常;稍;明显;反常][增强;减弱]。+
[左;右]房内见低回声团[，约mm×mm]，以蒂附着于[房间隔;左房后壁;右房侧壁]，瘤体在[二;三]尖瓣口来回活动。+
Ｍ型[二;三]尖瓣城墙样，前后叶逆向，前叶下方见团状回声，距DE曲线有一陡直空隙。+
肺动脉[轻度;明显;无]增宽，肺动脉瓣开放尚可，关闭[不拢;尚可]，Ｍ型肺动脉后瓣[ a 波;曲线正常][变浅;消失][，bc 速加快][，可见提前关闭呈“Ｗ”形]。+
其余瓣膜开放关闭尚好。+
彩色及频谱多普勒特征：,[左;右]房粘液瘤。+
肺动脉高压[并肺动脉瓣相对关闭不全]。+
[左;右]心功能[轻度;中度;重度][不全;受损;未见异常]。+,053,0,常见,UIS,001,XFNYL,心脏,NULL,NULL
228,心室肿瘤,超声,２Ｄ及Ｍ型特征：
[左房;左室;右房;右室;全心;各房室腔][大小正常;稍;明显][扩大;增大][，以][左房;左室;右房;右室][明显][，呈球形]。+
[左;右]室[前;后][壁][无;稍;明显]增厚，室间隔、房间隔连续性好，IVS与LVPW[逆向;同向;AB型]运动，搏幅[正常;稍;明显;反常][增强;减弱]。+
[左;右]室[前;后;内;外]壁[心尖部]见[低;较强]回声团隆起[，约mm×mm]，基部较宽，表面不光滑。+
主动脉[无;稍;明显]增宽，管壁光滑，搏幅[稍;明显][尚可;减低;增强]。+
肺动脉无增宽，肺动脉瓣开放关闭好，Ｍ型肺动脉后瓣曲线正常。+
[二;三]尖瓣开放、关闭好，Ｍ型二尖瓣双峰，E峰<A峰，前后叶逆向，EE 间距[偶见][相;不]等。+
彩色及频谱多普勒特征：
心内房室水平及各瓣口未见异常彩色湍流信号。+,[左;右]室壁肿瘤。+
未排[左;右]室附壁血栓。+,054,0,常见,UIS,001,XSZL,心脏,NULL,NULL
229,缩窄心包炎,超声,"２Ｄ及Ｍ型特征：
[左房;右房][稍;明显]增大,[左室;右室][相对]缩小。+
左室后壁与左房后壁夹角度。+
[前;后;心尖部]心包腔见分离性液性暗区[，最宽mm][，暗区内见点状低回声漂浮]。+
心包内[可见条索状较强回声;呈分隔状液性暗区]。+
[脏;壁]层心包[无;广泛;不规则;稍]增厚[，回声加强]。+
室壁运动[稍;明显]减弱(，平坦状;，呈盔甲样)，IVS(于舒张早期突然向后运动;与LVPW逆向运动]。+
室壁不厚，室间隔、房间隔连续性好。+
[二;三]尖瓣开放、关闭好，Ｍ型二尖瓣双峰，EF斜率加快，前后叶逆向，EE 间距[偶见][相;不]等。+
主动脉[无;稍]增宽，管壁光滑，搏幅[稍;明显][尚可;减低;增强]。+
肺动脉无增宽，肺动脉瓣开放关闭好，Ｍ型肺动脉后瓣曲线正常。+
彩色及频谱多普勒特征：
心内房室水平及各瓣口未见异常彩色湍流信号。+",心包增厚，[大;中;少]量[包裹性]心包积液。+
[结合临床][考虑][符合][渗出;缩窄性;慢性]心包炎。+
[左;右]心室舒张功能[轻度;中度;重度][不全;受损;未见异常]。+
[左;右]心室泵功能[轻度;中度;重度][不全;降低;未见异常]。+
穿刺定位见体表标记[，皮肤至液面mm][，液体深约mm]。+
心包积液治疗后现积液[稍;明显;基本][减少;增加;无变化;消失]。+,055,0,常见,UIS,001,SZXBY,心脏,NULL,NULL
230,心包积液,超声,"２Ｄ及Ｍ型特征：
心脏[稍;明显]增大[，呈球形]，[左房;右房][稍;明显]增大,[左室;右室][相对]缩小。+
可见[右房;右室][轻度;明显][壁塌陷征]。+
[前;后;心尖部]心包腔见分离性液性暗区[，最宽约mm][，暗区内见点状低回声漂浮]。+
心包内[可见条索状较强回声;呈分隔状液性暗区]。+
[脏;壁]层心包[无;广泛;不规则;稍]增厚[，最厚约mm][，回声加强]。+
前心包壁层上见团块状较强回声，约mm×mm×mm。+
心脏被液性暗区包绕，呈摆动状。+
IVS(于舒张早期突然向后运动;与LVPW逆向运动][，搏幅][正常;稍;明显][增强;减弱]。+
室壁不厚，室间隔、房间隔连续性好。+
[二;三]尖瓣开放、关闭好，Ｍ型二尖瓣双峰，EF斜率加快，前后叶逆向，EE 间距[偶见][相;不]等。+
主动脉[无;稍]增宽，管壁光滑，搏幅[稍;明显][尚可;减低;增强]。+
肺动脉无增宽，肺动脉瓣开放关闭好，Ｍ型肺动脉后瓣曲线正常。+
彩色及频谱多普勒特征：
心内房室水平及各瓣口未见异常彩色湍流信号。+",[大;中;少]量[包裹性]心包积液。+
[结合临床][考虑][符合][渗出;慢性][心包炎;心包填塞]。+
穿刺定位见体表标记[，皮肤至液面mm][，液体深约mm]。+
心包积液治疗后现积液[稍;明显;基本][减少;增加;无变化;消失]。+
[未除外]心包转移性肿瘤可能。+
[左;右]心室舒张功能[轻度;中度;重度][不全;受损;未见异常]。+
[左;右]心室泵功能[轻度;中度;重度][不全;降低;未见异常]。+,056,0,常见,UIS,001,XBJY,心脏,NULL,NULL
231,心包肿瘤,超声,２Ｄ及Ｍ型特征：
心脏[稍;明显]增大[，呈球形]，[各房室腔;左房;右房][稍;明显][不;增]大，[左室;右室][大小正常，][可见][右房;右室][轻度;明显][壁塌陷征]。+
[前壁;后壁;心尖部]心包见分离性液性暗区[，最宽mm][，暗区内见点状低回声漂浮]。+
[脏;壁]层心包[无;广泛;不规则;稍]增厚[，回声加强]。+
心包内[可见条索状较强回声;呈分隔状液性暗区]。+
[前;后;心尖部]心包[脏;壁]层见团块状[较强;较低]回声[，大小约mm×mm]。+
心脏被液性暗区包绕，呈摆动状。+
室壁不厚，室间隔、房间隔连续性好，IVS与LVPW逆向运动，搏幅[正常;稍;明显][增强;减弱]。+
室壁不厚，室间隔、房间隔连续性好，室壁运动减弱，呈盔甲样，IVS抖动状。+
左室后壁运动平坦状。+
左室后壁与左房后壁夹角度。+
主动脉[无;稍]增宽，管壁光滑，搏幅[稍;明显][尚可;减低;增强]。+
肺动脉无增宽，肺动脉瓣开放关闭好，Ｍ型肺动脉后瓣曲线正常。+
[二;三]尖瓣开放、关闭好，Ｍ型二尖瓣双峰，E峰<A峰，前后叶逆向，EE 间距[偶见][相;不]等。+
彩色及频谱多普勒特征：
心内房室水平及各瓣口未见异常彩色湍流信号。+,[大;中;少]量[包裹性]心包积液。+
[结合临床][考虑][符合][渗出;缩窄性;慢性][心包炎;心包填塞]。+
穿刺定位见体表标记[，皮肤至液面mm][，液体深约mm]。+
心包积液治疗后现积液[稍;明显;基本][减少;增加;无变化;消失]。+
心包内占位性病变，考虑[转移性]肿瘤[可能]。+
[左;右]心功能[轻度;中度;重度][不全;受损;未见异常]。+,057,0,常见,UIS,001,XBZL,心脏,NULL,NULL
232,人工起搏器,超声,２Ｄ及Ｍ型特征：
[左房;左室;右房;右室;全心;各房室腔][大小正常;稍;明显][扩大;增大][，以][左房;左室;右房;右室][明显][，呈球形]。+
[左;右]室[前;后][壁][无;稍;明显]增厚，室间隔、房间隔连续性好，IVS与LVPW[逆向;同向;AB型]运动，搏幅[正常;稍;明显;反常][增强;减弱]。+
主动脉[无;稍]增宽，管壁光滑，搏幅[稍;明显][尚可;减低;增强]。+
肺动脉无增宽，肺动脉瓣开放关闭好，Ｍ型肺动脉后瓣曲线正常。+
[二;三]尖瓣开放、关闭好，Ｍ型二尖瓣双峰，E峰<A峰，前后叶逆向，EE 间距[偶见][相;不]等。+
右心室心尖[耳;处]见条状强回声，宽约mm，长约mm，与之相连见一条双线样强回声。+
彩色及频谱多普勒特征：
心内房室水平及各瓣口未见异常彩色湍流信号。+,右心室心尖[耳;处]异常回声结合临床考虑为人工起搏器。+
心功能未见异常。+,058,0,常见,UIS,001,RGQBQ,心脏,NULL,NULL
233,心包积液穿刺,超声,２Ｄ及Ｍ型特征：
心脏[稍;明显]增大[，呈球形]，[各房室腔;左房;右房][稍;明显][不;增]大，[左室;右室][大小正常，][可见][右房;右室][轻度;明显][壁塌陷征]。+
[前壁;后壁;心尖部]心包见分离性液性暗区，最宽mm[，暗区内见点状低回声漂浮]。+
[脏;壁]层心包[无;广泛;不规则;稍]增厚[，回声加强]。+
心包内[可见条索状较强回声;呈分隔状液性暗区]。+
[前;后;心尖部]心包[脏;壁]层见团块状[较强;较低]回声[，大小约mm×mm]。+
心脏被液性暗区包绕，呈摆动状。+
选[剑下左缘;胸骨左缘][第肋骨间]为穿刺进针点。+
常规消毒铺巾，用[1％;2％]利多卡因局麻[，安置导向针]。+
用[14;16;18;20]G穿刺[套管]针沿引导线进针，针尖到达液区[后留置套管]，抽出[淡][红;草绿]色液体约ml[，用][0.5％灭滴灵;NS][反复冲冼][，最后注入[异烟肼0.5克;地塞米松10MG]后退针。+
穿刺后观察半小时病人无不适。+,[大;中;少]量[包裹性]心包积液。+
已作心包穿刺抽液治疗。+
现积液[稍;明显;基本][减少;无变化;消失]。+
[左;右]心功能[轻度;中度;重度][不全;受损;未见异常]。+,059,0,常见,UIS,001,XBJYCC,心脏,NULL,NULL
234,正常胸腔,超声,双侧胸膜未见增厚，胸膜腔未见液性暗区，肺尖显示清，活动性好。+,双侧胸腔未见明显异常。+,001,0,常见,UIS,001,ZCXQ,胸部,NULL,NULL
235,胸腔积液,超声,[双侧;左;右]胸腔[腋;锁骨;肩胛;脊柱旁][后;中;前][线][至][腋;锁骨;胸骨旁][后;中;前][线][、][第肋间][以下;至][第肋间][肋膈窦][为;见][少;中;大]量液性暗区，液体最深处mm，内[透声好;见][浮点状;网格状][纤维索][较][强;弱][回声]。
[壁层;脏层]胸膜[无;广泛;不规则;局限性][稍;明显;轻度]增厚[，最厚mm]。
[左;双]肺组织[无;部分;大部分;完全]压缩[，纵隔及心脏移向右侧]。
[双侧;左;右]胸腔内见[大;中;少]量游离气体回声。
[双侧;左;右]胸膜未见增厚，胸膜腔未见液性暗区，肺尖显示清，活动性好。+,[双侧;左;右]胸部外伤并。
[双侧;左;右]胸腔[极][少;中;大]量积液[并感染]。
[双侧;左;右]胸腔积液治疗后积液较月日[明显;稍;基本][增加;减少;消失]。
[双侧;左;右]胸膜增厚。
[符合][急性;慢性][渗出性]胸膜炎。
[双侧;左;右]脓胸。
[双侧;左;右][气;液气]胸。
穿刺定位见体表标记，该处皮肤到液面mm，液体深度mm。
已作穿刺定位。
因左胸积液内纤维条索多，估计抽液困难，故不作穿刺定位。
建议[超声导向穿刺;治疗后复查][活检;抽液治疗]。+,002,0,常见,UIS,001,XQJY,胸部,NULL,NULL
236,胸水穿刺,超声,[左;右]侧胸腔可见[大;中;少;微]量无回声暗区，暗区前缘距皮肤约mm，暗区最大浓度约mm，暗区中央距皮肤约mm。+[暗区内可见高回声分隔。+]

常规消毒铺巾，局部麻醉，于超声引导下穿刺入侧胸腔，抽取[淡黄;暗红;淡红;黄]色液体约ml[，送病理细胞学检查]。+术程顺利，术中病人无不适反应。+

,[左;右]侧胸腔抽液。+,003,0,常见,UIS,001,XSCC,胸部,NULL,NULL
237,包裹性胸腔积液,超声,[左;右]侧胸腔[第肋间][至][第肋间][以下;肋膈窦]、[胸骨旁;锁骨;腋][后;中;前][线]至[腋;肩胛;脊柱旁][后;中;前][线][为;见][月形;梭形][少;中;大]量液性暗区，液体最深处[mm]。+
暗区内[见;透声好][浮点状;纤维索浮状;网格状][较][强;弱][回声]。+
[壁层;脏层]胸膜[无;广泛;不规则;局限性][稍;轻度;明显]增厚[，最厚mm]。+
[左;右]肺组织[无;部分;大部分;完全]压缩[，纵隔及心脏移向右侧]。+
[左;右]侧胸腔内见[大;中;少]量游离气体回声。+
[双侧;左;右]胸膜未见增厚，胸膜腔未见液性暗区，肺尖显示清，活动性好。+,[双侧;左;右]胸腔[少;中;大]量包裹性积液。+
[双侧;左;右]胸腔积液治疗后积液较月日[明显;稍;基本][增加;减少;消失]。+
[双侧;左;右]胸膜增厚。+
[符合][急性;慢性][渗出性]胸膜炎。+
[双侧;左;右]脓胸。+
[双侧;左;右][气;液气]胸。+
穿刺定位见体表标记[，该处皮肤到液面mm][，液体深度mm]。+
已作穿刺定位。+
建议[超声导向穿刺;治疗后复查][活检;抽液治疗]。+,004,0,常见,UIS,001,BGXXQJY,胸部,NULL,NULL
238,肺脓肿,超声,[左;右]肺[腋;锁骨;肩胛][后;中;前][线第肋间水平][近胸膜处]见个[圆形;类圆形;不规则形][以][液][实][为主][液][实]性[混合性][较][强;低;中等]回声包块，约mm×mm×mm。+
包块[包膜;边界][不]清，[不]规整[，壁][厚;薄][，不规则状][，附壁见][乳头状;不规则状][较][低;强;等][回声团，约mm ×mm][，暗区][透声好;内见][稀疏;密集;少许][网状;条带状;浮点状][弱回声][，后方回声][增强;衰减]。+
包块[周边;实质][大][部分][为][液][实][性][较][强;低;中等][回声][不][均匀][，内][见蜂窝状;点状;团状;不规则][低;强;无][回声][区][，暗区][透声好;内见][稀疏;密集;少许][网状;条带状;浮点状][弱回声]。+
包块周边[未]见[半;少许][环状;星点状][动;静][脉]彩流[，PSVmm/s，PI，RI]。+内部[未]见[较][丰富;稀少;少许][短杆状;星点状;树枝状][动;静][脉]彩流[，PSVmm/s，PI，RI][，并探及动静脉瘘血流信号]。+
[左;右]胸腔[液;锁骨;肩胛][后;中;前][线;肋膈窦][第肋间]见[少;中]量液性暗区。+
胸膜[无;稍;明显]增厚。+
[双侧;左;右]胸膜不厚，胸腔内未见液性暗区，肺尖显示清，活动性好。+,[左;右]肺[上;中;下][前;后;外]部[多发性][液][实][性占位性病]变。+
[结合临床][考虑][符合]肺[脓肿;不张][可能]。+
未除外肺[脓肿;不张][可能]。+
肺脓肿治疗后，与月日对比病灶[稍;明显][缩小;扩大]。+
[左;右]胸腔[少;中]量积液。+
穿刺定位见体表标记[，该处皮肤到液面mm][，液体深度mm]。+
建议[超声导向穿刺;治疗后复查][活检;抽液治疗]。+,005,0,常见,UIS,001,FNZ,胸部,NULL,NULL
239,肺肿瘤,超声,[左;右]肺[腋;锁骨;肩胛][后;中;前][线第肋间水平][近胸膜处]见个[圆形;类圆形;不规则形][液][实]性[混合性][较强;较低;中等]回声肿块，[最大]约mm×mm×mm[至mm×mm×mm]。+
肿块[包膜;边界][不]清[，有暗环]，[不]规整[，分叶状;，伪足状]，内回声分布[不]均匀声[，内见;中央见][蜂窝状;点状;团状;不规则][低回声区;强回声;液性暗区][，后方回声][增强;衰减]。+
局部壁层胸膜连续性[好;中断]，肿块与胸壁间活动[消失;尚好]。+
肿块周边[未]见[半;少许][环状;星点状][动;静][脉]彩流[，PSVmm/s，PI，RI]。+内部[未]见[较][丰富;稀少;少许][短杆状;星点状;树枝状][动;静][脉]彩流[，PSVmm/s，PI，RI][，并探及动静脉瘘血流信号]。+
肿块旁肺组织实变，内见[气相;液相]支气管回声。+
[左;右]胸腔[液;锁骨;肩胛][后;中;前][线;肋膈窦][第肋间]见[少;中;大]量液性暗区。+
胸膜[无;稍;明显]增厚，呈[局限性;弥漫性大小不等]结节状[，约mm×mm×mm][至mm×mm×mm]。+
[左;右]胸膜不厚，胸腔内未见液性暗区，肺尖显示清，活动性好。+,[左;右]肺[上;中;下][前;后;外]部[多发性][液][实]性占位性病变（性质待定）。+
[结合临床][考虑][符合][周围型;中央型][肺Ca;结核瘤][可能]。+
未除外[周围型;中央型][肺Ca;结核瘤][可能]。+
[左;右][上;中;下]肺局部肺不张。+
[左;右]胸腔[大;中;少]量积液。+
建议[超声导向穿刺;治疗后复查][活检;抽液治疗]。+,006,0,常见,UIS,001,FZL,胸部,NULL,NULL
240,纵膈肿瘤,超声,[左;右][上;下][前;后]纵膈见[个][圆形;类圆形][液][囊][实]性[混合性][较][强;低;中等]回声肿块，约mm×mm×mm[至mm×mm×mm]。+
肿块[包膜;边界][不]清，[不]规整[，壁][厚;薄][，][不规则状;分叶状;伪足状][，相互融合]。+
内部回声分布[不]均匀[，内见][蜂窝状;点状;团状;不规则][低;强;无][回声区，约mm×mm×mm]。+
[暗区;肿块][透声好;内见][稀疏;密集;少许][网状;条带状;浮点状][弱回声][及脂液平面]。+
附壁见[乳头状;不规则状][较][低;强;等]回声团，约mm×mm[，后方回声][增强;衰减]。+
肿块周边[未]见[半;少许][环状;星点状][动;静][脉]彩流[，PSVmm/s，PI，RI]。+内部[未]见[较][丰富;稀少;少许][短杆状;星点状;树枝状][动;静][脉]彩流[，PSVmm/s，PI，RI][，并探及动静脉瘘血流信号]。+
上腔静脉受压变形，局部血流[加速;减慢;消失]。+
[双侧;左;右]胸膜不厚，胸腔内未见液性暗区，肺尖显示清，活动性好。+,[左;右][上;下][前;后]纵膈[液][囊][实]性占位性病变（性质待定）。+
[结合临床][考虑][符合][神经纤维瘤;恶性淋巴瘤;畸胎瘤;囊肿;胸内甲状腺肿][可能]。+
未除外[神经纤维瘤;恶性淋巴瘤;畸胎瘤;囊肿;胸内甲状腺肿][可能]。+
上腔静脉受压。+
建议[超声导向穿刺;治疗后复查][活检]。+,007,0,常见,UIS,001,ZGZL,胸部,NULL,NULL
241,胸膜间皮瘤,超声,[双侧;左;右]胸腔[腋;锁骨;肩胛;脊柱旁][后;中;前][线][至][腋;锁骨;胸骨旁][后;中;前]线[、][第肋间][以下;至][第肋间][肋膈窦][为;见][少;中;大]量液性暗区，液体最深处[mm]，内[透声好;见][浮点状;纤维索浮状;网格状][较][强;弱][回声]。+
[双侧;左;右][腋;锁骨;肩胛;脊柱旁][后;中;前][线][至][腋;锁骨;胸骨旁][后;中;前]线[、][第][前;后][肋间][至第][前;后]肋间[水平以下][壁层;脏层]胸膜见[局限性;弥漫性][轻度;稍;明显]增厚，最厚约mm[，呈大小不等结节状][，结节大小约mm×mm][至mm×mm]。+
肿块表面[不]规整[，分叶状]，基底浆膜线连续性[好;中断]，内回声分布[不]均匀，呈[混合性][较强;较低;中等]回声。+
肿块周边[未]见[半;少许][环状;星点状][动;静][脉]彩流[，PSVmm/s，PI，RI]。+内部[未]见[较][丰富;稀少;少许][短杆状;星点状;树枝状][动;静][脉]彩流[，PSVmm/s，PI，RI][，并探及动静脉瘘血流信号]。+
[双侧;左;右]胸膜未见增厚，胸膜腔未见液性暗区，肺尖显示清，活动性好。+,[左;右]胸膜[局限性;弥漫性;多发性][实性占位;增厚]性病变。+
[结合临床][考虑][符合][结核性]胸膜[间皮瘤;转移瘤;炎]。+
未除外[结核性]胸膜[间皮瘤;转移瘤;炎]。+
[左;右]胸腔[大;中;少]量积液。+
建议[超声导向穿刺;治疗后复查][活检;抽液治疗]。+,008,0,常见,UIS,001,XMJPL,胸部,NULL,NULL
242,胸膜增厚,超声,[双侧;左;右]胸腔[腋;锁骨;肩胛;脊柱旁][后;中;前][线][至][腋;锁骨;胸骨旁][后;中;前]线[、][第肋间][以下;至][第肋间][肋膈窦][为;见][少;中;大]量液性暗区，液体最深处[mm]，内[透声好;见][浮点状;纤维索浮状;网格状][较][强;弱][回声]。+
[双侧;左;右][腋;锁骨;肩胛;脊柱旁][后;中;前][线][至][腋;锁骨;胸骨旁][后;中;前]线[、][第][前;后][肋间][至第][前;后]肋间[水平以下][壁层;脏层]胸膜见[局限性;弥漫性][轻度;稍;明显]增厚[，最厚约mm][，呈大小不等结节状][，结节大小约mm×mm][至mm×mm]。+
肿块表面[不]规整[，分叶状]，基底浆膜线连续性[好;中断]，内回声分布[不]均匀，呈[混合性][较强;较低;中等]回声。+
肿块周边[未]见[半;少许][环状;星点状][动;静][脉]彩流[，PSVmm/s，PI，RI]。+内部[未]见[较][丰富;稀少;少许][短杆状;星点状;树枝状][动;静][脉]彩流[，PSVmm/s，PI，RI][，并探及动静脉瘘血流信号]。+
[双侧;左;右]胸膜未见增厚，胸膜腔未见液性暗区，肺尖显示清，活动性好。+,[左;右]胸膜[局限性;弥漫性;多发性][实性占位;增厚]性病变。+
[结合临床][考虑][符合][结核性]胸膜[间皮瘤;转移瘤;炎]。+
未除外[结核性]胸膜[间皮瘤;转移瘤;炎]。+
[左;右]胸腔[大;中;少]量积液。+
建议[超声导向穿刺;治疗后复查][活检;抽液治疗]。+,009,0,常见,UIS,001,XMZH,胸部,NULL,NULL
243,眼球测值,超声,[左;右]眼前房深约mm[，前房角约mm]，眼轴约mm，晶体前后径约mm。+
[左;右]眼[视网膜中央;睫状;眼]动脉PSV mm/s，[EDV mm/s，][TAV mm/s，]RI ，PI 。+,[左;右;双]眼轴[增大;缩短]。+
[左;右;双][眼底;视网膜中央动脉;眼睫状动脉;眼动脉][未见][轻度;重度;明显][异常;硬化][，以][左;右][为著]。+,001,0,常见,UIS,001,YQCZ,眼球,NULL,NULL
244,正常眼球,超声,[左;右]眼前房深约mm[，前房角约mm]，眼轴约mm，晶体前后径约mm。+
双眼球对称[，大小正常]
双眼球壁光滑，连续性好。+
晶体显示清晰，位置正常，内部透声好。+
玻璃体暗区透声好。+
球后组织未见增宽，回声均匀，视神经显示清晰。+
[左;右;双]眼球壁光滑，连续性好，晶体显示清晰，位置正常，玻璃体暗区透声好，球后未见异常回声。+,双眼内结构未见[明显]异常。+
[左;右;双]眼轴[增大;缩短]，[提示;符合][高度][近;远]视。+,002,0,常见,UIS,001,ZCYQ,眼球,NULL,NULL
245,白内障,超声,[左;右]眼前房深约mm[，前房角约mm]，眼轴约mm，晶体前后径约mm。+
双眼球[不]对称，[左侧;右侧;大小正常][增大;偏大;缩小;偏小;变形]。+
[左;右;双]晶体前后皮质区呈[带状;环晕状]强回声，核心区域呈梭形[强;低]回声[，以][左;右][侧明显][，后伴声尾]。+
[左;右;双]晶体核心区域呈强回声，自中心向皮质逐渐减弱[，以][左;右][侧明显]。+
[左;右;双]晶体[回;透]声[普遍;好][稍;明显][增强][，以][左;右][侧明显]。+
[左;右;双][整个]晶体[呈弥漫][内见个]点[团]状强回声[，后伴声影][，约mm×mm][至mm×mm][，以][左;右][侧明显]。+
[左;右;双]眼球壁[欠]光滑，连续性[尚]好。+
[左;右;双]眼玻璃体暗区[内见;透声好][点片状;线团状;团块状;棉絮状][较低回声，可随眼球浮动]。+
[左;右;双]眼球后组织回声均匀，视神经显示清晰。+
[左;右;双]眼球壁光滑，连续性好，晶体显示清晰，位置正常，玻璃体暗区透声好，球后未见异常回声。+,[左;右;双]眼晶体改变符合[老年性;先天性][皮质性;绕核性;核性;完全性]白内障[，以][左;右][侧明显]。+
[左;右;双]眼[轴;变形][增大;缩短][，][提示;符合][高度][近视;远视]。+,003,0,常见,UIS,001,BNZ,眼球,NULL,NULL
246,晶体脱位,超声,[左;右]眼前房深约mm[，前房角约mm]，眼轴约mm，晶体前后径约mm。+
双眼球[不]对称，[左侧;右侧;大小正常][增大;偏大;缩小;偏小;变形]。+
[左;右;双][晶体][部分;全部][脱离原位]。+
[左;右;双]晶体前后皮质区呈[带状;环晕状]强回声，核心区域呈梭形[强;低]回声[，以][左;右][侧明显][，后伴声尾]。+
[左;右;双]晶体核心区域呈强回声，自中心向皮质逐渐减弱[，以][左;右][侧明显]。+
[左;右;双]晶体[回;透]声[普遍;好][稍;明显][增强][，以][左;右][侧明显]。+
[左;右;双][整个]晶体[呈弥漫][内见个]点[团]状强回声[，后伴声影][，约mm×mm][至mm×mm][，以][左;右][侧明显]。+
[左;右;双]眼球壁[欠]光滑，连续性[尚]好。+
[左;右;双]眼玻璃体暗区[内见;透声好][点片状;线团状;团块状;棉絮状][较低回声，可随眼球浮动]。+
[左;右;双]眼球后组织回声均匀，视神经显示清晰。+
[左;右;双]眼球壁光滑，连续性好，晶体显示清晰，位置正常，玻璃体暗区透声好，球后未见异常回声。+,[左;右;双]眼晶体[部分;全部][脱位;异物]。+
[左;右;双]眼晶体改变符合[老年性;先天性][皮质性;绕核性;核性;完全性]白内障[，以][左;右][侧明显]。+
[左;右;双]眼[轴;变形][增大;缩短][，][提示;符合][高度][近视;远视]。+,004,0,常见,UIS,001,JTTW,眼球,NULL,NULL
247,晶体异物,超声,[左;右]眼前房深约mm[，前房角约mm]，眼轴约mm，晶体前后径约mm。+
双眼球[不]对称，[左侧;右侧;大小正常][增大;偏大;缩小;偏小;变形]。+
[左;右;双]晶体前后皮质区呈[带状;环晕状]强回声，核心区域呈梭形[强;低]回声[，以][左;右][侧明显][，后伴声尾]。+
[左;右;双]晶体核心区域呈强回声，自中心向皮质逐渐减弱[，以][左;右][侧明显]。+
[左;右;双]晶体回声[回;透]声[普遍;好][稍;明显][增强][，以][左;右][侧明显]。+
[左;右;双][整个]晶体[呈弥漫][内见个]点[团]状强回声[，后伴声影][，约mm×mm][至mm×mm][，以][左;右][侧明显]。+
[左;右;双]眼球壁[欠]光滑，连续性[尚]好。+
[左;右;双]眼玻璃体暗区[内见;透声好][点片状;线团状;团块状;棉絮状][较低回声，可随眼球浮动]。+
[左;右;双]眼球后组织回声均匀，视神经显示清晰。+
[左;右;双]眼球壁光滑，连续性好，晶体显示清晰，位置正常，玻璃体暗区透声好，球后未见异常回声。+,[左;右;双]眼晶体[部分;全部][脱位;异物]。+
[左;右;双]眼晶体改变符合[老年性;先天性][皮质性;绕核性;核性;完全性]白内障[，以][左;右][侧明显]。+
[左;右;双]眼[轴;变形][增大;缩短][，][提示;符合][高度][近视;远视]。+,005,0,常见,UIS,001,JTYW,眼球,NULL,NULL
248,玻璃体出血,超声,[左;右]眼前房深约mm[，前房角约mm]，眼轴约mm，晶体前后径约mm。+
双眼球[不]对称，[左侧;右侧;大小正常][增大;偏大;缩小;偏小;变形]。+
[左;右;双]眼玻璃体内见[点片状;线团状;团块状;棉絮状]较低回声，可随眼球浮动[，可见“后运动”现象]。+
[左;右;双]眼玻璃体内见[线团状;分枝状;膜状]较强回声[，一端附于球][后;上;下;颞侧;鼻侧][壁][，另一端可随眼球漂动]。+
[左;右;双]眼玻璃体内见[点片状;线团状;团块状;棉絮状]较低回声，可随眼球浮动[，可见“后运动”现象]。+
[左;右;双]眼玻璃体内见[线团状;分枝状;膜状]较强回声[，一端附于球][后;上;下;颞侧;鼻侧][壁][，另一端可随眼球漂动]。+
[左;右]眼玻璃体暗区透声好。+
[左;右;双]眼球壁光滑，连续性好。+
双眼晶体显示清晰，位置正常，内部透声好。+
双眼球后组织未见增宽，回声均匀，视神经显示清晰。+,[左;右;双]眼球外伤。+
[左;右;双]眼玻璃体[出血;混浊][，机化]。+
[左;右;双]眼轴[增大;缩短]，[提示;符合][高度][近;远]视。+,006,0,常见,UIS,001,BLTCX,眼球,NULL,NULL
249,视网膜炎,超声,[左;右]眼前房深约mm[，前房角约mm]，眼轴约mm，晶体前后径约mm。+
双眼球[不]对称，[左侧;右侧;大小正常][增大;偏大;缩小;偏小;变形]。+
双眼晶体显示清晰，位置正常。+
玻璃体暗区透声好。+
视网膜不光滑，稍增厚，或见不规则斑片状强回声，无声影，连续性尚好。+
球后组织回声均匀，视神经显示清晰。+
视网膜中央动脉流速及RI、PI各值在正常范围。+,双眼视网膜增厚钙化，考虑炎症所致可能。+,007,0,常见,UIS,001,SWMY,眼球,NULL,NULL
250,视网膜脱离,超声,"[左眼;右眼;双眼]形态结构[正常;失常],玻璃体暗区内可见异常强回声光带,呈[一字形;V字形;W形],[凹面向前;后端连于视乳头;前端止于视网膜锯齿缘;宽口向前;窄口向后与视乳头相连;赤道部扫查呈""同心圆征""],光带[较薄而整齐;厚薄不一;内有小暗区],后方为网膜下积液暗区,光带距眼球后壁约mm。
","[左眼;右眼;双眼]玻璃体内异常强光带,考虑[部分性视网膜脱离;完全性视网膜脱离;陈旧性视网膜脱离]。
",008,0,常见,UIS,001,SWMTL,眼球,NULL,NULL
251,眼内异物,超声,[左;右]眼前房深约mm[，前房角约mm]，眼轴约mm，晶体前后径约mm。+
双眼球[不]对称，[左侧;右侧;大小正常][增大;偏大;缩小;偏小;变形]。+
[左;右;双]眼球[鼻侧;颞侧;前;上;下;后]壁见连续中断[，缺口约mm]。+
[左;右;双]眼[鼻侧;颞侧;前方;上方;下方;后方][玻璃体内;球壁;球后][鼻侧;颞侧;前方;上方;下方;后方]见[个][不规则状;短杆状;团块状]强回声，约mm×mm×mm[至mm×mm×mm][，后伴声][影;尾]。+
[左;右;双]玻璃体内见[多]个[线团状;点片状;团块状;棉絮状]不均质较强回声[，约mm ×mm][至mm ×mm]。+
[左;右;双]眼[后;上;下;颞侧;鼻侧]壁见一分离强回声带，呈[弧形;"V"字形;不规则形]凸向玻璃体暗区内[，前与锯状缘相连;，后连接视乳头]。+
强回声带[光滑;粗糙;厚薄不一][，呈皱褶状]。+
强回声带之下暗区内见点状弱回声。+
[左;右]眼球壁光滑，连续性好，晶体显示清晰，位置正常，玻璃体暗区透声好，球后未见异常回声。+,[左;右;双]眼球外伤。+
[左;右;双]眼球内异物。+
球壁穿孔。+
玻璃体出血。+
[左;右;双]眼[完全;部分]视网膜脱离。+
[左;右;双]眼[轴;变形][增大;缩短]。+,009,0,常见,UIS,001,YNYW,眼球,NULL,NULL
252,脉络膜脱离,超声,[左;右]眼前房深约mm[，前房角约mm]，眼轴约mm，晶体前后径约mm。+
双眼球[不]对称，[左侧;右侧;大小正常][增大;偏大;缩小;偏小;变形]。+
[左;右;双]眼玻璃体暗区内，于赤道之前见一条弧形强回带[，凹面向后][，可见脉络膜接吻征][，][无;见][后运动]。+
强回声带内见血管彩流信号。+
[左;右]眼球壁光滑，连续性好，晶体显示清晰，位置正常，球后未见异常回声。+
[左;右]眼球壁光滑，连续性好，晶体显示清晰，位置正常，玻璃体暗区透声好，球后未见异常回声。+,[左;右]眼[脉络膜脱离;玻璃体后剥离]。+
[左;右;双]眼轴[增大;缩短]，[提示;符合][高度][近;远]视。+,010,0,常见,UIS,001,MLMTL,眼球,NULL,NULL
253,玻璃体后剥离,超声,[左;右]眼前房深约mm[，前房角约mm]，眼轴约mm，晶体前后径约mm。+
双眼球[不]对称，[左侧;右侧;大小正常][增大;偏大;缩小;偏小;变形]。+
[左;右;双]眼玻璃体暗区内，于赤道之前见一条弧形强回带[，凹面向后][，可见脉络膜接吻征][，][无;见][后运动]。+
强回声带内见血管彩流信号。+
[左;右]眼球壁光滑，连续性好，晶体显示清晰，位置正常，球后未见异常回声。+
[左;右]眼球壁光滑，连续性好，晶体显示清晰，位置正常，玻璃体暗区透声好，球后未见异常回声。+,[左;右]眼[脉络膜脱离;玻璃体后剥离]。+
[左;右;双]眼轴[增大;缩短]，[提示;符合][高度][近;远]视。+,011,0,常见,UIS,001,BLTHBL,眼球,NULL,NULL
254,玻璃体增生症,超声,[左;右]眼前房深约mm[，前房角约mm]，眼轴约mm，晶体前后径约mm。+
双眼球[不]对称，[左侧;右侧;大小正常][增大;偏大;缩小;偏小;变形]。+
[左;右]眼球玻璃体内见[数][多]个三角形不均质团块[，约mm×mm][至mm×mm]。+
团块尖端连视乳头，底端连接捷状体及晶体[，后部回声衰减]。+
彩色多普勒显示团块内无血管彩流信号。+
球壁光滑，整齐。+
[左;右]眼晶体显示清晰，位置正常，球后未见异常回声。+
[左;右]眼球壁光滑，连续性好，晶体显示清晰，位置正常，玻璃体暗区透声好，球后未见异常回声。+,[左;右]眼内占位性病变（性质待定）。+
考虑眼玻璃体增生症[可能]。+,012,0,常见,UIS,001,BLTZSZ,眼球,NULL,NULL
255,外伤性低眼压,超声,[左;右]眼前房深约mm[，前房角约mm]，眼轴约mm，晶体前后径约mm。+
双眼球[不]对称，[左侧;右侧;大小正常][增大;偏大;缩小;偏小;变形]。+
[左;右;双]眼球[鼻侧;颞侧;前;上;下;后]壁见[处]裂隙状不连续分离[，宽约mm]。+
[左;右;双]视网膜面粗糙。+
[左;右;双]眼晶体显示清晰，位置正常，玻璃体透声好，球后未见异常回声。+
[左;右]眼球壁光滑，连续性好，晶体显示清晰，位置正常，玻璃体暗区透声好，球后未见异常回声。+,[左;右;双]眼球外伤性低眼压。+,013,0,常见,UIS,001,WSXDYY,眼球,NULL,NULL
256,海绵窦动静脉瘘,超声,[左;右]眼前房深约mm[，前房角约mm]，眼轴约mm，晶体前后径约mm。+
双眼球[不]对称，[左侧;右侧;大小正常][增大;偏大;缩小;偏小;变形]。+
[左;右;双]眼球壁光滑，连续性好，晶体显示清晰，位置正常，玻璃体暗区透声好，球后未见异常回声。+
[左;右]眼上静脉扩张[，宽约mm]，眶内软组织[稍;明显]增宽。+
视神经增宽[，约mm]，与上直肌之间见一血管回声，内见动脉化静脉血流信号。+
[左;右]眼球壁光滑，连续性好，晶体显示清晰，位置正常，玻璃体暗区透声好，球后未见异常回声。+,[左;右]眼内血管改变考虑海绵窦动静脉瘘。+,014,0,常见,UIS,001,HMDDJML,眼球,NULL,NULL
257,正常淋巴结,超声,[双侧;左;右][颈;腋窝;腹股沟][前;外][上;中;下][部][锁骨上;颌下;枕后;乳突后][腹腔;腹主;左髂;右髂][动脉旁]见个[稍大;明显增大;正常大小]淋巴结，[最大]约mm×mm×mm[至mm×mm×mm]。+
淋巴结轮廓清晰规整，扁平卵圆形，呈小肾状[，L/S＝（正常大于2）]，淋巴结门与皮质结构[不]清，皮质呈均匀低回声。+
淋巴结门[无]彩流[稀少][，呈星点状][，动脉PSVmm/s][，PI][，RI]。+,[双侧;左;右][颈;腋窝;腹股沟][前;外][上;中;下][部][锁骨上;颌下;枕后;乳突后][腹腔;腹主;左髂;右髂][动脉旁]淋巴结[未见异常;恢复正常]。+,001,0,常见,UIS,001,ZCLBJ,其他,NULL,NULL
258,淋巴结良性增生,超声,[双侧;左;右][颈;腋窝;腹股沟][前;外][上;中;下][部][锁骨上;颌下;枕后;乳突后][腹腔;腹主;左髂;右髂][动脉旁]见个[多个][稍;明显]增大淋巴结，[最大]约mm×mm×mm[至mm×mm×mm][，部分相互融合]。+
淋巴结轮廓清晰规整，扁卵圆形，呈小肾状[，L/S＝（正常大于2）]，淋巴结门和髓质增宽，皮质匀称变窄并呈均匀低回声。+
淋巴结门血管[丰富;增多;正常][，呈][圣诞树;短杆;星点]状[，动脉PSVmm/s，PI，RI]。+,[双侧;左;右][颈;腋窝;腹股沟][前;外][上;中;下][部][锁骨上;颌下;枕后;乳突后][腹腔;腹主;左髂;右髂][动脉旁]淋巴结肿大。+
[结合临床][考虑][符合]淋巴结[炎;反应性增生][可能性大]。+
未除外淋巴[结][转移Ca;瘤;肿瘤][可能]。+
建议[超声导向穿刺][活检;治疗后;定期][复查;鼻咽检查]。+,002,0,常见,UIS,001,LBJLXZS,其他,NULL,NULL
259,淋巴结结核,超声,[双侧;左;右][颈;腋窝;腹股沟][前;外][上;中;下][部][锁骨上;颌下;枕后;乳突后][腹腔;腹主;左髂;右髂][动脉旁]见[多]个[稍;明显]增大淋巴结，[最大]约mm×mm×mm[至mm×mm×mm]。+
淋巴结轮廓[不;欠]清晰，包膜[不;欠]规整[，呈类圆形][，L/S＝（正常大于2）]，淋巴结门和髓质结构不清，皮质非匀称增宽。+
淋巴结部分相互融合，呈簇状或蜂窝状较大团块。+
[团块结节;皮质]呈不均质低回声[并见小片状无回声区]。+
淋巴结血管[丰富;增多]，分布紊乱，以周围明显[，呈][乱草;短杆;星点]状[，动脉PSVmm/s，PI，RI]。+,[双侧;左;右][颈;腋窝;腹股沟][前;外][上;中;下][部][锁骨上;颌下;枕后;乳突后][腹腔;腹主;左髂;右髂][动脉旁]淋巴结肿大。+
[结合临床][考虑][符合]淋巴结结核[可能性大]。+
未除外淋巴[结][转移Ca;瘤;肿瘤;炎;反应性增生][可能]。+
建议[超声导向穿刺][活检;治疗后;定期][复查;鼻咽检查]。+,003,0,常见,UIS,001,LBJJH,其他,NULL,NULL
260,淋巴结肿瘤,超声,[双侧;左;右][颈;腋窝;腹股沟][前;外][上;中;下][部][锁骨上;颌下;枕后;乳突后][腹腔;腹主;左髂;右髂][动脉旁]见[多]个[稍;明显]增大淋巴结，[最大]约mm×mm×mm[至mm×mm×mm][，部分相互融合形成约mm×mm肿块]。+
淋巴结轮廓[不;欠]清晰，包膜[不;欠]规整[，可见局部隆起][，呈类圆形][，形态奇特][，L/S＝（正常大于2）]，淋巴结门和髓质[变窄;消失]，皮质非匀称增宽，呈[不]均匀[较][低;强]回声。+
淋巴结门血管[丰富;增多;稀少][、紊乱][，呈][乱草;短杆;星点]状[，动脉PSVmm/s][，PI][，RI（0.70）]。+,[双侧;左;右][颈;腋窝;腹股沟][前;外][上;中;下][部][锁骨上;颌下;枕后;乳突后][腹腔;腹主;左髂;右髂][动脉旁]淋巴结肿大。+
结合临床考虑[符合]淋巴[结][转移Ca;瘤;肿瘤][可能性大]。+
未除外淋巴结[炎;反应性增生][可能]。+
建议[超声导向穿刺][活检;治疗后;定期][复查;鼻咽检查]。+,004,0,常见,UIS,001,LBJZL,其他,NULL,NULL
261,CDI,超声,肿块周边[未]见[半;少许][环状;星点状][动;静][脉]彩流[，PSVmm/s，PI，RI]。+
内部[未]见[较][丰富;稀少;少许][短杆状;星点状;树枝状][动;静][脉]彩流[，PSVmm/s，PI，RI][，并探及动静脉瘘血流信号]。+,肿块血供[见][较][丰富;稀少][，呈][高;低][流][高;低][阻][型]。+
肿块周边及内部未见异常彩流信号。+
肿块探及动静脉瘘血流信号。+,005,0,常见,UIS,001,CDI,其他,NULL,NULL
262,恶性肿瘤,超声,见1个不规则形混合性较强回声肿块，约mm×mm×mm。+肿块不规整，边界欠清，与邻近组织相连。+肿块实质回声不均，强弱不等，以强回声为主，内见多个大小不等、形态不规则液性暗区。+
肿块周边见少许彩流，呈环绕状，肿块内血供较丰富，呈树枝状，动脉PSVmm/s，PI，RI。+
可探及动静脉短路频谱。+,液实性占位性病变（性质待定），考虑Ca，未排纤维瘤。+
建议CT检查。+,006,0,常见,UIS,001,EXZL,其他,NULL,NULL
263,良性肿瘤,超声,见1个不规则实性较强回声肿块，约mm×mm×mm。+肿块形态规整，有包膜，内部回声你均匀。+加压肿块无明显变形。+
肿块周边见少许环状彩流，肿块内血供偏少，呈星点状彩流，动脉PSVmm/s，PI，RI。+,实性占位性病变（性质待定），考虑神经纤维瘤，未排Ca。+
建议CT检查。+,007,0,常见,UIS,001,LXZL,其他,NULL,NULL
264,囊肿,超声,肝见个类圆形囊性肿块，约mm×mm，囊壁薄，光滑，囊内透声好，后方回声增强。+
肿块周边及内部未见彩流信号。+,肝囊性占位性病变，符合肝囊肿。+
建议超声导向穿刺硬化治疗。+,008,0,常见,UIS,001,NZ,其他,NULL,NULL
265,结石,超声,肾内见个团状强回声，约mm×mm，伴声影。+,右肾结石。+
建议治疗后复查。+,009,0,常见,UIS,001,JS,其他,NULL,NULL
267,正常前列腺,超声,经直肠超声探查前列腺：
前列腺大小正常[，约mm×mm×mm]，包膜光滑，实质回声均匀。+
前列腺内血管分布正常，血管阻力未见增加。+
双精囊腺未见明显异常,前列腺未见[明显]异常。+
双精囊腺未见明显异常,002,0,常见,UIS,001,ZCQLX,前列腺,NULL,NULL
268,前列腺炎,超声,经[腹;会阴;直肠]探查前列腺：
前列腺约mm×mm×mm，稍大，两侧叶对称，略呈球形，包膜[不;欠]光滑、完整。+
腺实质回声欠均匀，呈点片状低回声。+
内可见个点团状强回声，约mm×mm[及mm×mm]，伴声影。+
前列腺未见异常彩流信号。+,前列腺稍大并不均质改变，符合慢性前列腺炎。+
前列腺内钙化灶。+,003,0,常见,UIS,001,QLXY,前列腺,NULL,NULL
269,前列腺增大,超声,"经[腹部;直肠]探查:
    膀胱[过度;轻度]充盈状态，形态正常,膀胱壁[弥漫性;局部][增厚;不厚],表面欠光滑。[膀胱残余尿量> ml]。
　　前列腺增大，包膜稍增厚，中央沟[消失;变浅]，大小约××mm。实质回声不均匀，可见多个粗大光斑，伴声影，未见异常光团暗区。[CDFI：未见异常血流信号。]
    双侧精囊腺[大小形态正常;体积增大]回声[均匀;不均匀]。",前列腺增生并钙化声像。 
射精管囊肿。
膀胱壁增厚。,004,0,常见,UIS,001,QLXZD,前列腺,NULL,NULL
270,前列腺癌,超声,经[腹;会阴;直肠]探查前列腺：
前列腺约mm×mm×mm。+
前列腺非对称性增大，形态失常，表面结节状。+
外腺[左;右]侧叶见多个强弱不等结节样回声，约mm×mm[至mm×mm]，结节无包膜，后方回声衰减。+
局部腺体外凸，腺包膜不完整(，结节突破腺包膜与)[直肠壁;膀胱壁;盆壁相连]。+
结节周边[未]见[半;少许][环状;星点状][动;静][脉]彩流[，PSVmm/s，PI，RI]。+内部[未]见[较][丰富;稀少;少许][短杆状;星点状;树枝状][动;静][脉]彩流[，PSVmm/s，PI，RI][，并探及动静脉瘘血流信号]。+
内腺受压变形，回声欠均匀。+,前列腺[轻度;中度;重度]肿大并(多发性)占位性病变（性质待定）。+
考虑前列腺Ca。+
肿块侵犯[直肠壁;膀胱壁;左侧盆壁;右侧盆壁]。+
建议[治疗后;经直肠;彩色多普勒][超声][复查;检查;导向穿刺活检]。+,005,0,常见,UIS,001,QLXA,前列腺,NULL,NULL
271,前列腺术后,超声,经[腹;会阴;直肠]探查前列腺：
残余前列腺[，约mm][×mm][×mm]，形态失常，呈[类菱形;类倒三角形]，包膜[不;欠]光滑，实质回声不均匀，稍增强。+
尿道内口至前列腺膜部尿道呈[漏斗状;呈弯曲]状[，最宽约mm]。+
前列腺未见异常彩流信号。+,前列腺[电;旋;切大部份切除]术后。+
残余腺体积正常。+,006,0,常见,UIS,001,QLXSH,前列腺,NULL,NULL
272,后尿道结石,超声,前列腺约mm×mm×mm，形态大小正常，实质回声均匀。+
后尿道内见团状强回声，约mm×mm，伴明显声影。+,后尿道结石嵌顿。+
建议KUB检查后碎石治疗。+,007,0,常见,UIS,001,HNDJS,前列腺,NULL,NULL
287,肾上腺测值,超声,[左;右]肾上腺约mm×mm×mm。+,[双侧;左;右]肾上腺未见占位性病变。+,001,0,常见,UIS,001,SSXCZ,肾上腺,NULL,NULL
288,正常肾上腺,超声,[双侧;左;右]肾上腺大小形态及回声未见异常。+,[双侧;左;右]肾上腺未见占位性病变。+,002,0,常见,UIS,001,ZCSSX,肾上腺,NULL,NULL
289,肾上腺肿瘤,超声,[左;右]侧肾上腺部位[IVC后外方]见[椭圆形;类圆形][液]实性[混合性][较强;较低;中等]回声肿块，约mm×mm×mm。+
肿块包膜清，规整，呈环形强回声带，与肾包膜强回声带形成“海鸥征”，肿块实质回声较均匀。+
[内见;中央见][蜂窝状;点状;团状;不规则][低回声区;强回声;液性暗区]。+
后方回声[增强;衰减]。+
呼吸时肿块不随肝同步移动。+
肿块周边[未]见[半;少许][环状;星点状][动;静][脉]彩流[，PSVmm/s，PI，RI]。+内部[未]见[较][丰富;稀少;少许][短杆状;星点状;树枝状][动;静][脉]彩流[，PSVmm/s，PI，RI][，并探及动静脉瘘血流信号]。+
[左;右]肾[受压移位;受浸润]。+
[双侧;左;右]肾上腺大小形态及回声未见异常。+,[双侧;左;右]肾上腺区实性占位性病变（性质待定）。+
[结合临床][考虑][符合]肾上腺[腺瘤;嗜络细胞瘤;神经细胞瘤;髓脂肪瘤][可能性大]。+
未除外肾上腺[腺瘤;嗜络细胞瘤;神经细胞瘤;髓脂肪瘤][可能]。+
[双侧;左;右]肾上腺未见异常。+
建议超声导向穿刺活检。+,003,0,常见,UIS,001,SSXZL,肾上腺,NULL,NULL
290,肾上腺髓样脂肪瘤,超声,[左;右]侧肾上腺部位[IVC后外方]见[椭圆形;类圆形][液]实性[混合性][较强;较低;中等]回声肿块，约mm×mm×mm。+
肿块边界[不]清，[不]规整[，分叶状;，伪足状]，内回声分布[不]均匀。+
[内见;中央见][蜂窝状;点状;团状;不规则][低回声区;强回声;液性暗区]。+
后方回声[增强;衰减]。+
呼吸时肿块不随肝同步移动。+
肿块周边[未]见[半;少许][环状;星点状][动;静][脉]彩流[，PSVmm/s，PI，RI]。+内部[未]见[较][丰富;稀少;少许][短杆状;星点状;树枝状][动;静][脉]彩流[，PSVmm/s，PI，RI][，并探及动静脉瘘血流信号]。+
[左;右]肾[受压移位;受浸润]。+
[双侧;左;右]肾上腺大小形态及回声未见异常。+,[双侧;左;右]肾上腺区实性占位性病变（性质待定）。+
[结合临床][考虑][符合]肾上腺[腺瘤;嗜络细胞瘤;神经细胞瘤;髓脂肪瘤][可能性大]。+
未除外肾上腺[腺瘤;嗜络细胞瘤;神经细胞瘤;髓脂肪瘤][可能]。+
[双侧;左;右]肾上腺未见异常。+
建议超声导向穿刺活检。+,004,0,常见,UIS,001,SSXSYZFL,肾上腺,NULL,NULL
291,正常输尿管,超声,[双侧;左;右]输尿管未见扩张。+,[双侧;左;右]输尿管未见积水。+,001,0,常见,UIS,001,ZCSNG,输尿管,NULL,NULL
292,输尿管结石,超声,[左;右;双侧]输尿管[上;中;下][段;全程][无;稍;明显;呈烟斗状]扩张[，宽mm]，
[上;中;下][段][距][肾盂口;输尿管移行部;髂嵴;髂动脉;膀胱开口][mm][内;水平;处]见个团状强回声，约mm×mm，[伴;无][明显]声影。+
[左;右]输尿管[上段;中段;下段][无扩张;显示不清]。+,[双侧;左;右]输尿管[上段;中段;下段]扩张积水。+
[未除外;考虑][双侧;左;右]输尿管[上段;中段;下段][多发性]结石[可能性大]。+
建议[K.U.B;I.V.P;肾功能;治疗后;超声导向穿刺肾盂造影][复查;检查;碎石治疗]。+,002,0,常见,UIS,001,SNGJS,输尿管,NULL,NULL
293,输尿管积水,超声,[左;右;双侧]输尿管[上;中;下][段;全程][稍;明显;呈烟斗状]扩张，宽mm，[远端因肠气多，观察欠清，]
[上;中;下][段][距][肾盂口;输尿管移行部;髂嵴;髂动脉;膀胱开口][mm][内;水平;处][未]见[个]团状强回声[，约mm×mm][至mm×mm][，][伴;无][明显][声影]。
[双侧;左;右]输尿管未见扩张。,[双侧;左;右]输尿管[上段;中段;下段][轻度;中度;重度]扩张积水。
考虑[双侧;左;右][上段;中段;下段]输尿管梗阻，[结石;Ca]可能性大。
建议[KUB;IVP;超声导向穿刺肾盂造影]。,003,0,常见,UIS,001,SNGJS,输尿管,NULL,NULL
294,输尿管疾病,超声,[左;右]输尿管[全程;上段;下段;无][无;稍;明显]扩张[，宽mm]。+
[上段;下段]于[距][肾盂口;膀胱开口][mm]处[变窄;见低回声团块][，约mm×mm至mm×mm]，管腔[呈漏斗状;突然截断]，远端消失[，管壁不完整]。+
[双侧;左;右]输尿管全程扩张，膀胱开口处见闭合不良[，以][左;右][侧为著]。+
下段膀胱开口处呈囊状突入膀胱，约mm×mm，囊壁见多个小孔喷尿[，囊内见个团状强回声，约mm×mm至mm×mm，伴声影]。+
[双侧;左;右]输尿管未见扩张。+,[左;右]输尿管[上;下]段[狭窄;占位性病变]。+
[粘连;血块;肿瘤]?
[双侧;左;右]输尿管膀胱开口处闭合不良。+
[左;右]输尿管膀胱开口囊肿[并结石]。+
建议[膀胱镜检;IVP;经直肠彩色多普勒超声检查]。+,004,0,常见,UIS,001,SNGJB,输尿管,NULL,NULL
295,正常颈部血管,超声,[双侧;左;右]颈总动脉mm，颈内动脉mm，颈外动脉mm，椎动脉mm，
颈总动脉PSVmm/s[，EDVmm/s][，TAVmm/s]。+
颈内动脉PSVmm/s[，EDVmm/s][，TAVmm/s]。+
颈外动脉PSVmm/s[，EDVmm/s][，TAVmm/s]。+
动脉内膜呈平滑线状[，约mm]，未见斑块状强回声，局部管腔无变窄。+
彩色多普勒未见局部彩流充盈缺损及湍流。+
频谱形态正常，频窗清晰，声频柔和响亮[，流速无增高或减慢，血管阻力无增高]。+
[左;右;双侧]颈内静脉管腔约mm，内膜光滑，未见异常彩流信号。+,[左;右;双侧]颈部动静脉未见异常。+,001,0,常见,UIS,001,ZCGBXG,外周血管,NULL,NULL
296,正常椎动脉,超声,[双侧;左;右]椎动脉管腔未见变窄[，管腔约mm]，内膜光滑[，约mm]，彩流充盈好。+
频谱形态正常，频窗清晰，声音柔和[，流速无增高或减慢，血管阻力无增高]。+
PSVmm/s[，EDVmm/s][，TAVmm/s]，PI，RI。+,[左;右;双侧]椎动脉未见异常。+,002,0,常见,UIS,001,ZCZDM,外周血管,NULL,NULL
297,颈动脉硬化,超声,[左;右;双侧]颈总动脉内径mm，颈内动脉内径mm，颈外动脉内径mm。+
颈总动脉PSVmm/s[，EDVmm/s][，TAVmm/s]。+
颈内动脉PSVmm/s[，EDVmm/s][，TAVmm/s]。+
颈外动脉PSVmm/s[，EDVmm/s][，TAVmm/s]。+
[双侧;左;右][升主动脉;颈总;颈内;颈外]内膜[无;稍;明显;广泛][不规则][明显]增厚[，约mm]，[不;欠]光滑[，可见][多]处[隆起性;串珠状][低;等;强]回声斑块，[最]厚约mm[至mm]，长约mm[至mm]。+
管腔[未]见[局限性][梭形][明显;稍][变窄;增宽][，宽mm][，狭窄了％][，局部弯曲]。+
管腔内[未;间断][见;充满][附壁][低;较强]回声团，[最][厚约mm][至mm][，长约mm][至mm]。+
彩色多普勒[可;未]见局部彩流充盈缺损[及湍流]。+
频谱形态[正;失]常[，呈双向;，拱桥状][，波峰][圆钝;高尖;低矮][，峰时][稍;明显][后移][，频带][增宽;变窄][，频窗][充填;清晰][，声频][粗糙;柔和]、[响亮;低沉]。+
颈部各静脉通畅。+,[左;右;双侧][颈总;颈内;颈外][稍;轻度;明显]动脉[内膜][轻度;斑块样][增厚][粥样]硬化[并血栓形成][，管腔][狭窄;闭塞]。+
[左;右;双侧]颈部[动;静]脉未见异常。+,003,0,常见,UIS,001,GDMYH,外周血管,NULL,NULL
298,腹主动脉硬化,超声,腹主动脉内膜[无;稍;明显;广泛][不规则][明显]增厚[，约mm]，[不]光滑，可见[多]处[隆起性;串珠状][低;等;强]回声斑块，[最]厚约mm[至mm]，长约mm[至mm]。+
管腔[未]见[局限性][梭形][明显;稍][变窄;增宽][，宽mm][，减少达％][，局部弯曲]。+
管腔内[未;间断][见;充满][附壁][低;较强]回声团[，长达mm]。+
彩色多普勒[可;未]见局部彩流充盈缺损[及湍流]。+
频谱形态[正;失]常[，呈双向;，拱桥状][，波峰][圆钝;高尖;低矮][，峰时][稍;明显][后移][，频带][增宽;变窄][，频窗][充填;清晰][，声频][粗糙;柔和]、[响亮;低沉]。+
腹主动脉PSVmm/s[，EDVmm/s][，TAVmm/s]。+
下腔静脉通畅。+,腹主动脉[稍;轻度;明显]动脉[粥样]硬化[并血栓形成][，管腔][狭窄;闭塞]。+
下腔静脉未见异常。+,004,0,常见,UIS,001,FZDMYH,外周血管,NULL,NULL
299,椎动脉狭窄,超声,[左;右;双侧]侧颈椎C-横突间隙[稍;明显;无]变窄。+
[C段][该段]椎动脉[弯曲，]管腔[无;稍;明显]变细[，宽约mm][，内膜][平滑;毛糙;不整;见强回声斑块][，彩束][明亮;暗淡;充盈好][，局部呈五彩状]。+
频谱形态[正;失]常[，呈双向;，拱桥状][，波峰][圆钝;高尖;低矮][，峰时][稍;明显][后移][，频带][增宽;变窄][，减少达％][，频窗][充填;清晰][，声频][粗糙;柔和]、[响亮;低沉]。+
PSVmm/s[，EDVmm/s][，TAVmm/s]，PI，RI。+,[左;右;双侧]椎动脉[稍;轻度;明显][受压;硬化;狭窄;闭塞]。+
符合颈椎病。+
建议颈椎照片。+,005,0,常见,UIS,001,ZDMXZ,外周血管,NULL,NULL
300,正常腹腔血管,超声,[腹主;腹腔;肠系膜上;髂总;髂内;髂外]动脉内膜未见增厚[，约mm]，光滑，管腔未见狭窄或扩张，内未见异常彩流信号。+
频谱形态正常，频窗清晰，声音柔和[，流速无增高或减慢，血管阻力无增高]。+
[下腔;髂总;髂内;髂外]静脉未见狭窄或扩张，内膜光滑，未见异常彩流信号。+,腹腔血管未见异常。+,006,0,常见,UIS,001,ZCFQXG,外周血管,NULL,NULL
301,颈动静脉瘘,超声,[左;右]侧颈总动脉与颈[内;外]静脉间见一异常通道[，局部呈][瘤样;梭状]，最宽处mm，长约mm。+
瘤壁[不;稍;明显增]厚，内膜[光滑;毛糙][，可见带状强回声在血管内漂浮]。+
瘤壁附着[半月形;团状][低;等;较强]回声，约mm×mm。+
瘤内彩流呈漩涡状，动脉血经此进入静脉，局部静脉扩张。+
频谱形态失常，呈双向，波峰[圆钝;高尖;低矮][，频带][增宽;变窄]，频窗充填，声频响亮粗糙。+
[左;右][颈总;颈内;颈外]动脉及颈内静脉管腔约mm，内膜光滑，内未见异常彩流信号。+,[左;右]侧颈动静脉[瘘;瘤][并附壁血栓形成]。+,007,0,常见,UIS,001,GDJML,外周血管,NULL,NULL
302,脉络膜黑色素瘤,超声,[左;右]眼前房深约mm[，前房角约mm]，眼轴约mm，晶体前后径约mm。+
双眼球[不]对称，[左侧;右侧;大小正常][增大;偏大;缩小;偏小;变形]。+
[左;右]眼球玻璃体内见从后壁突起[数][多]个[蕈状;扁平状]不均质肿块[，约mm×mm][至mm×mm]。+
肿块前缘整齐光滑，回声增强，后部回声衰减[，接近球壁处呈“挖空现象”][，基底部见“脉络膜凹陷征”]。+
肿块与球壁相连，并呈同步运动。+
肿块周边[未]见[半;少许][环状;星点状][动;静][脉]彩流[，PSVmm/s，PI，RI]。+内部[未]见[较][丰富;稀少;少许][短杆状;星点状;树枝状][动;静][脉]彩流[，PSVmm/s，PI，RI][，并探及动静脉瘘血流信号]。+
邻近球壁厚薄不一，轮廓不清。+
视网膜与球壁[部分;完全]分离。+
[左;右]眼晶体显示清晰，位置正常，球后未见异常回声。+
[左;右]眼球壁光滑，连续性好，晶体显示清晰，位置正常，玻璃体暗区透声好，球后未见异常回声。+,[左;右]眼壁占位性病变（性质待定）。+
考虑[左;右]眼脉络膜黑色素瘤[可能]。+
未除外视脉络膜血管瘤[可能]。+
视网膜[部分;完全]剥离。+,015,0,常见,UIS,001,MLMHSSL,眼球,NULL,NULL
303,脉络膜血管瘤,超声,[左;右]眼前房深约mm[，前房角约mm]，眼轴约mm，晶体前后径约mm。+
双眼球[不]对称，[左侧;右侧;大小正常][增大;偏大;缩小;偏小;变形]。+
[左;右]眼球壁[后;上;下;颞侧;鼻侧]向玻璃体腔内自球壁突起个[球形;半球形][不均质;混合性][较][低;强]回声肿块[，约mm×mm][至mm×mm]，边界清，表面[不]整[齐][，实质内可见点状强回声]。+
肿块与球壁相连，并呈同步运动。+
肿块周边[未]见[半;少许][环状;星点状][动;静][脉]彩流[，PSVmm/s，PI，RI]。+内部[未]见[较][丰富;稀少;少许][短杆状;星点状;树枝状][动;静][脉]彩流[，PSVmm/s，PI，RI][，并探及动静脉瘘血流信号]。+
视网膜与球壁[部分;完全]分离。+
[左;右]眼晶体显示清晰，位置正常，球后未见异常回声。+
[左;右]眼球壁光滑，连续性好，晶体显示清晰，位置正常，玻璃体暗区透声好，球后未见异常回声。+,[左;右]眼壁实性占位性病变（性质待定）。+
考虑视脉络膜血管瘤[可能]。+
未除外脉络膜黑色素瘤[可能]。+,016,0,常见,UIS,001,MLMXGL,眼球,NULL,NULL
304,视网膜母细胞瘤,超声,"[左眼;右眼]形态结构失常,玻璃体暗区内可见[一个;几个][肿块图像;异常回声],[大小约;大小不等;最大约][×mm;×mm;×mm和×mm],形状呈[半圆形;圆形;不规则形],自眼球壁向玻璃体隆起,边界清楚,但不整齐,内部回声[强弱不一;分布不匀;极不均匀;在实体性病变内有不规则暗区],并有强回声钙斑伴声影,玻璃体暗区内尚可见[继发性视网膜脱离光带回声;漏斗状光带回声;内有明显增厚区]。
","[左眼;右眼]玻璃体内[实质不均质性;混合性]占位病变,性质待查,考虑视网膜母细胞瘤。[左眼;右眼]继发性视网膜脱离。
",017,0,常见,UIS,001,SWMMXBL,眼球,NULL,NULL
305,眶内肿瘤,超声,[左;右]眼前房深约mm[，前房角约mm]，眼轴约mm，晶体前后径约mm。+
双眼球[不]对称，[左侧;右侧;大小正常][增大;偏大;缩小;偏小;变形]。+
[左;右]眼眶[上方;下方;颞侧;鼻侧;球后]间隙内见个[圆形;类圆形;梭形;不规则形][液][囊][实]性[低;强;等]回声肿块[，约mm×mm][至mm×mm]。+
肿块[包膜;边界][不]清，[不]规整[，壁][厚;薄][，不规则状][，附壁见][乳头状;不规则状][较][低;强;等][回声团，约mm ×mm][，暗区][透声好;内见][稀疏;密集;少许][网状;条带状;浮点状][弱回声][，后方回声][未见][增强;衰减]。+
肿块[周边;实质][大][部分][为][液][实][性][不][均匀][混合性][较][强;低;中等][回声][，内;，中央][见蜂窝状;点状;团状;不规则][低;强;无][回声][区][，约mm×mm][至mm×mm][，暗区][透声好;内见][稀疏;密集;少许][网状;条带状;浮点状][弱回声]。+
肿块周边[未]见[半;少许][环状;星点状][动;静][脉]彩流[，PSVmm/s，PI，RI]。+内部[未]见[较][丰富;稀少;少许][短杆状;星点状;树枝状][动;静][脉]彩流[，PSVmm/s，PI，RI][，并探及动静脉瘘血流信号]。+
患侧眼球[外凸;向][前;内;外;上;下][移位]，球壁光滑，连续性好，晶体显示清晰，位置正常，玻璃体暗区透声好[，球后未见异常回声]。+
[左;右;双]眼球壁光滑，连续性好，晶体显示清晰，位置正常，玻璃体暗区透声好，球后未见异常回声。+,[左;右]眼眶[上方;下方;颞侧;鼻侧;球后][液][囊][实]性占位性病变（性质待定）。+
[结合临床][考虑][符合][血管瘤;泪腺混合瘤;神经胶质瘤;眶内囊肿][可能]。+
[大]部分液化。+
未除外[血管瘤;泪腺混合瘤;神经胶质瘤;眶内囊肿][可能]。+
建议[超声导向穿刺]活检。+,018,0,常见,UIS,001,KNZL,眼球,NULL,NULL
306,眼底动脉硬化,超声,[左;右]眼前房深约mm[，前房角约mm]，眼轴约mm，晶体前后径约mm。+
双眼球[不]对称，[左侧;右侧;大小正常][增大;偏大;缩小;偏小;变形]。+
[左;右;双]眼[视网膜中央;睫状;眼]动脉PSV mm/s，[EDV mm/s，][TAV mm/s，]RI ，PI 。+
[左;右;双][眼视网膜中央动脉;眼睫状动脉;眼动脉][无;稍;明显]变窄[，彩流信号][清晰;消失][呈][星点状;细线状;五彩状]。+
频谱形态[失;正]常。+
[正;反]向，波峰[较][矮小;偏低][圆钝]，S1[=;<]S2[，呈][拱桥状;平顶状][，上升支][上;中;下][1/3处出现转折波]，频带增宽，频窗充填，声频低沉。+
血管阻力指数[稍;明显][正常;减低;增高]，脉动指数[稍;明显][正常;减低;增高]。+
[左;右;双]眼球壁光滑，连续性好，晶体显示清晰，位置正常，玻璃体暗区透声好，球后未见异常回声。+,[左;右;双][眼底;视网膜中央动脉;眼睫状动脉;眼动脉][未见][轻度;重度;明显][异常;硬化][，以][左;右][为著]。+
[左;右;双]眼[轴;变形][增大;缩短][，][提示;符合][高度][近视;远视]。+,019,0,常见,UIS,001,YDDMYH,眼球,NULL,NULL
307,胰腺测值,超声,胰腺头mm，体mm，尾mm。+
胰管mm。+,胰腺未见明显异常。+,001,0,常见,UIS,001,YXCZ,胰腺,NULL,NULL
308,正常胰腺,超声,胰腺[，头mm，体mm，尾mm]，大小正常包膜光滑，实质回声均匀，胰管未见增宽。+,胰腺未见明显异常。+,002,0,常见,UIS,001,ZCYX,胰腺,NULL,NULL
309,胰腺炎,超声,胰腺头mm，体mm，尾mm，[头部;尾部;体部;弥漫性][无;稍;明显][增大;缩小][，形态失常]，包膜[不;欠]光滑，实质回声[不]均匀[、增强;、减弱]。+
胰管[无;稍;明显]扩张[，约mm][，内][未][见团状强回声][，约mm×mm][至mm×mm]。+,胰腺[肿大;改变]考虑[急性;慢性;出血性坏死性;糖尿病][胰腺炎][伴恶变]。+
建议[超声导向穿刺]活检。+,003,0,常见,UIS,001,YXY,胰腺,NULL,NULL
310,胰腺囊肿,超声,上腹部胰[头;体;尾][附近][上方;下方;左方;右方;前方;后方]见个[类]圆形囊性肿块，[最大]约mm×mm×mm[至mm×mm×mm]
肿块与胰[头;体;尾][部分界不清]。+
囊壁[厚;薄]，[光滑;毛糙][，见乳头状突起，约mm][，后方回声增强]。+
囊内[呈分隔状;透声好][，暗区可见浮点状弱回声]。+
胰[头;体;尾]显示清，[大小正常;稍大;增大;明显增大][，形态失常][，头mm，体mm，尾mm]，实质回声[不]均匀[、增粗]。+
胰管[未见;稍;明显]增宽[，约mm]。+
肿块周边及内部未见异常彩流信号。+,胰[腺;头区;体;尾]囊性占位性病变。+
[结合临床][考虑][符合][外伤性]胰腺[假性囊肿;囊肿;血肿;囊腺瘤][可能]。+
未除外[外伤性]胰腺[假性囊肿;囊肿;血肿;囊腺瘤][可能]。+,004,0,常见,UIS,001,YXNZ,胰腺,NULL,NULL
311,胰头肿瘤,超声,胰头mm，体mm，尾mm，胰管宽约mm。+
胰腺形态失常，胰头增大，包膜外凸，内见实性低回声肿块，约mm×mm×mm。+肿块无包膜，边界不清，不规整，内回声分布不均匀。+
肿块周边未见彩流信号，肿块内部彩流较丰富，呈短杆状，动脉PSVmm/s，PI，RI。+
胰管明显增宽，弯曲状。+
胰体、尾显示清，稍大，实质回声不均匀、增粗。+
胆囊增大，约mm×mm，壁稍厚、毛糙，囊内未见结石强回声。+
肝内外胆管轻度扩张，胆总管最明显，宽达mm，胰头段明显变窄，内似见低淡回声。+,胰头区实性占位性病变（性质待定）。+
考虑胰头Ca可能，未除外胆总管壶腹部Ca。+
胆总管下段不完全性梗阻。+
建议超声导向穿刺活检。+,005,0,常见,UIS,001,YTZL,胰腺,NULL,NULL
312,胰腺实性肿瘤,超声,胰腺头mm，体mm，尾mm，[头部;尾部;体部;弥漫性][无;稍;明显]增大[，形态失常]，腺包膜[外凸;不整]，[头部;尾部;体部][见;为][个]实性[较强;较低;中等]回声肿块，约mm×mm×mm。+
肿块[有;无]包膜，边界[不]清，[不]规整[，分叶状;，伪足状]，内回声分布[不]均匀
内见不规则低回声区[，后方回声][增强;衰减]。+
胰管[未见;稍;明显]增宽[，约mm]。+
肿块[压迫;绕]胆总管胰头段[生长]致使扩张之胆总管至肿块处[消失;明显变窄]。+
肿块周边[未]见[半;少许][环状;星点状][动;静][脉]彩流[，PSVmm/s，PI，RI]。+内部[未]见[较][丰富;稀少;少许][短杆状;星点状;树枝状][动;静][脉]彩流[，PSVmm/s，PI，RI][，并探及动静脉瘘血流信号]。+,胰[腺;头区;体;尾]实性占位性病变（性质待定）。+
[结合临床][考虑][符合][胰;胆总管壶腹部][头;体;尾][转移][岛细胞瘤;Ca][可能性大]。+
未除外[胰;胆总管壶腹部][头;体;尾][转移][岛细胞瘤;Ca][可能]。+
建议[超声导向穿刺]活检。+,006,0,常见,UIS,001,YXSXZL,胰腺,NULL,NULL
313,胰转移癌,超声,胰腺头mm，体mm，尾mm，[头部;尾部;体部;弥漫性][无;稍;明显]增大[，形态失常]，腺包膜[外凸;不清;不整]。+
胰头与上肿块分界不清。+
[头部;尾部;体部][见;为;散在][多个][个]实性[较强;较低;中等]回声肿块，约mm×mm×mm。+
胰管[未见;稍;明显]增宽[，约mm]。+
肿块周边[未]见[半;少许][环状;星点状][动;静][脉]彩流[，PSVmm/s，PI，RI]。+内部[未]见[较][丰富;稀少;少许][短杆状;星点状;树枝状][动;静][脉]彩流[，PSVmm/s，PI，RI][，并探及动静脉瘘血流信号]。+,胰[腺;头区;体;尾]实性占位性病变（性质待定）。+
[结合临床][考虑][符合]胰腺转移Ca[可能性大]。+
未除外[胰;胆总管壶腹部][头;体;尾][转移][岛细胞瘤;Ca][可能]。+
建议[超声导向穿刺]活检。+,007,0,常见,UIS,001,YZYA,胰腺,NULL,NULL
314,子宫测值,超声,子宫约mm×mm×mm。+
子宫颈约mm×mm×mm×mm。+
[双侧;左侧;右侧][子宫动脉;卵巢动脉][未见异常血流信号][PSVmm/s，PI，RI]。+,建议[经后第三天;定期;治疗后;妇科;进一步;W后;经阴道;宫腔镜;阴道镜][彩色][超声][导向穿刺][复查;检查;活检;治疗]。+,001,0,常见,UIS,,ZGCZ,子宫,NULL,NULL
315,正常子宫,超声,"经[阴道;腹部;直肠]探查：  
   子宫[大小约为：××mm，位置：[前位;后位]，轮廓清晰，宫壁回声均匀，内膜线居中,内膜[厚  mm;呈线状],[宫腔内未见异常回声]。
   宫腔内可见强回声节育环，位置正常；
   宫颈可见多个无回声区，最大约：×mm，边界清；
   CDFI未见异常血流信号。
   双侧卵巢显示[清;不清]，双侧附件区未见明显异常回声。
   右侧附件区可见囊性包块，大小约：×mm，边界清，形态规则,[内部回声不均，内见细小光点漂浮；]左侧附件区未见明显异常回声；
   盆腔内可见液性暗区，最大深度约：mm。",子宫[大小正常;萎缩]，未见占位性病变[宫腔内未见明显异常]；
节育环位置正常；
宫颈囊肿声像；
双侧附件区未见明显异常
右侧附件区[囊肿声像;囊性包块，考虑巧克力囊肿可能性大]；
盆腔[大量;少量]积液。,002,0,常见,UIS,,ZCZG,子宫,NULL,NULL
316,子宫炎症,超声,[膀胱无尿下;经][阴道;直肠][彩色多普勒超声]探查盆腔：
子宫[前倾;后倾;水平位][后屈;前屈]，约mm×mm×mm，[大小正常;稍;增;缩;偏;较][大;小][，形态失常][，呈][球形;幼稚形;老年性缩小]，包膜[不]光滑，[不]清晰，宫壁回声[不;欠]均匀[，增粗]。+
宫腔[线居中;见分离液性暗区，宽约mm]，内膜[不;稍;明显增]厚，mm，[清晰;模糊]。+
[宫腔;宫颈管;宫壁;阴道]内见[圆形;宫形;Ｔ形]节育器强回声。+
宫颈[大小正常;稍大;增大][，阴道内见带状强回声]。+,子宫内膜[稍;明显]增厚[并毛糙]。+
宫腔少量积液。+
[请][结合临床]考虑[符合][宫体;宫颈;阴道][炎][症][可能]。+
与[月][日]对比[子宫;宫颈][病变][稍;明显;仍][好转;无变化;增大]。+
建议[经后第三天;定期;治疗后;妇科;进一步;W后;经阴道;宫腔镜;阴道镜][彩色][超声][复查;检查]。+,003,0,常见,UIS,,ZGYZ,子宫,NULL,NULL
317,宫腔积血/脓,超声,[膀胱充盈下;经][阴道;直肠][彩色多普勒超声]探查盆腔：
子宫[前倾;后倾;水平位][后屈;前屈]，约mm×mm×mm，[大小正常;稍;增;缩;偏;较][大;小][，形态失常][，呈球形]，包膜[不]光滑，宫壁回声[不]均匀。
宫壁血供[正常;丰富;偏少]。
[宫腔;宫颈管][上段;下段]见[类圆形;梭形;不规则形]分离暗区，约mm×mm×mm[，暗区内见][密集;稀疏][点;片][状低回声]。
宫腔内膜[不;增;明显增]厚，mm，[清晰;模糊;断续状]。
宫颈[大小正常;稍大;增大][，阴道内见带状强回声]。,[宫腔;宫颈管][少量;大量]积液（[脓];[血]）。
[请][结合临床]考虑[符合][双侧;左;右][附件][急性;慢性][盆腔][宫体;宫颈;阴道][炎][症][可能]。
建议[经后第三天;定期;治疗后;妇科;进一步;W后;经阴道;宫腔镜;阴道镜][彩色][超声][导向穿刺][复查;检查;活检;治疗]。,004,0,常见,UIS,001,GQJX/N,子宫,NULL,NULL
318,肌瘤,超声,[膀胱无尿下;经][阴道;直肠][彩色多普勒超声]探查盆腔：
子宫[前倾;后倾;水平位][后屈;前屈]，约mm×mm×mm，[大小正常;稍;增;缩;偏;较][大;小][，形态失常][，呈球形]，包膜[不;欠][光滑;凹凸不平]。+
子宫[底;体;下段;颈][前;后][左侧;右侧]壁[稍;明显]外凸。+
子宫[底;体;下段;颈][前;后][左侧;右侧][壁;腔内][浆膜][线外;下][见;呈][多][个][圆形;类圆形;不规则形][液;囊][实][性][结节样;块状][较强;较低;中等;混合性]回声肿块，[部分][相互融合，]约mm×mm×mm[至mm×mm×mm]。+
肿块向[浆膜外呈结节状;宫腔内呈息肉状][轻度;明显]突起。+
肿块被膜与子宫浆膜[不;相]延续，两者间[有;无]分离移位感。+
肿块有一蒂与宫壁相连。+
肿块[包膜;境界][不]清，[不]规整，内回声分布[不]均匀[，可见][较多;少许][点;团][状强回声及栅栏状声影][，后方回声衰减]。+
肿块包膜完整，壁[厚;薄]，[欠;不]光滑，囊内暗区透声[尚]好，后方回声增强。+
肿块中央见[蜂窝状;点状;团状;不规则][低回声区;强回声;液性暗区]，约mm×mm[至mm×mm]。+
肿块周边[未]见[半;少许][环状;星点状][动;静][脉]彩流[，PSVmm/s，PI，RI]。+内部[未]见[较][丰富;稀少;少许][短杆状;星点状;树枝状][动;静][脉]彩流[，PSVmm/s，PI，RI][，并探及动静脉瘘血流信号]。+
其余宫壁回声[欠;不]均匀。+
宫腔[线居中;内膜线;见分离液性暗区，宽约mm][前移;后移;变形]。+
内膜[不;稍;增;明显增]厚，mm，[清晰;模糊]。+
宫颈[大小正常;稍大;增大][，壁内个类圆形囊性液性暗区，约mm×mm×mm][。+阴道内见带状强回声]。+,子宫[底;体;下段;颈][前;后;腔内][左侧;右侧]壁[多发性][液;囊][实]性占位性病变（性质待定）。+
[结合临床][考虑][符合][浆膜下;粘膜下;肌壁间]肌瘤[可能性大][并囊性变]。+
未除外[合并][腺肌瘤;阔韧带肌瘤;浆膜下肌瘤;腺肌症;子宫囊肿]。+
请结合临床作多发性肌瘤与腺肌瘤鉴别。+
建议[经后第三天;定期;治疗后;妇科;进一步;W后;经阴道;宫腔镜;阴道镜][彩色][超声][导向穿刺][复查;检查;活检;治疗]。+,005,0,常见,UIS,001,JL,子宫,NULL,NULL
319,腺肌症,超声,[膀胱无尿下;经][阴道;直肠][彩色多普勒超声]探查盆腔：
子宫[前倾;后倾;水平位][后屈;前屈]，约mm×mm×mm，[大小正常;稍大;增大][，前壁厚约mm][，后壁厚约mm][，前后壁比为][，形态失常][，呈球形]，包膜[不;欠][光滑;凹凸不平]。+
子宫[前;后;宫底]壁[稍;明显]增厚[，以后壁明显][，肌内结构疏松][，呈不均质][散在;灶性]点状强回声[，间杂蜂窝状][低;无][回声区]。+
子宫[底;体;下段;颈][前;后][左侧;右侧]壁见个[蜂窝状;结节状;不规则][液][囊][实]性[较;混合性][低;强][回声][团;肿块]，约mm×mm×mm。+
[团块;肿块]向[浆膜外呈结节状;宫腔内呈息肉状][轻度;明显][突起]。+
[团块;肿块]境界[不]清[，无包膜][，内呈不均匀点状较强回声][及栅栏状声影]。+
肿块包膜规整，壁[厚;薄][，暗区;囊][内透声好;内见][稀疏;密集;少许][网状;条带状;浮点状弱][回声][，后方回声][增强;衰减]。+
[局部宫壁;异常回声区;团块;肿块]未见明显彩流。+
宫腔[线居中;内膜线;见分离液性暗区，宽约mm][前移;后移;变形]。+
内膜[不;稍;增;明显增]厚，mm，[清晰;模糊]。+
宫颈[大小正常;稍大;增大][，壁内个类圆形囊性液性暗区，约mm×mm][。+阴道内见带状强回声]。+,子宫[底;体;下段;颈][前;后][左侧;右侧]壁[多发性;不均质灶性][类][结节样][占位性病变;改变]。+
[结合临床][考虑][符合]子宫腺肌症，[弥漫型;腺肌瘤型;腺肌瘤囊变型;腺肌病息肉型;腺肌病并肌瘤型][可能][性大]。+
未除外肌壁间肌瘤。+
请结合临床作多发性肌瘤与腺肌瘤鉴别。+
建议[经后第三天;定期;治疗后;妇科;进一步;W后;经阴道;宫腔镜;阴道镜][彩色][超声][导向穿刺][复查;检查;活检;治疗]。+,006,0,常见,UIS,001,XJZ,子宫,NULL,NULL
320,内膜增殖症,超声,[膀胱无尿下;经][阴道;直肠][彩色多普勒超声]探查盆腔：
子宫[前倾;后倾;水平位][后屈;前屈]，约mm×mm×mm，[大小正常;稍大;增大;明显增大][，呈球形]，包膜[光滑;不光滑]，宫壁回声[不]均匀。+
宫腔内膜[;稍;明显]增厚，[类圆形;梭形]，约mm×mm×mm，回声[较强;较低;中等][，内间有蜂窝状无回声区]。+
内膜与肌层分界[欠;尚]清，[不;尚]规整。+
内膜内[未]见[较;明显][丰富;稀少;少许][短杆状;星点状;树枝状][动;静][脉]彩流[，PSVmm/s，PI，RI]。+
宫腔线[居中;清晰;模糊]。+
宫颈[大小正常;稍大;增大][，阴道内见带状强回声]。+,子宫内膜[稍;明显][增厚][改变]。+
[结合临床][考虑][符合][急性][子宫][急性]内膜[增生过长;增殖症;腺囊型增生;不典型增生;炎][可能][性大]。+
未除外[急性]子宫[急性内膜炎;内膜增殖症;体Ca;绒Ca]可能。+
建议[经后第三天;定期;治疗后;妇科;进一步;W后;经阴道;宫腔镜;阴道镜][彩色][超声][导向穿刺][复查;检查;活检;治疗]。+,007,0,常见,UIS,001,NMZZZ,子宫,NULL,NULL
321,子宫内膜炎,超声,子宫[大小正常;稍;增;缩;偏;较][大;小]，前倾，约mm×mm×mm，包膜光滑，肌层增厚，回声减低。+
宫腔内膜明显增厚，梭形，约mm×mm×mm，回声强弱不均，内有不规则无回声区及散在点状强回声。+宫腔线不清晰，内膜与肌层分界线欠清，毛糙。+
宫壁肌层内彩流信号增多，动脉PSVmm/s，PI，RI，呈低阻力型。+,子宫内膜增厚性改变，结合临床考虑[急性]子宫内膜炎。+
未除外子宫内膜增殖症可能。+,008,0,常见,UIS,001,ZGNMY,子宫,NULL,NULL
322,子宫体癌,超声,[膀胱无尿下;经][阴道;直肠][彩色多普勒超声]探查盆腔：
子宫[前倾;后倾;水平位][后屈;前屈]，约mm×mm×mm，[大小正常;稍;增;缩;偏;较][大;小][，形态失常][，呈球形]，包膜[光滑;不光滑;凹凸不平]。+
宫腔[线居中;内膜线;见分离液性暗区，宽约mm][前移;后移;变形]。+
宫腔内膜非均匀性增厚，最厚为宫腔[底][左;右][前;后]侧，约 mm，表面[明显]不整，基底部与肌层境界[不;欠]清，内膜回声杂乱不均，呈较强回声。+
内膜增厚区邻近宫壁见不规则灶性[稍;较][低;强]回声区，约mm×mm×mm，境界[欠;不]清。+
内膜区及灶性改变区宫壁彩流信号增多，动脉PSV mm/s，PI ，RI ，呈低阻力型。+
宫颈[大小正常;稍大;增大][，阴道内见带状强回声]。+,子宫内膜[稍;明显][增厚][改变]。+
宫[底][左;右][前;后]壁占位性病变。+
结合临床考虑子宫内膜Ca[并宫壁浸润][可能][性大]。+
未除外[急性]子宫[内膜炎;内膜增殖症;绒Ca]可能。+
建议[经后第三天;定期;治疗后;妇科;进一步;W后;经阴道;宫腔镜;阴道镜][彩色][超声][导向穿刺][复查;检查;活检;治疗]。+,009,0,常见,UIS,001,ZGTA,子宫,NULL,NULL
323,宫腔内占位,超声,[膀胱无尿下;经][阴道;直肠][彩色多普勒超声]探查盆腔：
子宫[前倾;后倾;水平位][后屈;前屈]，约mm×mm×mm，[大小正常;稍;增;缩;偏;较][大;小][，形态失常][，呈球形]，包膜[光滑;不光滑;凹凸不平]。+
宫腔内见椭圆形较强回声团块，约mm×mm×mm。+
团块内彩流不明显。+
CDFI见线状彩流由肌层进入团块内，动脉PSV mm/s，PI ，RI ，呈高阻力型。+
宫腔内膜线[弯曲;变形;不规则;前移;后移][，可见不规则分离液性暗区，宽约mm]。+
内膜[不;稍;增]厚，mm，[清晰;模糊]。+,宫腔内异常团块（性质待定）。+
结合临床考虑[内膜息肉;粘膜下肌瘤][可能性大]。+
未除外[粘膜下肌瘤;内膜息肉]。+,010,0,常见,UIS,001,GQNZW,子宫,NULL,NULL
324,宫颈肥大,超声,[膀胱无尿下;经][阴道;直肠][彩色多普勒超声]探查盆腔：
子宫[前倾;后倾;水平位][后屈;前屈]，约mm×mm×mm，[大小正常;稍][大;小][，形态失常]，子宫包膜[不]光滑，实质回声[不]均匀，宫腔线居中，内膜[增;不;稍]厚，mm，[清晰;模糊]。+
宫颈[轻度;明显]肥大[，约mm×mm]。+
宫颈内膜[稍;明显]增厚。+
阴道内见带状强回声。+,宫颈[稍;轻度;重度]肥大。+
建议[经后第三天;定期;治疗后;妇科;进一步;W后;经阴道;宫腔镜;阴道镜][彩色][超声][导向穿刺][复查;检查;活检;治疗]。+,011,0,常见,UIS,001,GGFD,子宫,NULL,NULL
325,宫颈腺囊型肥大,超声,[膀胱无尿下;经][阴道;直肠][彩色多普勒超声]探查盆腔：
子宫[前倾;后倾;水平位][后屈;前屈]，约mm×mm×mm，包膜光滑，实质回声均匀，宫腔线居中，内膜[增;不;稍]厚，mm，[清晰;模糊]。+
宫颈[轻度;明显]肥大，约mm×mm×mm。+
宫颈[前;后;左侧;右侧]壁内个类圆形囊性液性暗区，[最大]约mm×mm×mm[至mm×mm×mm]。+
宫颈内膜[稍;明显]增厚，约mm。+
阴道内见带状强回声。+,宫颈[稍;轻度;重度]肥大。+
宫颈内多发性囊性占位性病变，结合临床考虑宫颈纳氏囊肿[可能][性大]。+
建议[定期;治疗后;妇科;进一步;经阴道;宫腔镜;阴道镜][彩色][超声][复查;检查]。+,012,0,常见,UIS,001,GGXNXFD,子宫,NULL,NULL
326,宫颈良性肿物,超声,[膀胱无尿下;经][阴道;直肠][彩色多普勒超声]探查盆腔：
子宫[前倾;后倾;水平位][后屈;前屈]，约mm×mm×mm，包膜光滑，实质回声均匀，宫腔线居中，内膜[增;不;稍]厚，mm，[清晰;模糊]。+
宫颈[轻度;明显]肥大，约mm×mm×mm，宫颈内膜[稍;明显]增厚，约mm。+
宫颈[前;后;左侧;右侧]壁内个类圆形囊性液性暗区，[最大]约mm×mm×mm[至mm×mm×mm]。+
宫颈口见一个[类三角;类圆]形[较][低;强]实性肿块，约mm×mm×mm，境界[不]清，表面[不;欠]平[滑;整][，可见一个细长蒂附着于][宫][颈内口;颈管;腔][前;后;左侧;右侧][壁]。+
肿块内部回声[不;欠]均匀。+
团块内彩流不明显。+
CDFI见线状彩流由肌层进入团块内，动脉PSV mm/s，PI ，RI ，呈高阻力型。+
宫颈内膜[稍;明显]增厚。+
阴道内见带状强回声。+,宫颈[稍;轻度;重度]肥大。+
宫颈口实性占位性病变（性质待定）。+
结合临床考虑宫颈[粘膜下][息肉;肌瘤][可能][性大]。+
未除外宫颈[息肉;肌瘤][可能]。+
宫颈内囊性占位性病变，结合临床考虑纳氏囊肿可能。+
建议[定期;治疗后;妇科;进一步;经阴道;宫腔镜;阴道镜][彩色][超声][复查;检查]。+,013,0,常见,UIS,001,GGLXZW,子宫,NULL,NULL
327,宫颈恶性肿瘤,超声,[膀胱无尿下;经][阴道;直肠][彩色多普勒超声]探查盆腔：
子宫[前倾;后倾;水平位][后屈;前屈]，约mm×mm×mm，包膜光滑，实质回声均匀。+
宫腔线居中，内膜[增;不;稍]厚，mm，[清晰;模糊]。+
宫腔增宽，约mm×mm×mm，内为带细点弱回声液性暗区。+
宫颈增大，约mm×mm×mm，外形不规则，以[左;右][前;后]侧壁增明显。+
宫颈口[左;右][前;后]侧壁见一个[三角;不规则;类圆]形较[强;低]回声团块，约mm×mm×mm，境界[不;欠]清，内部回声[不]均匀[，后方回声衰减]。+
宫颈内膜[稍;明显]增厚，约mm。+
宫颈壁内血流稍增多，呈星点状。+
低回声团块周边及内部均见较丰富彩流，动脉PSV mm/s，PI ，RI ，呈低阻力型。+
阴道内见带状强回声。+,宫颈口[左;右][前;后]侧壁实性占位性病变（性质待定）。+
结合临床考虑宫颈[Ca;肉瘤][可能][性大]。+
未除外宫颈[肌瘤;肉瘤][可能]。+
建议[定期;治疗后;妇科;进一步;经阴道;宫腔镜;阴道镜][彩色][超声][复查;检查]。+,014,0,常见,UIS,001,GGEXZL,子宫,NULL,NULL
328,功能性子宫出血,超声,[膀胱无尿下;经][阴道;直肠][彩色多普勒超声]探查盆腔：
子宫[前倾;后倾;水平位][后屈;前屈]，约mm×mm×mm，[大小正常;稍;增;缩;偏;较][大;小][，形态失常]，包膜[不]光滑，[不]清晰，宫壁回声[不]均匀[，增粗]。+
宫腔线居中，内膜[稍;明显]增厚，约mm，[清晰;模糊]，呈[条形;椭圆形]，回声增强。+
宫腔[线居中;内膜线;分离][前移;后移;变形][，呈梭状液性暗区][，宽约mm]，内膜[不;稍;增;明显增]厚，mm，[清晰;模糊]。+
宫颈[大小正常;稍大;增大]，内膜[不;稍;增]厚，mm，[清晰;模糊][，阴道内见带状强回声]。+,[子宫;宫颈][稍]肥大。+
[子宫;宫颈]内膜[稍]增厚。+
[结合临床]考虑功能性子宫出血[可能性大]。+
建议[经后第三天;定期;治疗后;妇科;进一步;W后;经阴道;宫腔镜;阴道镜][彩色][超声][复查;检查]。+,015,0,常见,UIS,001,GNXZGCX,子宫,NULL,NULL
329,老年子宫,超声,[膀胱无尿下;经][阴道;直肠][彩色多普勒超声]探查盆腔：
子宫约mm×mm×mm，[偏;缩]小，[前;后]倾，包膜[尚;]光滑，欠清晰，宫壁回声欠均匀，[稍;明显]增强。+
宫腔线居中，内膜[线状;菲薄]，约mm，[清晰;模糊]。+
宫颈大小正常。+
双侧[附件;卵巢][未显示;缩小，约mm×mm×mm]。+
子宫直肠窝内未见液性暗区。+
双侧卵巢动脉及子宫动脉未显示。+,子宫[稍;明显]缩小。+
符合老年性子宫改变。+
建议[经后第三天;定期;治疗后;妇科;进一步;W后;经阴道;宫腔镜;阴道镜][彩色][超声][复查;检查]。+,016,0,常见,UIS,001,LNZG,子宫,NULL,NULL
330,子宫大小异常,超声,[膀胱无尿下;经][阴道;直肠][彩色多普勒超声]探查盆腔：
盆腔内未见子宫轮廓，可见两侧卵巢回声，约mm×mm×mm。+
子宫位置见一类椭圆形低回声与阴道相连，约mm×mm×mm，中间未见内膜线状较强回声。+
子宫前倾，偏小，约mm×mm×mm，宫颈长约 mm，包膜尚光滑，清晰，宫壁回声欠均匀，稍增强。+宫腔线欠清，内膜约mm。+
膀胱后壁后方两侧隐见两个黄豆大低回声。+
[左;右;双]侧卵巢显示[不]清[，约mm×mm×mm]。+,先天性无子宫。+
[子宫;宫颈][稍;明显][肥大;缩小;偏小]。+
[考虑;符合][幼稚;始基]子宫[发育不良]。+
建议[经后第三天;定期;治疗后;妇科;进一步;W后;经阴道;宫腔镜;阴道镜][彩色][超声][复查;检查]。+,017,0,常见,UIS,001,ZGDXYC,子宫,NULL,NULL
331,双子宫,超声,[膀胱充盈下;膀胱无尿下;经][阴道;直肠][彩色多普勒超声]探查盆腔：
盆腔移行纵切见两个不对称窄长的子宫回声，横切面两宫体并排，中间有明显凹陷，似蝶状。
左侧子宫约mm×mm×mm，右侧子宫约mm×mm×mm。双侧宫腔内膜无增厚，清晰。
可见双宫颈双阴道。,先天性双子宫畸形。
建议[经后第三天;定期;治疗后;妇科;进一步;W后;经阴道;宫腔镜;阴道镜][彩色][超声][复查;检查]。,018,0,常见,UIS,001,SZG,子宫,NULL,NULL
332,双角子宫,超声,[膀胱无尿下;经][阴道;直肠][彩色多普勒超声]探查盆腔：
子宫约mm×mm×mm，形态失常，横切面见宫底增宽，上有一“V”形切迹，形成左右双角状，双角内均见宫腔线较强回声。+横切面向宫体移行扫查，见双宫腔线于宫体汇合。+
宫颈大小正常，内为单腔线样强回声。+,先天性双角子宫畸形。+
建议[经后第三天;定期;治疗后;妇科;进一步;W后;经阴道;宫腔镜;阴道镜][彩色][超声][复查;检查]。+,019,0,常见,UIS,001,SJZG,子宫,NULL,NULL
333,纵隔子宫,超声,[膀胱无尿下;经][阴道;直肠][彩色多普勒超声]探查盆腔：
子宫前倾，约mm×mm×mm，大小形态正常。+
横切面横径略宽，宫内见两个宫腔线较强回声，中间有一低回声纵隔。+横切面向宫颈移行扫查，见两宫腔于宫颈处汇合。+
宫颈大小正常，内为单腔线样强回声。+,先天性纵隔子宫畸形。+
建议[经后第三天;定期;治疗后;妇科;进一步;W后;经阴道;宫腔镜;阴道镜][彩色][超声][复查;检查]。+,020,0,常见,UIS,001,ZGZG,子宫,NULL,NULL
334,残角子宫并妊娠,超声,[膀胱无尿下;经][阴道;直肠][彩色多普勒超声]探查盆腔：
子宫增大，约mm×mm×mm，形态失常，横切面，宫底一侧呈[羊角状;球形]外突，约mm×mm×mm[，内见][胚胎;胎儿][，可见胎心搏动]。+
宫底上方可见一"V"字形压迹。+
[宫体;宫颈]未见明显异常回声。+,残角子宫合并妊娠。+
建议[经后第三天;定期;治疗后;妇科;进一步;W后;经阴道;宫腔镜;阴道镜][彩色][超声][复查;检查]。+,021,0,常见,UIS,001,CJZGBRS,子宫,NULL,NULL
335,处女膜闭锁,超声,[膀胱无尿下;经][阴道;直肠][彩色多普勒超声]探查盆腔：
子宫[前倾;后倾;水平位][后屈;前屈]，约mm×mm×mm，[稍大;增大;明显增大][，宫底][平][脐][上mm][下mm][，形态失常][，呈][球形;倒梨形]，轮廓[不]清，宫壁变薄[，约mm]，回声[不]均匀。+
[宫腔;阴道;双侧输卵管]显著扩张约mm×mm，腔内充满浮点状弱回声液性暗区。+。+
双侧卵巢显示清，大小正常。+
[盆腔;腹腔;子宫直肠窝]内[少;中;大]量液性暗区，宽mm。+,[处女膜;阴道][上段;中段;下段]闭锁。+
[阴道;宫腔;双侧输卵管]积液[血]。+
[少;中;大]量腹液。+
建议[经后第三天;定期;治疗后;妇科;进一步;W后;经阴道;宫腔镜;阴道镜][彩色][超声][复查;检查]。+,022,0,常见,UIS,001,CNMBS,子宫,NULL,NULL
336,子宫切除术后,超声,[膀胱无尿下;经][阴道;直肠][彩色多普勒超声]探查盆腔：
盆腔内膀胱后未见子宫，仅见宫颈，约mm×mm×mm。+
宫颈[大小正常;稍大;增大][，阴道内见带状强回声]。+
[左;右;双]侧[附件;卵巢]显示[不]清[，约mm×mm×mm]。+
直肠窝见[类圆;不规则]形液性暗区，约mm×mm×mm，包膜[不]完整[，内见不规则点片状低回声]。+
肿块周边及内部未见异常彩流。+,子宫[次]全切除术后。+
残余宫颈未见占位性病变。+
盆腔液性肿块（性质待定），考虑包裹性积液可能性大。+
建议[经后第三天;定期;治疗后;妇科;进一步;W后;经阴道;宫腔镜;阴道镜][彩色][超声][复查;检查]。+,023,0,常见,UIS,001,ZGQCSH,子宫,NULL,NULL
337,正常小淋巴结,超声,[双侧][左侧][右侧]颈部[I、][II、][III、][IV、][V、][VI、]区[各]见[1个][多个]淋巴结回声，大小不一，最大约mm×mm，边界清，皮髓质及淋巴结门结构存在，后方回声无明显改变。+
CDFI:淋巴结内[未见明显异常血流信号;可见门型血流;可见周边型血流;可见混合型血流][，可及动脉频谱，VP：MM/s，RI：0.]。+
[双侧][左侧][右侧]腹股沟[各]见[1个][多个]淋巴结回声，大小不一，最大约mm×mm，边界清，皮髓质及淋巴结门结构存在，后方回声无明显改变。+
CDFI:淋巴结内[未见明显异常血流信号;可见门型血流;可见周边型血流;可见混合型血流][，可及动脉频谱，VP：MM/s，RI：0.]。+
[双侧][左侧][右侧]腘窝[各]见[1个][多个]淋巴结回声，大小不一，最大约mm×mm，边界清，皮髓质及淋巴结门结构存在，后方回声无明显改变。+
CDFI:淋巴结内[未见明显异常血流信号;可见门型血流;可见周边型血流;可见混合型血流][，可及动脉频谱，VP：MM/s，RI：0.]。+
[双侧][左侧][右侧][颈部、][腹股沟、][腘窝]未见明显异常肿大淋巴结声像。+
CDFI：上述区域未见明确异常血流信号。+
,[双侧][左侧][右侧]颈部[小]淋巴结，符合良性淋巴结超声改变。+
[双侧][左侧][右侧][颈部、][腹股沟、][腘窝]未见明显异常肿大淋巴结。+
,024,0,常见,UIS,25,ZCXLBJ,淋巴结,NULL,NULL
338,宫颈囊肿,超声,经[阴道;腹部;直肠]探查:
　　子宫形态规整，轮廓清晰，宫壁回声均匀，于子宫颈部可见多个大小不等的无回声区，最大直径约  mm，其内透声好，后壁回声增强。
　　双卵巢大小结构正常。,子宫颈多发囊性占位病变，考虑那氏腺囊肿。,025,0,常见,UIS,001,GGNZ,子宫,NULL,NULL
339,子宫肌壁间肌瘤,超声,经[阴道;腹部;直肠]探查:
    子宫[前;中;后]位，大小约   XX   mm，形态[正常;失常]，内膜线[居中;不居中]，厚约：mm，肌层回声不均匀，[前;后;宫]壁可见[多个;一个;两个][低回声;高回声]光团，[大小;最大]约×mm，边界[清;不清]，可见包膜，形态规则，内部回声[均匀;不均匀]，CDFI[其内未见明显血流信号;其内血流信号较丰富]。
   双侧附件区未见明显异常回声,子宫[多发实性;实性]占位性病变，考虑子宫肌瘤。
双侧附件区未见明显异常。,026,0,常见,UIS,001,ZGJBJJL,子宫,NULL,NULL
340,子宫浆膜下肌瘤,超声,"经[腹部;阴道]探查：
     子宫[前;水平;后]位,大小约 mmX  mm X  mm,宫体[左;右]侧可见大小约 mm X  mm实质性包块，边界清晰，内回声欠均匀，突出于宫体浆膜面，与子宫体通过蒂部连接，与子宫间分界欠清.
     双侧卵巢大小结构正常。+",盆腔实质性占位病变（考虑浆膜下肌瘤可能性大） 。+,027,0,常见,UIS,001,ZGJMXJL,子宫,NULL,NULL
341,子宫内膜息肉,超声,"经[阴道;腹部]探查：
    子宫增大，呈球形，大小约  mmX    mmX    mm,肌层回声均匀，[宫腔线变形或消失;宫腔线回声和形态无变化] 
    宫腔内可见 mm X  mm高回声亮光斑。+ ",子宫内膜息肉。+,028,0,常见,UIS,001,ZGNMXR,子宫,NULL,NULL
342,子宫内膜异常增厚,超声,经[阴道;腹部;直肠]探查:
    子宫[前;中;后]位，增大，形态[失常;正常]，大小约   mm X   mm X   mm，内膜线居中，内膜厚约  mm，子宫内膜回声显著增强，其间有散在的直径约  mm小低回声区， 内膜与子宫肌层界限清楚。+
    [右;左]卵巢大小为  mm X   mm X   mm，其外侧缘可及左右径  mm 的卵泡。+
    [右;左]卵巢大小为  mm X   mm X   mm，结构正常。+,子宫内膜增厚（考虑子宫内膜增生）。+,029,0,常见,UIS,001,ZGNMYCZH,子宫,NULL,NULL
343,子宫轻度肥大,超声,    子宫纵断面与横断面成像，膀胱充盈适度，壁清晰、规整，未见异常回声。+子宫前位，子宫体上下径  mm ，左右径  mm ，前后径  mm 。+
    子宫颈上下径  mm ，前后径  mm 。+
    子宫轮廓清楚，边缘规整，肌内回声均匀，宫腔线形回声清晰。+呈细线状强回声，前后径  mm 。+
    右卵巢大小为左右径  mm ，前后径  mm ，上下径  mm ，其内可见直径  mm 的卵泡。+
    左卵巢大小为左右径  mm ，前后径  mm ，上下径  mm ，形态结构未见异常回声。+
    CDFI:子宫肌层血流较丰富，呈散在点、条状，位于子宫颈内口肌层采样，子宫动脉 RI =    。+,子宫轻度肥大。+,030,0,常见,UIS,001,ZGQDFD,子宫,NULL,NULL
344,子宫腺肌症,超声,"经[阴道;腹部;直肠]探查:
      子宫[前;中;后]位,增大,呈球形，大小约  mm X  mm X  mm，内膜线不居中，偏向[前;后]壁,宫壁回声不均匀。+宫体[前;后]壁肌壁间可见蜂窝状小囊及粗大光点,后方回声呈栅栏样衰减。+CDFI显示其内呈杂乱血流信号。+ 
    双侧卵巢大小结构正常。+
    盆腔可见条片状暗区，液平  mm 。+",子宫增大，子宫腺肌症。+,031,0,常见,UIS,001,ZGXJZ,子宫,NULL,NULL
345,子宫粘膜下肌瘤,超声,"经[腹部;阴道]探查;
   子宫[前;水平;后]位,大小约 mm X  mm X mm。+宫壁回声尚均匀，宫腔形态改变，其内可见大小约 中mm X   mm不均质稍高回声包块，[向宫腔内突出;向宫颈管内脱垂]，CDFI显示可见血管蒂与[宫底;宫体前壁;宫体后壁]相连,包块内可见丰富条网状血流信号。+
    双侧卵巢大小结构正常。+",　 子宫粘膜下肌瘤。+,032,0,常见,UIS,001,ZGNMXJL,子宫,NULL,NULL
346,结肠肿瘤,超声,[左;右][上;中;下]腹见管状低回声肿块[，宽mm][，长mm]，管壁不规则增厚[，最厚处mm]。+
管腔[呈不规则带状强回声;消失][，甘露醇造影液气强回声][顺利;小溪样;无][通过]。+
病变[未达;超越]浆膜层。+
肿块周边[未]见[半;少许][环状;星点状][动;静][脉]彩流[，PSVmm/s，PI，RI]。+内部[未]见[较][丰富;稀少;少许][短杆状;星点状;树枝状][动;静][脉]彩流[，PSVmm/s，PI，RI]。+
近端肠管扩张，[积气;积液]，蠕动加强。+
[胃左;腹腔;腹主;左髂;右髂]动脉旁[见个][见多个][未见]增大淋巴结[，约mm×mm][至mm×mm][，部分相互融合]。+
淋巴结形态[正;失]常，呈[小肾;奇异]状[，L/S＝]，淋巴结门显示[不]清，血供[增多;正常;稀少][，紊乱][，呈][圣诞树;短杆;星点]状[，动脉PSVmm/s，PI，RI]。+,[升;横;降][结肠;小肠][肝曲;脾曲]壁[占位;增厚]性病变（性质待定）。+
[结合临床][考虑][符合][Ca;肿瘤;结核][可能性大]。+
未除外[Ca;肿瘤;结核][可能]。+
[完全;不完全;机械]性[结]肠梗阻。+
[胃左;腹腔;腹主]动脉旁淋巴结肿大。+
建议[超声导向穿刺]活检。+,024,0,常见,UIS,001,JCZL,胃肠,NULL,NULL
347,直肠肿瘤,超声,经直肠[CDFI]超声探查：
[左;右][上;中;下]腹见管状低回声肿块[，宽mm，长mm]，管壁不规则增厚，最厚处mm。+
直肠粘膜面[凹凸不平;平滑][，呈菜花状][，连续性尚好]。+
管腔[呈不规则带状强回声;消失][，甘露醇造影液气强回声][顺利;小溪样;无][通过]。+
病变[未达;超越]浆膜层，[与][前腺列;膀胱][未][受浸润;分界清;包膜完整]。+
肿块周边[未]见[半;少许][环状;星点状][动;静][脉]彩流[，PSVmm/s，PI，RI]。+内部[未]见[较][丰富;稀少;少许][短杆状;星点状;树枝状][动;静][脉]彩流[，PSVmm/s，PI，RI][，并探及动静脉瘘血流信号]。+
乙状结肠[以上]扩张，[积气;积液]，蠕动加强。+
[腹腔;腹主;左髂;右髂]动脉旁[见个][见多个][未见]增大淋巴结[，约mm×mm][至mm×mm][，部分相互融合]。+
淋巴结形态[正;失]常，呈[小肾;奇异]状[，L/S＝]，淋巴结门显示[不]清，血供[增多;正常;稀少][，紊乱][，呈][圣诞树;短杆;星点]状[，动脉PSVmm/s，PI，RI]。+,直肠[壁;肌层][增厚;占位]性病变（性质待定）。+
[结合临床][考虑][符合][平滑肌][Ca;肿瘤;结核;肉瘤;瘤][可能性大]。+
未除外[平滑肌][Ca;肿瘤;结核;肉瘤;瘤][可能]。+
[完全;不完全;机械]性[结]肠梗阻。+
[盆腔;左髂;右髂;腹腔;腹主]动脉旁淋巴结肿大。+
建议[超声导向穿刺]活检。+,025,0,常见,UIS,001,ZCZL,胃肠,NULL,NULL
348,食道裂孔疝,超声,[左;右]胸腔[上;中;下]部[内;外][前;后]侧正常肺组织消失，内为[大量][高度;轻度]扩张充满液[气][团块]回声之[胃腔;小肠肠管][，肠管蠕动][增强;减弱;消失]。+
[肠]管壁间隙见[带状;不规则状]液性暗区。+
[左;右]侧横膈向[左;右]胸腔上移达[第][前;后]肋间水平，[左;右]肺[轻度;明显]受压[，两者分界明显]，[纵膈;心脏]向[左;右][前][上]移位。+
[左;右;全][上;中;下]腹肠管[广泛;局限][稍;轻度;明显]扩张，[积气;积液]，蠕动[加强;减弱;尚好;消失]。+
腹腔未见明显包块回声。+
[肠;腹腔][管壁间隙][带状;不规则状;大量;中量;少量]液性暗区。+
[肝表面;腹正中腹膜下]见[大量;中量;少量]气体强回声，后伴多次反射并随体位改变及移动。+,[左;右]侧[先天性][膈疝;膈肌彭出]，疝内容物为[胃;小肠]。+
[左;右]侧[先天性][滑动性]食道[裂孔;旁]疝，疝内容物为[胃;小肠]。+
[不][完全性;麻痹性]肠梗阻。+
[大量;中量;少量]腹水。+
腹腔有[大量;中量;少量]游离气体，提示胃肠穿孔可能。+,026,0,常见,UIS,001,SDLKS,胃肠,NULL,NULL
349,膈疝,超声,[左;右]胸腔[上;中;下]部[内;外][前;后]侧正常肺组织消失，内为[大量][高度;轻度]扩张充满液[气][团块]回声之[胃腔;小肠肠管][，肠管蠕动][增强;减弱;消失]。+
[肠]管壁间隙见[带状;不规则状]液性暗区。+
[左;右]侧横膈向[左;右]胸腔上移达[第][前;后]肋间水平，[左;右]肺[轻度;明显]受压[，两者分界明显]，[纵膈;心脏]向[左;右][前][上]移位。+
[左;右;全][上;中;下]腹肠管[广泛;局限][稍;轻度;明显]扩张，[积气;积液]，蠕动[加强;减弱;尚好;消失]。+
腹腔未见明显包块回声。+
[肠;腹腔][管壁间隙][带状;不规则状;大量;中量;少量]液性暗区。+
[肝表面;腹正中腹膜下]见[大量;中量;少量]气体强回声，后伴多次反射并随体位改变及移动。+,[左;右]侧[先天性][膈疝;膈肌彭出]，疝内容物为[胃;小肠]。+
[左;右]侧[先天性][滑动性]食道[裂孔;旁]疝，疝内容物为[胃;小肠]。+
[不][完全性;麻痹性]肠梗阻。+
[大量;中量;少量]腹水。+
腹腔有[大量;中量;少量]游离气体，提示胃肠穿孔可能。+,027,0,常见,UIS,001,GS,胃肠,NULL,NULL
350,腹壁疝,超声,[左;右]腹壁[上;中;下]部[腹直肌;脐部][上;下;左;右][方;侧][稍;轻度;明显]隆起，腹壁内见一含液[气][无;低;强]回声包块，约mm×mm×mm，包块呈[高度;轻度]扩张之[胃腔;小肠肠管]结构，[可;未]见蠕动[，肠管壁间隙见][带状;不规则状][液性暗区]。+
局部腹膜见一缺口，宽约mm，腹壁内包块内容物经缺口与腹腔内[肠管;大网膜]相连[，随腹式呼吸进出]。+
[左;右;全][上;中;下]腹肠管[广泛;局限][稍;轻度;明显]扩张，[积气;积液]，蠕动[加强;减弱;尚好;消失]。+
腹腔未见明显包块回声。+
[肠;腹腔][管壁间隙][带状;不规则状;大量;中量;少量]液性暗区。+
[肝表面;腹正中腹膜下]见[大量;中量;少量]气体强回声，后伴多次反射并随体位改变及移动。+,[左;右]侧[先天性][腹壁;切口;脐]疝，疝内容物为[大肠;小肠]。+
[不][完全性;麻痹性]肠梗阻。+
[大量;中量;少量]腹水。+
腹腔有[大量;中量;少量]游离气体，提示胃肠穿孔可能。+,028,0,常见,UIS,001,FBS,胃肠,NULL,NULL
351,腹外疝,超声,[左;右][腹股沟;耻骨旁][管及阴囊;下方][肿大;隆起]，内见一长条状包块，约mm×mm×mm。+
包块上连腹腔[，下达阴囊][，下端不进阴囊][，][探头加压;平卧;手推][不][可回纳腹腔]。+
包块内见[一;多]条肠管样回声，管壁[欠;稍;无][清晰;增厚][，模糊]，管腔内[见;充满;以][液体;气体;液气;团状强]回声，[可;未]见蠕动。+
包块内呈不规则网样[较][低;强]回声。+
[肠管]间隙见[带状;不规则状]液性暗区。+
[左;右;全][上;中;下]腹[小;结]肠肠管[广泛;局限;无][稍;轻度;明显]扩张，[积气;积液]，蠕动[加强;减弱;尚好]。+
腹腔未见明显包块回声。+
腹腔[未]见[大量;中量;少量]液性暗区。+
[左;右]侧阴囊鞘膜腔[无;稍;明显]分离[，内][见;充满][少量;中量;大量][液性暗区，宽mm]。+
对侧腹股沟管未见异常回声。+
[左;右;双]侧睾丸等大，形态正常，包膜清晰，光滑，实质呈均匀低回声，附睾大小正常。+
[左;右;双]鞘膜腔无分离。+,[左;右]侧[腹股沟;阴囊;耻骨结节旁][内]含肠管性肿块考虑[腹股沟斜;直;股]疝（粘连嵌顿）。+
[左;右]侧[睾丸;精索;睾丸精索;交通性]鞘膜[少量;中量;大量]积液。+,029,0,常见,UIS,001,FWS,胃肠,NULL,NULL
352,肛周脓肿,超声,截石位检查：
肛周-点钟位置见一个半环状液性包块，约mm×mm×mm，边界不规整，壁不明显，毛絮状，暗区内见浮点状弱回声。+
肿块距肛门表皮约mm，距直肠粘膜mm。+,肛周后间隙液性包块，符合脓肿。+,030,0,常见,UIS,001,GZNZ,胃肠,NULL,NULL
356,二尖瓣病变,超声,２Ｄ及Ｍ型特征：
二尖瓣无增厚，开放关闭尚可，Ｍ型二尖瓣呈双峰，前后叶逆向。+
二尖瓣[前叶;后叶][根部;体部;瓣尖][无;斑块样;稍]增厚[，以][前叶;后叶][根部;体部;瓣尖][明显]，开放[稍;明显][尚可;受限;幅度减低][，前叶呈圆顶状]，关闭[尚可;不拢;缘不整]。+
Ｍ型呈[双峰;单峰;城墙样;雪橇样;钻石样]。+E峰[圆钝;高尖][，可见小E峰]，A峰[矮小或消失;A峰＝E峰;A>E峰][，EF斜率减慢，约mm/s]，前后叶[同;逆]向[，EE'mm]，EE间距[偶见][相;不]等[，CD段呈多层状][，可见前叶纤细扑动]。+
二尖瓣前叶游离缘附着低回团块，约mm×mm，Ｍ型前后瓣间见蓬草样低回声。+
二尖瓣[前叶;后叶]与腱索连续性中断，开放幅度加大，关闭时脱入左房，呈连枷状。+Ｍ型见二尖瓣(前叶;后叶)见高幅低频不规则振动，(E峰高尖;并呈同向运动)(，CD段呈吊床样改变)。+
二尖瓣无增厚，关闭时前叶弓形，前叶瓣尖闭合点移向左房。+Ｍ型见二尖瓣CD段呈吊床样改变。+
二尖瓣水平短轴见前叶裂成两半且各自独立运动，关闭不拢。+
二尖瓣环水平见一中央开孔的膜样结构，孔宽约mm。+
三尖瓣[前瓣;后瓣;隔瓣][根部;体部][无;斑块样]增厚[，以][前瓣;后瓣;隔瓣][根部;体部][明显]，开放[尚可;受限;幅度减低]，关闭[尚可;不拢;缘不整]。+
瓣口面积 smm，MV环mm。+
E-E'mm，E-E间距相等。+
腱索稍增粗，回声增强。+
左房[稍;明显]大[，呈球形]，内未见异常回声。+
左室[稍;明显]增大，
其余房室大小正常。+
室壁无增厚，室间隔、房间隔连续性好，IVS与LVPW逆向运动，搏幅[稍;无]增强。+
左房内见一附着于后壁低回声团，约mm×mm×mm。+
主动脉无扩张，管壁光滑，搏幅尚可。+主动脉瓣、三尖瓣无增厚，开放关闭尚可。+
肺动脉稍增宽，肺动脉瓣开放关闭尚可，Ｍ型肺动脉后瓣a波变浅，可见提前关闭。+
彩色及频谱多普勒特征：
二尖瓣口舒张期见喷射状红色彩流进入左室，频谱呈正向充填湍流信号，双峰消失，峰速 m/s，峰值压差 mmHg，PHT ms，E/A 。+
二尖瓣口收缩期见少量蓝色彩流返回左房，RJA smm，占LAA ％，频谱呈负向充填湍流信号，返流峰值流速 M/S，PHT ms。+,[风湿性;先天性;老年性退行性][联合][心瓣膜病;心脏病]。+
二尖瓣[环;根部][钙化;赘生物;裂;脱垂;瓣上环畸形;腱索断裂]。+
二尖瓣[轻;中;重]度[狭窄;关闭不全]。+
左房血栓形成。+
风湿活动期？,004,0,常见,UIS,001,EJBBB,心脏,NULL,NULL
357,主动脉瓣病变,超声,２Ｄ及Ｍ型特征：
室壁[无;稍;明显]增厚，室间隔、房间隔连续性好，IVS与LVPW逆向运动，搏幅增强。+
主动脉[无;稍;明显]增宽，管壁[不;欠]光滑，搏幅增强。+
主动脉瓣无增厚，开放关闭好。+
主动脉瓣[稍;明显]增厚[，以][左;右;无][冠瓣明显][，呈斑块样][，][左;右;无][冠瓣瓣叶间粘连钙化]，[开放;关闭][受限;尚可][呈固定状;呈圆顶状][，MACSmm][，AVA smm(>2)][，关闭][尚可;不拢;缘不整]。+
主动脉瓣根部见斑块样强回声，以[左;右;无]冠瓣明显，开放关闭尚可。+
主动脉瓣呈二瓣状，开放呈圆形，不能贴上主动脉壁，关闭呈"Ⅰ"字形。+
主动脉瓣无冠瓣心室面附着蓬草样低回团块，约mm×mm，随主动脉瓣运动来回摆动。+
瓣膜[及团块]于舒张期出现高频扑动。+
主动脉瓣[左;右;无]冠瓣舒张期呈袋状膨隆，瓣尖闭合点移向左室流出道。+
主动脉瓣[左;右;无]冠瓣运动幅度加大，舒张期呈鞭状脱入左室流出道。+
左室长轴切面主动瓣下室间膈膜部向左室流出道见膜样结构，厚约mm，宽约mm。+
主动脉于窦上方见一中央开孔的膜样结构，孔宽约mm。+
[开放;关闭][好;尚可;受限;不拢;缘不整]。+
肺动脉无增宽，肺动脉瓣开放关闭尚可。+
左室[稍;明显]增大[，呈球形]，内未见异常回声。+
左房[无;稍;明显]增大，内未见异常回声。+
其余房室大小正常。+
室壁[无;稍;明显]增厚，室间隔、房间隔连续性好，IVS与LVPW逆向运动，搏幅[无;稍]增强。+
二尖瓣、三尖瓣无增厚，开放关闭尚可。+
彩色及频谱多普勒特征：
主动脉瓣口收缩期见喷射状蓝色彩流进入升主动脉，频谱呈负向充填湍流信号，峰速 m/s，峰值压差 mmHg。+
主动脉瓣口舒张期见中量五彩血流返回左室，RJ宽 mm，占LVOT宽度 ％，频谱呈正向充填湍流信号，返流峰速 M/S，PHT ms。+,[风湿性;先天性;老年性退行性][联合][心瓣膜病;心脏病]。+
主动脉瓣[环;根部][钙化;赘生物;穿孔;脱垂;瓣上环畸形;二瓣畸形;下狭窄]。+
主动脉瓣[轻;中;重]度[狭窄;关闭不全]。+
风湿活动期？,005,0,常见,UIS,001,ZDMBBB,心脏,NULL,NULL
358,正常心脏,超声,"{\rtf1\ansi\deff0{\fonttbl{\f0\fnil\fcharset134 \'cb\'ce\'cc\'e5;}}
\viewkind4\uc1\pard\lang2052\f0\fs18 AO\'a3\'bamm,      LA\'a3\'bamm,         RA\'a3\'baXmm,       RVDd\'a3\'bamm,
\par IVS\'a3\'bamm,    LVDd\'a3\'bamm,       LVPW\'a3\'bamm,   PA:mm 
\par \'b0\'ea\'c4\'a4\'b7\'e5\'cb\'d9\'a3\'a8m/s\'a3\'a9AV:      EV:     EF %   
\par 
\par \'d6\'f7\'b6\'af\'c2\'f6:\'c4\'da\'be\'b6\'ce\'de\'d4\'f6\'bf\'ed,\'b9\'dc\'b1\'da\'ce\'b4\'bc\'fb\'d4\'f6\'ba\'f1,\'d6\'f7\'b2\'a8\'b2\'ab\'b7\'f9\'ba\'c3,\'d6\'d8\'b2\'ab\'b2\'a8\'b4\'e6\'d4\'da,
\par        \'d6\'f7\'b6\'af\'c2\'f6\'b0\'ea\'ce\'b4\'bc\'fb\'d4\'f6\'ba\'f1[,\'bf\'aa\'b7\'c5\'b9\'d8\'b1\'d5\'c9\'d0\'ba\'c3;,\'bf\'aa\'b7\'c5\'c9\'d0\'ba\'c3\'a3\'acCD\'bc\'fb\'c7\'e1\'b6\'c8\'b7\'b5\'c1\'f7] \'a3\'bb
\par \'b6\'fe\'bc\'e2\'b0\'ea:\'ce\'b4\'bc\'fb\'d4\'f6\'ba\'f1,\'c7\'b0\'ba\'f3\'d2\'b6\'b3\'ca\'c4\'e6\'cf\'f2\'d4\'cb\'b6\'af,\'bf\'aa\'b7\'c5\'ba\'c3[,\'b9\'d8\'b1\'d5\'ce\'b4\'bc\'fb\'c1\'d1\'cf\'b6;\'a3\'acCD\'bc\'fb\'c7\'e1\'b6\'c8\'b7\'b5\'c1\'f7;]\'a3\'bb
\par        M\'d0\'cd\'cf\'d4\'ca\'be\'b6\'fe\'bc\'e2\'b0\'ea\'c7\'b0\'d2\'b6\'c7\'fa\'cf\'df\'b3\'ca\'cb\'ab\'b7\'e5\'a3\'bb
\par \'c8\'fd\'bc\'e2\'b0\'ea\'a3\'ba\'ce\'b4\'bc\'fb\'d4\'f6\'ba\'f1[\'a3\'ac\'bf\'aa\'b1\'d5\'ce\'b4\'bc\'fb\'d2\'ec\'b3\'a3;\'a3\'ac\'bf\'aa\'b7\'c5\'ce\'b4\'bc\'fb\'d2\'ec\'b3\'a3][\'a3\'acCD\'bc\'fb\'c7\'e1\'b6\'c8\'b7\'b5\'c1\'f7\'a3\'acPG=mmHgPASP=mmHg;\'a3\'acCD\'bc\'fb\'d6\'d0\'b6\'c8\'b7\'b5\'c1\'f7\'a3\'acPG=mmHgPASP=mmHg;\'a3\'acCD\'bc\'fb\'d6\'d8\'b6\'c8\'b7\'b5\'c1\'f7\'a3\'acPG:mmHgPASP:mmHg;]\'a3\'bb
\par \'b7\'bf\'ca\'d2\'c7\'bb\'c4\'da\'be\'b6:\'b8\'f7\'b7\'bf\'ca\'d2\'ce\'b4\'bc\'fb\'d4\'f6\'b4\'f3
\par \'ca\'d2\'bc\'e4\'b8\'f4\'d3\'eb\'d7\'f3\'ca\'d2\'ba\'f3\'b1\'da:  \'b2\'bb\'ba\'f1,\'b2\'ab\'b6\'af\'c9\'d0\'ba\'c3\'a1\'a3
\par \'b2\'ca\'c9\'ab\'b6\'e0\'c6\'d5\'c0\'d5\'a3\'ba\'d1\'aa\'c1\'f7\'c6\'b5\'c6\'d7\'ce\'b4\'bc\'fb\'d2\'ec\'b3\'a3\'a1\'a3
\par }
 ","[心脏形态未见明显异常;,符合高血压心脏病;符合高血压心脏改变;考虑高血压对心脏的影响;符合冠心病;]
[TI（[轻度;中度;重度]）、][PH（[轻度;中度;重度]）]
[各瓣膜血流频谱未见明显异常]；
左室[舒张;收缩]功能[降低;正常]。",006,0,常见,UIS,001,ZCXZ,心脏,NULL,NULL
359,PDA,超声,２Ｄ及Ｍ型特征：
[左房;左室;右房;右室;全心;各房室腔][大小正常;稍;明显][扩大;增大][，以][左房;左室;右房;右室][明显]。+
[左;右]室[前;后][壁][无;稍;明显]增厚，室间隔、房间隔连续性好，IVS与LVPW[逆向;AB型]运动，搏幅[正常;稍;明显][增强;减弱]。+
大动脉位置关系正常。+
主动脉[无;稍]增宽，管壁光滑，搏幅[稍;明显][尚可;减低;增强]，主动脉瓣开放尚可，关闭[不拢;尚可]。+
肺动脉[无;稍;明显]增宽，[，宽约mm]，降主动脉与肺动脉之间[可;似;未]见异常通道[，宽约mm][，长约mm]。+
Ｍ型肺动脉后瓣 a 波[变浅;消失;加深]，bc 速加快[，可见提前关闭呈“Ｗ”形]。+
[其余;各]瓣膜开放关闭[尚]好，Ｍ型二尖瓣呈双峰，前后叶逆向，EE 间距[偶见][相;不]等。+
彩色及频谱多普勒特征：
肺动脉内见一双期红色彩束从异常通道进入并沿肺动脉干外缘走向肺动脉瓣，收缩期一股蓝色彩流沿肺动脉干内缘走向左右肺动脉。+
肺动脉[收缩;舒张]期血流[均]呈红蓝[两色;五彩]漩涡状。+
CW探及肺动脉内双期连续性充填血流频谱[，峰值流速m/s][，峰值压差mmHg]。+
[室水平;房水平][收缩;舒张]期未见左向右[或右向左]分流。+,先天性心脏病。+
动脉导管未闭。+
肺动脉高压[伴肺动脉瓣相对关闭不全]。+
[二;三]尖瓣[轻;中;重]度相对关闭不全。+
[左;右]心功能[轻度;中度;重度][不全;受损;未见异常]。+,007,0,常见,UIS,001,PDA,心脏,NULL,NULL
360,VSD并PDA,超声,２Ｄ及Ｍ型特征：
[左房;左室;右房;右室;全心;各房室腔][大小正常;稍;明显][扩大;增大][，以][左房;左室;右房;右室][明显]。+
[左;右]室[前;后][壁][无;稍;明显]增厚，房间隔连续性好，IVS与LVPW[逆向;同向;AB型]运动，搏幅[正常;稍;明显][增强;减弱]。+
室间隔[肺动脉瓣下;膜部;隔瓣后;肌部][处;与主动脉前壁连续][可见;似见]中断，约mm[，局部呈囊状凸向右室，囊壁上见][多][处缺口]。+
大动脉位置关系正常。+
主动脉[无;稍]增宽，管壁光滑，搏幅[稍;明显][尚可;减低;增强]，主动脉瓣开放尚可，关闭[不拢;尚可]。+
肺动脉[无;稍;明显]增宽，[，宽约mm]，降主动脉与肺动脉之间[可;似;未]见异常通道[，宽约mm][，长约mm]。+
Ｍ型肺动脉后瓣 a 波[变浅;消失;加深]，bc 速加快[，可见提前关闭呈“Ｗ”形]。+
[其余;各]瓣膜开放关闭好，Ｍ型二尖瓣双峰，前后叶逆向，E-E间距[偶见][相;不]等。+
彩色及频谱多普勒特征：
室水平收缩期可见束状红黄色彩流由左室经缺口进入右室[，分流束面积smm][，舒张期可见][少量;中量;大量][蓝色彩流由右室经缺口进入左室]。+
室间隔缺口右室面探及[正向;双向]湍流频谱[，峰速m/s][，峰值压差mmHg]。+
肺动脉内见一双期红色彩束从异常通道进入并沿肺动脉干外缘走向肺动脉瓣，收缩期一股蓝色彩流沿肺动脉干内缘走向左右肺动脉。+
肺动脉[收缩;舒张]期血流[均]呈红蓝[两色;五彩]漩涡状。+
CW探及肺动脉内双期连续性充填血流频谱[，峰值流速m/s][，峰值压差mmHg]。+,先天性心脏病。+
[干下;嵴上;膜部;膜周;隔瓣后;肌部][型]室间隔缺损。+
动脉导管未闭。+
[轻;中;重]度肺动脉高压[并][轻;中;重][度相对关闭不全]。+
主动脉瓣[轻;中;重]度[相对]关闭不全。+
[二;三]尖瓣[轻;中;重]度相对关闭不全。+
[左;右]心功能[轻度;中度;重度][不全;受损;未见异常]。+,008,0,常见,UIS,001,VSDBPDA,心脏,NULL,NULL
361,室间隔缺损,超声,２Ｄ及Ｍ型特征：
[左房;左室;右房;右室;全心;各房室腔][大小正常;稍;明显][扩大;增大][，以][左房;左室;右房;右室][明显]。+
[左;右]室[前;后][壁][无;稍;明显]增厚，房间隔连续性好，IVS与LVPW[逆向;同向;AB型]运动，搏幅[正常;稍;明显][增强;减弱]。+
室间隔[肺动脉瓣下;膜部;隔瓣后;肌部][处;与主动脉前壁连续][可见;似见]中断，约mm[，局部呈囊状凸向右室，囊壁上见][多][处缺口]。+
大动脉位置关系正常。+
主动脉[无;稍]增宽，管壁光滑，搏幅[稍;明显][尚可;减低;增强]，主动脉瓣开放尚可，关闭[不拢;尚可]，[左;无;右][冠瓣][瓣体突入][左;右][室流出道][关闭线偏心]。+
肺动脉[无;稍;明显]增宽，肺动脉瓣开放尚可，关闭[不拢;尚可]，Ｍ型肺动脉后瓣 a 波[变浅;消失;加深]，bc 速加快[，可见提前关闭呈“Ｗ”形]。+
[其余;各]瓣膜开放关闭好，Ｍ型二尖瓣双峰，前后叶逆向，E-E间距[偶见][相;不]等。+
彩色及频谱多普勒特征：
室水平收缩期可见束状红黄色彩流由左室经缺口进入右室[，分流束面积smm][，舒张期可见][少量;中量;大量][蓝色彩流由右室经缺口进入左室]。+
室间隔缺口右室面探及[正向;双向]湍流频谱[，峰速m/s][，峰值压差mmHg]。+,先天性心脏病。+
[干下;嵴上;膜部;膜周;隔瓣后;肌部][型]室间隔缺损。+
[轻;中;重]度肺动脉高压[并][轻;中;重][度相对关闭不全]。+
主动脉瓣[轻;中;重]度[相对]关闭不全。+
[二;三]尖瓣[轻;中;重]度相对关闭不全。+
[左;右]心功能[轻度;中度;重度][不全;受损;未见异常]。+,009,0,常见,UIS,001,SJGQS,心脏,NULL,NULL
362,房间隔缺损,超声,２Ｄ及Ｍ型特征：
[左房;左室;右房;右室;全心;各房室腔][大小正常;稍;明显][扩大;增大][，以][左房;左室;右房;右室][明显]。+
[右;左]室[前;后][壁][无;稍;明显]增厚，[室间隔;房间隔][连续性好，]IVS与LVPW[同向;AB型;逆向]运动，搏幅[正常;稍;明显][增强;减弱]。+
房间隔[中部;上部;中上部][及;近][十字交叉][处][可见中断;消失]，断口约mm[，心底侧残端长约mm][，心室侧残端长约mm]。+
[二;三]尖瓣[活动正常;前叶;隔瓣][可见裂隙;增厚][，开放][稍;明显;尚][好;受限][，关闭][好;不拢]。+
[十字交叉存在，][房室瓣;二尖瓣;三尖瓣][开放;关闭][尚好;不拢]。+
大动脉位置关系正常。+
主动脉[无;稍]增宽，管壁光滑，搏幅[稍;明显][尚可;减低;增强]，主动脉瓣开放尚可，关闭[不拢;尚可]。+
肺动脉[无;稍;明显]增宽，肺动脉瓣开放尚可，关闭[不拢;尚可]，Ｍ型肺动脉后瓣 a 波[变浅;消失;加深]，bc 速加快[，可见提前关闭呈“Ｗ”形]。+
[各;其余]瓣膜开放关闭尚好，Ｍ型二尖瓣呈双峰，前后叶逆向，EE 间距[偶见][相;不]等。+
彩色及频谱多普勒特征：
房水平[舒张期;收缩期]可见一股红黄色彩流由左房经缺口进入右房及三尖瓣口[，收缩期可见一束红色彩流由右房经缺口进入左房]。+
舒张期可见一股红黄色彩流由[单]心房经共同房室瓣直接进入右室及左室[，收缩期可见][少量;中量;大量][蓝色彩流由][左;右][心室经共同房室瓣返回][左;右][心房]。+
房间隔缺口右房面探及[正向;双期]三峰状湍流频谱[，峰速m/s][，峰值压差mmHg]。+,先天性心脏病。+
[继发孔型;原发孔型]房间隔缺损。+
[二;三]尖瓣[裂;狭窄]伴[轻;中;重]度[狭窄;关闭不全]。+
鲁登巴综合征。+
[轻;中;重]度肺动脉高压[伴相对关闭不全]。+
[左;右]心功能[轻度;中度;重度][不全;受损;未见异常]。+,010,0,常见,UIS,001,FJGQS,心脏,NULL,NULL
363,VSD并ASD,超声,２Ｄ及Ｍ型特征：
[左房;左室;右房;右室;全心;各房室腔][大小正常;稍;明显][扩大;增大][，以][左房;左室;右房;右室][明显]。+
[左;右]室[前;后][壁][无;稍;明显]增厚，房间隔连续性好，IVS与LVPW[逆向;同向;AB型]运动，搏幅[正常;稍;明显][增强;减弱]。+
室间隔[肺动脉瓣下;膜部;隔瓣后;肌部][处;与主动脉前壁连续][可见;似见]中断，约mm[，局部呈囊状凸向右室，囊壁上见][多][处缺口]。+
房间隔[中部;上部;中上部][及;近][十字交叉][处][可见中断;消失]，断口约mm[，心底侧残端长约mm][，心室侧残端长约mm]。+
大动脉位置关系正常。+
主动脉[无;稍]增宽，管壁光滑，搏幅[稍;明显][尚可;减低;增强]，主动脉瓣开放尚可，关闭[不拢;尚可]，[左;无;右][冠瓣][瓣体突入][左;右][室流出道][关闭线偏心]。+
肺动脉[无;稍;明显]增宽，Ｍ型肺动脉后瓣 a 波[变浅;消失;加深]，bc 速加快[，可见提前关闭呈“Ｗ”形]。+
[其余;各]瓣膜开放关闭好，Ｍ型二尖瓣双峰，前后叶逆向，E-E间距[偶见][相;不]等。+
彩色及频谱多普勒特征：
室水平收缩期可见束状红黄色彩流由左室经缺口进入右室[，分流束面积smm][，舒张期可见][少量;中量;大量][蓝色彩流由右室经缺口进入左室]。+
室间隔缺口右室面探及[正向;双向]湍流频谱[，峰速m/s][，峰值压差mmHg]。+
房水平[收缩;舒张]期[未]见[一股红黄色彩流由左房经缺口进入右房及三尖瓣口;分流彩流][，分流束面积smm]。+
房间隔缺口右房面探及[正向;双期]三峰状湍流频谱[，峰速m/s][，峰值压差mmHg]。+,先天性心脏病。+
[干下;嵴上;膜部;膜周;隔瓣后;肌部][型]室间隔缺损并[继发孔;原发孔][型]房间隔[卵圆孔未闭;缺损]。+
[轻;中;重]度肺动脉高压[并][轻;中;重][度相对关闭不全]。+
[二;三]尖瓣[轻;中;重]度相对关闭不全。+
[左;右]心功能[轻度;中度;重度][不全;受损;未见异常]。+,011,0,常见,UIS,001,VSDBASD,心脏,NULL,NULL
364,VSD并ASD并PDA并PS,超声,２Ｄ及Ｍ型特征：
[左房;左室;右房;右室;全心;各房室腔][大小正常;稍;明显][扩大;增大][，以][左房;左室;右房;右室][明显]。+
[左;右]室[前;后][壁][无;稍;明显]增厚，房间隔连续性好，IVS与LVPW[逆向;同向;AB型]运动，搏幅[正常;稍;明显][增强;减弱]。+
室间隔[肺动脉瓣下;膜部;隔瓣后;肌部][处;与主动脉前壁连续][可见;似见]中断[，约mm][，局部呈囊状凸向右室，囊壁上见][多][处缺口]。+
主动脉[无;稍]增宽，管壁光滑，搏幅[稍;明显][尚可;减低;增强]，主动脉瓣开放尚可，关闭[不拢;尚可]，[左;无;右][冠瓣][瓣体突入][左;右][室流出道][关闭线偏心]。+
房间隔[中部;上部;中上部][及;近][十字交叉][处][可见中断;消失]，断口约mm[，心底侧残端长约mm][，心室侧残端长约mm]。+
大动脉位置关系正常。+
肺动脉[无;稍;明显]增宽，[，宽约mm]，降主动脉与肺动脉之间[可;似;未]见异常通道[，宽约mm][，长约mm]。+
肺动脉[干部;瓣膜][肌性;见隔膜组织][增厚;狭窄;闭锁][，][管腔;孔宽]约mm[，呈][不规则状;二瓣状][，开放][稍;明显][受限呈圆顶状][，关闭][不拢;尚可][，可见窄后扩张，最宽约mm]。+
Ｍ型肺动脉后瓣 a 波[变浅;消失;加深][，bc 速加快]，可见关闭[提前呈“Ｗ”形;延迟]。+
[其余;各]瓣膜开放关闭[尚]好，Ｍ型二尖瓣呈双峰，前后叶逆向，EE 间距[偶见][相;不]等。+
彩色及频谱多普勒特征：
室水平收缩期可见束状红黄色彩流由左室经缺口进入右室[，分流束面积smm][，舒张期可见][少量;中量;大量][蓝色彩流由右室经缺口进入左室]。+
室间隔缺口右室面探及[正向;双向]湍流频谱[，峰速m/s][，峰值压差mmHg]。+
房水平[收缩;舒张]期[未]见[一股红黄色彩流由左房经缺口进入右房及三尖瓣口;分流彩流][，分流束面积smm]。+
房间隔缺口右房面探及[正向;双期]三峰状湍流频谱[，峰速m/s][，峰值压差mmHg]。+
肺动脉内[收缩;舒张]期[均]呈[喷射状][高速][漩涡状][蓝色;红蓝][两色;相间]彩流。+
肺动脉内见一双期红色彩束从异常通道进入并沿肺动脉干外缘走向肺动脉瓣，收缩期一股蓝色彩流沿肺动脉干内缘走向左右肺动脉。+
CW探及肺动脉呈[双期连续性;负向;双向]充填血流频谱[，峰值流速m/s][，峰值压差mmHg]。+,先天性心脏病。+
[干下;嵴上;膜部;膜周;隔瓣后;肌部][型]室间隔缺损并[继发孔;原发孔][型]房间隔[卵圆孔未闭;缺损]。+
动脉导管未闭。+
[肺动脉;右室流出道][瓣部;干部]狭窄。+
[轻;中;重]度肺动脉高压[并][轻;中;重][度相对关闭不全]。+
[二;三]尖瓣[轻;中;重]度相对关闭不全。+
[左;右]心功能[轻度;中度;重度][不全;受损;未见异常]。+,012,0,常见,UIS,001,VSDBASDBPDABPS,心脏,NULL,NULL
365,心内膜垫缺损,超声,２Ｄ及Ｍ型特征：
[左房;左室;右房;右室;全心;各房室腔][大小正常;稍;明显][扩大;增大][，以][左房;左室;右房;右室][明显]。+
左室流出道变窄延长。+
[右;左]室[前;后][壁][无;稍;明显]增厚，[室间隔;房间隔][连续性好，]IVS与LVPW[同向;AB型;逆向]运动，搏幅[正常;稍;明显][增强;减弱]。+
房间隔[下部;中下部;室间隔膜部][近][十字交叉]可见[中断;消失]，断口约mm[，心底侧残端长约mm]。+
心房呈单房状。+
房室瓣[可分为二尖瓣及三尖瓣;为一组共同瓣][，二尖瓣及三尖瓣附着于同一水平高度]。+
[腱索附在;瓣缘游离在室间隔上][室间隔顶部;右室乳头肌上]。+
[二尖瓣前叶;三尖瓣][都]有裂隙，开放[稍;明显;尚][好;受限;呈吊桥样]，关闭[好;不拢]。+
二尖瓣游离缘[无;稍]增厚，开放[稍;明显;尚][好;受限]，关闭[好;不拢]。+
大动脉位置关系正常。+
主动脉[无;稍]增宽，管壁光滑，搏幅[稍;明显][尚可;减低;增强]，主动脉瓣开放尚可，关闭[不拢;尚可]。+
肺动脉[无;稍;明显]增宽，肺动脉瓣开放尚可，关闭[不拢;尚可]，Ｍ型肺动脉后瓣 a 波[变浅;消失;加深]，bc 速加快[，可见提前关闭呈“Ｗ”形]。+
[各;其余]瓣膜开放关闭尚好，Ｍ型二尖瓣呈双峰，前后叶逆向，EE 间距[偶见][相;不]等。+
彩色及频谱多普勒特征：
房水平[舒张期;收缩期]可见一股红黄色彩流由左房经缺口进入右房及三尖瓣口[，收缩期可见一束红色彩流由右房经缺口进入左房]。+
舒张期可见一股红黄色彩流由[单]心房经共同房室瓣直接进入右室及左室[，收缩期可见][少量;中量;大量][蓝色彩流由][左;右][心室经共同房室瓣返回][左;右][心房]。+
房间隔缺口右房面探及[正向;双期]三峰状湍流频谱[，峰速m/s][，峰值压差mmHg]。+
共同静脉腔内见[蓝;红]色湍流彩流[，并见][流入右房;冠状静脉窦;下腔静脉]。+
室水平收缩期可见束状红黄色彩流由左室经缺口进入右室[，分流束面积smm][，舒张期可见][少量;中量;大量][蓝色彩流由右室经缺口进入左室]。+
室间隔缺口右室面探及[正向;双向]湍流频谱[，峰速m/s][，峰值压差mmHg]。+,先天性心脏病。+
[继发孔型;原发孔型]房间隔缺损[并室间隔缺损]。+
[部分;完全]性心内膜垫缺损。+
单心房。+
[二;三]尖瓣裂并[轻;中;重]度关闭不全。+
二尖瓣[轻;中;重]度狭窄，合并鲁登巴综合征可能。+
[轻;中;重]度肺动脉高压[伴相对关闭不全]。+
[左;右]心功能[轻度;中度;重度][不全;受损;未见异常]。+,013,0,常见,UIS,001,XNMDQS,心脏,NULL,NULL
366,肺静脉异常回流,超声,２Ｄ及Ｍ型特征：
[左房;左室;右房;右室;全心;各房室腔][大小正常;稍;明显][扩大;增大][，以][左房;左室;右房;右室][明显]。+
[右;左]室[前;后][壁][无;稍;明显]增厚，[室间隔;房间隔][连续性好，]IVS与LVPW[同向;AB型;逆向]运动，搏幅[正常;稍;明显][增强;减弱]。+
房间隔[中部;上部;中上部][及;近][十字交叉][处][可见中断;消失]，断口约mm。+
[十字交叉存在，][房室瓣;二尖瓣;三尖瓣][开放;关闭][尚好;不拢]。+
左房[未]见[一条;二条;三条][左;右]肺静脉开口。+
左房后上方见一斜行较粗管腔即共同静脉腔(CPV)，宽约mm。+
CPV[与右房直接相通;汇入冠状静脉窦]。+
CPV向上延伸成为垂直静脉(VV)，无名静脉及左上腔静脉扩张。+
CPV向下延伸汇入[门静脉;肝静脉;下腔静脉]，[门静脉;肝静脉;下腔静脉]扩张。+
大动脉位置关系正常。+
主动脉[无;稍]增宽，管壁光滑，搏幅[稍;明显][尚可;减低;增强]，主动脉瓣开放尚可，关闭[不拢;尚可]。+
肺动脉[无;稍;明显]增宽，肺动脉瓣开放尚可，关闭[不拢;尚可]，Ｍ型肺动脉后瓣 a 波[变浅;消失;加深]，bc 速加快[，可见提前关闭呈“Ｗ”形]。+
[各;其余]瓣膜开放关闭尚好，Ｍ型二尖瓣呈双峰，前后叶逆向，EE 间距[偶见][相;不]等。+
彩色及频谱多普勒特征：
[一条;二条;三条;未见][左;右]肺静脉彩色血流进入左房。+
CPV内见[蓝;红]色静脉彩流[，经][直接;冠状静脉窦;垂直静脉;门静脉][下腔静脉][流入右房]。+
房水平[舒张期;收缩期]可见一股红黄色彩流由左房经缺口进入右房及三尖瓣口[，收缩期可见一束红色彩流由右房经缺口进入左房]。+
舒张期可见一股红黄色彩流由[单]心房经共同房室瓣直接进入右室及左室[，收缩期可见][少量;中量;大量][蓝色彩流由][左;右][心室经共同房室瓣返回][左;右][心房]。+
房间隔缺口右房面探及[正向;双期]三峰状湍流频谱[，峰速m/s][，峰值压差mmHg]。+,先天性心脏病。+
[完全;部分;心上;心内;心下]型肺静脉异常回流。+
[继发孔型;原发孔型]房间隔缺损。+
[轻;中;重]度肺动脉高压[伴相对关闭不全]。+
[左;右]心功能[轻度;中度;重度][不全;受损;未见异常]。+,014,0,常见,UIS,001,FJMYCHL,心脏,NULL,NULL
367,肺动静脉瘘,超声,２Ｄ及Ｍ型特征：
[左房;左室;右房;右室;全心;各房室腔][大小正常;稍;明显][扩大;增大][，以][左房;左室;右房;右室][明显]。+
[左;右]室[前;后][壁][无;稍;明显]增厚，室间隔、房间隔连续性好，IVS与LVPW[逆向;AB型]运动，搏幅[正常;稍;明显][增强;减弱]。+
大动脉位置关系正常。+
肺动脉[无;稍;明显]增宽，肺动脉瓣开放尚可，关闭[不拢;尚可]，Ｍ型肺动脉后瓣 a 波[变浅;消失;加深]，bc 速加快[，可见提前关闭呈“Ｗ”形]。+
主动脉无增宽，管壁光滑，搏幅尚可，主动脉瓣开放关闭好。+
[二;三]尖瓣开放、关闭好，Ｍ型二尖瓣双峰，E峰<A峰，前后叶逆向，EE 间距[偶见][相;不]等。+
右心声学造影见右心显影后[约4-6]个心动周期左心显影。+
彩色及频谱多普勒特征：,先天性心脏病。+
肺动静脉瘘。+
[左;右]心功能[轻度;中度;重度][不全;受损;未见异常]。+,015,0,常见,UIS,001,FDJML,心脏,NULL,NULL
368,法乐氏心脏病,超声,２Ｄ及Ｍ型特征：
[左房;左室;右房;右室;全心;各房室腔][大小正常;稍;明显][扩大;增大][，以][左房;左室;右房;右室][明显]。+
[右;左]室[前;后][壁][无;稍;明显]增厚[，以][IVS;LVPW;RVAW][明显]，IVS与LVPW[逆向;同向;AB型]运动，搏幅[正常;稍;明显][增强;减弱]。+
左室腔[稍;较;极]小。+
大动脉位置关系正常。+
主动脉[稍;明显;无]增宽，前移，主动脉前壁与室间隔连续性中断，断口约mm，主动脉骑跨在室间隔上，约％，主动脉瓣开放尚可，关闭[不拢;尚可]。+
房间隔[上部;中部][可见中断，约mm;连续性好]。+
[右室流出道;肺动脉][圆锥部;干部;瓣膜][肌性;见隔膜组织][增厚;狭窄;闭锁][，][管腔;孔宽]约mm[，呈][不规则状;二瓣状]，[肺动脉瓣]开放[稍;明显][受限呈圆顶状;尚可]，关闭[不拢;尚可][，可见窄后扩张，最宽处约mm]。+
Ｍ型肺动脉后瓣 a 波[变浅;消失;加深][，bc 速加快]，可见关闭[提前呈“Ｗ”形;延迟]。+
[其余;各]瓣膜开放关闭尚好，Ｍ型二尖瓣呈双峰，前后叶逆向，EE 间距[偶见][相;不]等。+
彩色及频谱多普勒特征：
室水平收缩期可见[一;二]股[红][蓝]黄色彩流由[左室][及][右室]经缺口[大部份]进入主动脉[，部份进入右室][，舒张期可见一股][红;蓝][黄色彩流由][左;右][室经缺口进入][左室;右室]。+
[缺口处;和动脉内]为[正向;双向]湍流频谱[，峰速m/s][，峰值压差mmHg]。+
房水平舒张期可见一股红黄色彩流由左房经缺口进入右房及三尖瓣口[，收缩期可见一股红色彩流由右房经缺口进入左房]。+
房间隔缺口右房面探及[正向;双期]三峰状湍流频谱[，峰速m/s][，峰值压差mmHg]。+
[室水平;房水平][收缩;舒张]期未见左向右[或右向左]分流。+
[右室流出道;肺动脉]内收缩期见[喷射状][高速]蓝色彩流，[CW;PW]呈[负;双]向充填湍流频谱[，峰速m/s][，峰值压差mmHg]。+,先天性心脏病。+
右室壁肥厚。+
左室[腔狭小;发育不良]。+
[房;室]间隔缺损。+
肺动脉[圆锥部;瓣部;干部][膜性;二瓣畸形并]狭窄。+
法乐氏[三;四;五]联症。+,016,0,常见,UIS,001,FLSXZB,心脏,NULL,NULL
369,肺动脉瓣狭窄,超声,２Ｄ及Ｍ型特征：
[左房;左室;右房;右室;全心;各房室腔][大小正常;稍;明显][扩大;增大][，以][左房;左室;右房;右室][明显]。+
右室壁[稍;明显]肥厚[，以][IVS;RVAW][明显]，IVS与LVPW[逆向;同向;AB型]运动，搏幅[正常;稍;明显][增强;减弱]。+
大动脉位置关系正常。+
主动脉[稍;明显;无]增宽，主动脉前壁与室间隔连续性好，主动脉瓣开放尚可，关闭[不拢;尚可]。+
房间隔连续性好。+
[右室流出道;肺动脉][圆锥部;干部;瓣膜][肌性;见隔膜组织][增厚;狭窄;闭锁][，][管腔;孔宽]约mm[，呈][不规则状;二瓣状]，[肺动脉瓣]开放[稍;明显][受限呈圆顶状;尚可]，关闭[不拢;尚可][，可见窄后扩张，最宽处约mm]。+
Ｍ型肺动脉后瓣 a 波[变浅;消失;加深][，bc 速加快]，可见关闭[提前呈“Ｗ”形;延迟]。+
房室瓣膜开放关闭尚好，Ｍ型二尖瓣呈双峰，前后叶逆向，EE 间距[偶见][相;不]等。+
彩色及频谱多普勒特征：
[右室流出道;肺动脉]内收缩期见[喷射状][高速]蓝色彩流，[CW;PW]呈[负;双]向充填湍流频谱[，峰速m/s][，峰值压差mmHg]。+,右室壁[稍;明显]肥厚。+
肺动脉[圆锥部;瓣部;干部][膜性;二瓣畸形并]狭窄。+,017,0,常见,UIS,001,FDMBXZ,心脏,NULL,NULL
370,肝血吸虫病,超声,右肝上界在第肋间，下界在肋下mm，上下斜径mm，[前后径mm，]左肝前后径mm，上下径mm。+
肝脏[左叶;右叶;尾叶][大小正常;稍;明显][增大;缩小][，左叶;，右叶;，尾叶][稍;明显][增大;缩小][，形态失常]。+
肝包膜[不;欠]光滑[，呈][锯齿状;凹凸不平][，左肝;，右肝][表面;脏面;膈面;下缘;外缘][外凸;纯]。+
肝实质回声[不;欠]均匀，[广泛][轻度;明显]增粗增强。+
呈弥漫鳞片状[及斑点状]较强回声。+
呈大小不一弥漫性网格状，网带[薄;厚]而[整齐;粗]，网格小区形态[不规则;类圆形][，约mm×mm][至mm×mm]，小区内呈[不]均匀[低;中等]回声。+
肝肾比值[稍;明显;正常][减低;增高]。+
肝静脉[欠;不][清晰，][走行][不;欠;呈][自然;蛇行;弯曲]，[稍;明显;无][变细;增宽][，粗细不一][，管壁][不;欠][平整，][回声][无;稍;明显][增强]。+
肝右静脉[宽约mm，]为[单;双]向[三;双;单][平坦;峰]波血流频谱[，峰速mm/s]。+
门静脉[走行扭曲，][无;稍;明显][受压][增宽;变窄][，主干约mm][，管壁回声][稍;明显][增强][，后方见衰减][，内][未][见][条状低;异常][回声][，长约mm]。+
门静脉内为[入;离]肝单向平坦波血流频谱[，峰速mm/s]。+
肠系膜上静脉增宽[，约mm][，可见扩张的附脐静脉]。+
腹腔内[广泛]见[少量;中量][至][中量;大量]液性暗区[，最深约mm]。+,[左;右]肝[轻度;中度;重度;稍;明显][增大;缩小][并][不均质]弥漫性改变，[结合临床][考虑][符合][急;慢]性肝血吸虫病[并][早期][肝硬化][，门静脉高压]。+
[少量;中量][至][中量;大量]腹水。+
建议[肝功能;A.F.P;血脂;CT;MRI;进一步;定期;治疗后;超声导向穿刺][检查;复查;活检;硬化治疗;抽液治疗]。+,022,0,常见,UIS,1,GXXCB,肝脏,NULL,NULL
371,肝结核,超声,右肝上界在第肋间，下界在肋下mm，上下斜径mm，[前后径mm，]左肝前后径mm，上下径mm。+
肝脏[左叶;右叶;尾叶][大小正常;稍;明显][增大;缩小][，左叶;，右叶;，尾叶][稍;明显][增大;缩小][，形态失常]。+
肝包膜[不;欠]光滑[，呈][锯齿状;凹凸不平][，左肝;，右肝][表面;脏面;膈面;下缘;外缘][外凸;纯]。+
肝[左;右;左外;左内;右前;右后]叶[上段;下段][近膈面][尾叶]见一不规则不均匀混合性较[强;低]回声区[，约mm×mm×mm]，边界不清，不规整。+
病灶区内可见散在大小不一斑点状强回声，伴声影。+
病灶区周边及内部未见异常彩流信号。+
其余肝实质回声[不]均匀[、][稍][增粗][、增强][，呈][弥漫;不规则][小][斑点状;结节状][，结节约mm×mm][至mm×mm]。+
肝静脉走行自然[，肝右静脉为双向三峰波血流频谱][，峰速mm/s]。+
门静脉无增宽[，主干约mm]，内未见异常回声[，内为入肝单向平坦波血流频谱][，峰速mm/s]。+
肝门区见[多]个低回声结节，[最大][约mm×mm][至mm×mm]。+,肝[左;右;左外;左内;右前;右后;尾]叶类占位性病灶考虑结核可能性大。+
未除外肝Ca。+
建议[肝功能;A.F.P;血脂;CT;MRI;进一步;定期;治疗后;超声导向穿刺][检查;复查;活检;硬化治疗;抽液治疗]。+,023,0,常见,UIS,1,GJH,肝脏,NULL,NULL
372,肝弥漫性病变活检,超声,肝脏大小形态正常，包膜光滑。+肝实质回声分布欠均匀，增粗、增强。+
选肝左内叶为穿刺活检目标，右肋缘下10mm为进针点。+
常规消毒铺巾，用利多卡因局麻，安置导向针。+
用18G组织切割针沿引导线进针，针尖到达左内叶触发活检枪，随即退针，取材放在10％福尔马林内固定，向不同方向共活检2针。+
取材满意，长约20mm，组织呈红白相间。+
取材即送组织学检查。+
穿刺后观察半小时病人无不适。+,肝弥漫性病变，已作穿刺活检。+
组织已送病理检查，结果待报。+,024,0,常见,UIS,1,GMMXBBHJ,肝脏,NULL,NULL
373,肝肿块活检,超声,肝脏[右叶;右前叶;右后叶][左叶;左外叶;左内叶][上段;下段][尾叶][见个][见多个;散在;满布][小;大小][不等;形态相似][圆形;类圆形;不规则]实性[结节状]肿块回声[，相互融合]，[约;分别][mm×mm][、mm×mm][至;及][mm×mm]。+
选肝[右叶;右前叶;右后叶][左叶;左外叶;左内叶][尾叶]肿块为穿刺活检目标[，右肋缘下mm][右第肋间][剑下mm]为进针点。+
常规消毒铺巾，用[1％;2％][普鲁;利多]卡因局麻[，安置导向针]。+
用[18;20;22]G[活检针;组织切割针]沿引导线进针，针尖[到达;离;进入]肿块[边缘;内][mm]处触发活检枪向肿块[边缘;中心]活检，随即退针，取材放在10％福尔马林内固定，向不同方向共活检[1;2;3]针。+
用[18;20;22]G[组织切割针;穿刺针]沿引导线进针，针尖进入肿块[边缘;中心]作反复提拉旋转后退针，取材[放在][滤纸上]10％福尔马林液内固定[并][作细胞涂片]，向不同方向共活检[1;2;3]针。+
取材[不;基本]满意，长约[mm][至mm]，组织呈[鱼肉状;白色;红色;红白相间;血丝状][条块;碎块]。+
取材即送[组织;细胞]学检查。+
穿刺后观察半小时病人无不适。+,[左;右]肝[多发性;弥漫性][结节型;巨块型]实性占位性病变已作穿刺活检。+
组织已送病理检查，结果待报。+,025,0,常见,UIS,1,GZKHJ,肝脏,NULL,NULL
374,酒精注射硬化,超声,肝脏[右叶;右前叶;右后叶][左叶;左外叶;左内叶][尾叶][见个][见多个;散在;满布][小;大小][不等;形态相似][圆形;类圆形;不规则]实性[结节状]肿块回声[，相互融合]，[约;分别][mm×mm][、mm×mm][至;及][mm×mm]。+
选肝[右叶;右前叶;右后叶][左叶;左外叶;左内叶][尾叶]肿块为穿刺硬化治疗目标[，右肋缘下mm][右第肋间][剑下mm]为进针点。+
常规消毒铺巾，用[1％;2％][普鲁;利多]卡因局麻[，安置导向针]。+
用[18;20;22]G穿刺针沿引导线进针，针尖到达肿块[边缘;内]，先注入[1％;2％]普鲁卡因[ml]，后注入无水酒精[ml]，随即退针。+
[沿肿块周边及中央;向不同方向]共穿刺注射[1;2;3;4;5;6]个区域。+
穿刺后观察半小时病人无不适。+,[左;右]肝[多发性;弥漫性][结节型;巨块型]实性占位性病变已作酒精注射硬化治疗。+,026,0,常见,UIS,1,JJZSYH,肝脏,NULL,NULL
375,肝液病变穿刺,超声,肝脏[右叶;右前叶;右后叶][左叶;左外叶;左内叶][尾叶][见个][见多个;散在;满布][小;大小][不等;形态相似][圆形;类圆形;不规则]液[实]性肿块[，相互相通]，[约;分别][mm×mm][、mm×mm][至;及][mm×mm]。+
[液化]肿块壁[厚;簿]，[不]光滑，[透声好;内见浮点状弱回声]。+
选肝[右叶;右前叶;右后叶][左叶;左外叶;左内叶][尾叶]肿块为穿刺治疗目标，[右腋;右锁骨中线][前;中;后线][右肋缘下mm][第肋间][剑下mm]为进针点。+
常规消毒铺巾，用[1％;2％][普鲁;利多]卡因局麻[，安置导向针]。+
用[14;16;18;20]G[套管]穿刺针沿引导线进针，针尖到达[囊内;液区]中心，拔出针芯[，后留置套管]，抽出[淡黄色;红白色;加啡色][液体;脓液][共约ml][，抽净后退针]。+
然后[用][1％;2％][普鲁;利多][卡因反复冲冼并作表面麻醉][，再用][无水酒精;灭滴灵;NS][反复冲冼至囊液基本变清][，抽净后][注入][无水酒精;四环素1.0G;地塞米松][ml;mg]，[抽净后]退针。+
穿刺后观察半小时病人无不适。+,[左;右]肝[多发性][囊;脓]肿，[其中一个]已作穿刺抽[液;脓][硬化]治疗。+
[囊;脓]液已送[常规检查;细菌培养]，结果待报。+,027,0,常见,UIS,1,GYBBCC,肝脏,NULL,NULL
376,*单纯性肝囊肿,超声,    肝脏形态如常，大小正常范围，左叶前后径  mm ，右叶最大斜径  mm 。+肝表面平滑、包膜线光整，肝内管道走行自然，显示清楚，右肋缘下斜断面和右肋间断面于肝右叶可探及一囊性肿块，大小  mm ×  mm ×  mm ，囊壁菲薄，边缘光滑，前壁和后壁回声增强后方回声显著增强，具有侧方声影，彩色多谱勒检查，于囊内和囊壁内均未及血流信号，其余肝实质回声分布均匀，门脉主干内径  mm ，血流畅通，肝内外胆管不扩张。+,肝[右前叶;右后叶]囊肿。+,028,0,常见,UIS,1,*DCXGNZ,肝脏,NULL,NULL
377,*胆囊息肉,超声,"   胆囊位置,大小形态正常，约  mm × mm ；囊壁光滑，壁厚约 mm ，胆囊[体;颈;底]可见直径  mm 强回声隆突,基底部[较窄;较宽],[有蒂;无蒂]，不随体位改变移动；胆汁透声好,CDFI显示其内[未见血流信号;可见条状血流信号]。+
    肝内外胆管不扩张，其内未见异常声象。+
    肝脏,脾脏大小形态结构正常。+",胆囊息肉。+,029,0,常见,UIS,1,*DNXR,肝脏,NULL,NULL
378,*非均匀性脂肪肝,超声,"肝形态饱满,[体积增大;体积不大,][右叶最大斜径 mm,] 实质回声弥漫致密增强，于肝[右前叶;脏面;胆囊床附近]可见一不规则低回声区,边界[清;欠清]，范围约×mm,形态不规则,无明确占位效应,后方回声无变化,CDFI显示内部及周边血流信号未见异常。
    ","肝[右前叶;脏面;胆囊床附近]低回声区,考虑非均匀性脂肪肝可能性大。",030,0,常见,UIS,1,*FJYXZFG,肝脏,NULL,NULL
379,*肝脏弥漫性病变,超声,肝脏包膜欠光滑，[肝右叶斜径 mm，]肝边缘变纯，实质回声增强增粗，不均匀，肝静脉走形清晰[，欠规则]，门静脉[扩张;不扩张]，门静脉主干内径 mm，最大血流速约为  MM/s。,弥漫性肝病声像。,031,0,常见,UIS,1,*GZMMXBB,肝脏,NULL,NULL
380,阴茎血流,超声,"阴茎[非]勃起状态，阴茎动脉血流充盈良好，内径 mm,Vp:mm/s,RI:",阴茎动脉血流[正常;偏低],001,0,常见,UIS,096,YJXL,男生殖系,NULL,NULL
381,二次监卵,超声,子宫大小形态正常，[前;平;后]位，包膜光滑，宫壁回声均匀，宫腔线居中，内膜稍厚，约mm，清晰。+
左卵巢约mm×mm×mm，右卵巢约mm×mm×mm，轮廓清。+
双侧卵巢形态大小正常。+
左卵巢近边缘可见[1;多]个较大卵泡无回声，约mm×mm，呈椭圆形，饱满，壁薄，稍凸出卵巢包膜外。+
右卵巢未见增大卵泡无回声。+
子宫直肠窝内未见液性暗区。+,[左;右;双]侧卵巢[成熟卵泡;优势卵泡;发育卵泡;初级卵泡;已排卵声像]。+
盆腔积液。+,001,0,常见,UIS,001,ECJL,附件,NULL,NULL
382,附件测值,超声,[左;右]卵巢约mm×mm×mm。+
卵泡约mm×mm。+
[左;右;双侧][卵巢动脉;子宫动脉][未见异常彩流信号][PSVmm/s，PI，RI]。+,建议[经后第三天;定期;治疗后;妇科;进一步][W后][经阴道][彩色多普勒][超声][复查;检查]。+,002,0,常见,UIS,001,FJCZ,附件,NULL,NULL
383,正常盆腔,超声,[膀胱无尿下;经阴道]探查盆腔：
子宫约mm×mm×mm。+
子宫大小形态正常，前倾，包膜光滑，宫壁实质回声均匀，宫腔线清晰，居中，内膜无增厚，约mm。+
宫腔内见节育器强回声。+
宫颈大小正常。+
双侧附件无增厚，卵巢大小正常，轮廓清。+
[左;右]卵巢内见1个类圆形囊泡暗区，约mm×mm×mm，突出于卵巢表面。+
囊内[透声好;见网带状低回声;见絮状低回声]。+
子宫直肠窝未见液性暗区。+
子宫、附件大小形态正常，内部未见异常回声。+
[左;右;双侧][卵巢动脉;子宫动脉][未见异常彩流信号][PSVmm/s，PI，RI]。+,[子宫;双侧附件]内未见[占位性;明显病变;未见异常]。+
[药物;人工]流产术后，
宫腔内未见[异常组织;孕囊]。+
节育器位置正常。+
双侧卵巢目前未见优势卵泡。+
右侧附件囊性占位，考虑非赘生性囊肿可能。+
原囊肿消失。+
建议[一周后;定期]复查。+,003,0,常见,UIS,001,ZCPQ,附件,NULL,NULL
384,正常附件,超声,[左;右]卵巢约mm×mm×mm。
双侧附件无增厚，双侧卵巢大小正常，境界清。
[左;右]卵巢[可;未]见[个][小;多个][囊;优势卵][泡;性]暗区[，约mm×mm][，张力稍低][，壁][稍;不][厚]。
子宫直肠窝[未]见[少量]液性暗区[，宽mm]。
双侧附件区未见异常回声。,[双侧;左;右][卵巢;附件;输卵管;盆腔]未见[明显][增厚;肿块][改变]。
[双侧;左;右]卵巢[目前未]见优势卵泡。
建议[经后第三天;定期;治疗后;妇科;进一步][W后][经阴道][彩色多普勒][超声][复查;检查]。
双侧附件区未见明显异常,004,0,常见,UIS,001,ZCFJ,附件,NULL,NULL
385,正常黄体,超声,双侧附件无增厚，[左;右]卵巢约mm×mm×mm。+
[左;右]侧卵巢稍大，境界清，可见个囊性暗区，约mm×mm×mm[，张力稍低]，壁[稍;]厚，[欠]光滑，囊内[透声好;见网带状低回声;见絮状低回声]。+
[左;右;双]侧附件[无;稍]增厚[，卵巢][大小正常;未显示][，轮廓][不;欠][清]。+
子宫直肠窝[未]见[少量]液性暗区[，宽mm]。+,[双侧;左;右]附件未见[明显]增厚。+
[双侧;左;右]卵巢囊性[暗区;占位性病变]，结合临床考虑为[非赘生性;黄素;黄体][囊肿]。+
建议[经后第三天;定期;治疗后;妇科;进一步][W后][经阴道][彩色多普勒][超声][复查;检查]。+,005,0,常见,UIS,001,ZCHT,附件,NULL,NULL
386,盆腔炎,超声,[膀胱无尿下;经][阴道;直肠][彩色多普勒超声]探查盆腔：
子宫[前倾;后倾;水平位][后屈;前屈]，约mm×mm×mm，[大小正常;稍;增;缩;偏;较][大;小][，形态失常][，呈][球形;幼稚形;老年性缩小]，包膜[不]光滑，[不]清晰，宫壁回声[不;欠]均匀[，增粗]。+
宫腔[线居中;见分离液性暗区，宽约mm]，内膜[不;稍;明显增]厚，mm，[清晰;模糊]。+
[宫腔;宫颈管;宫壁;阴道]内见[圆形;宫形;Ｔ形]节育器强回声。+
宫颈[大小正常;稍大;增大][，阴道内见带状强回声]。+
[双侧;左;右]附件[紧附宫][后][旁，][无;稍;明显][增厚;增粗][，类团块状]，境界[不;欠]清[，约mm×mm×mm][，呈][不规则;蜂窝状][低回声]。+
[左;右;双]侧附件无增厚，卵巢[大小正常;未显示][，轮廓清]。+
[左;右]卵巢[可;未]见个[囊性;卵泡]暗区，约mm×mm×mm[，张力稍低][，壁][稍;不][厚]。+
[周边;宫旁;宫左旁;宫右旁;子宫直肠窝内][未]见[少量;中量;大量]不规则液性暗区[，约mm×mm×mm]。+,宫腔少量积液。+
[子][宫][颈][阴道][左;右][附件;旁][类][稍;明显][增厚;包块][改变;境界不清]。+
[双侧;左;右]卵巢[稍;明显]增大。+
[请][结合临床]考虑[符合][双侧;左;右][附件][急性;慢性][盆腔][宫体;宫颈;阴道][炎][症][可能]。+
[双侧;左;右]卵巢囊性占位性病变[，考虑为][黄体;非赘生性]囊肿[可能][性大]。+
与[月][日]对比[子][宫][颈;旁][左;右][附件][阴道;类][增厚;包块][改变;状况][稍;明显;仍][好转;无变化;增大;增厚]。+
建议[经后第三天;定期;治疗后;妇科;进一步;W后;经阴道][彩色多普勒][超声][复查;检查]。+,006,0,常见,UIS,001,PQY,附件,NULL,NULL
387,附件炎症,超声,[双侧;左;右]附件[紧附宫][后][旁，][无;稍;明显][增厚;增粗]，境界[不;欠]清[，约mm×mm×mm][，呈][不规则;蜂窝状][低回声]。+
[左;右;双]侧附件[无;稍]增厚[，卵巢][大小正常;未显示][，轮廓][不;欠][清]。+
[左;右]卵巢[可;未]见个[囊性;卵泡]暗区，约mm×mm×mm[，张力稍低][，壁][稍;不][厚]。+
[周边;宫旁;宫左旁;宫右旁;子宫直肠窝内][未]见[少量;中量;大量]不规则液性暗区[，约mm×mm×mm]。+,[左;右]附件[稍;明显]增厚[，境界不清]。+
[双侧;左;右]卵巢[稍;明显]增大。+
[请][结合临床]考虑[符合][双侧;左;右][附件][急性;慢性][盆腔][宫体;宫颈;阴道][炎][症][可能]。+
[双侧;左;右]卵巢囊性占位性病变[，考虑为][黄体;非赘生性]囊肿[可能][性大]。+
与[月][日]对比[子][宫][颈;旁][左;右][附件][阴道;类][增厚;包块][改变;状况][稍;明显;仍][好转;无变化;增大;增厚]。+
建议[经后第三天;定期;治疗后;妇科;进一步;W后;经阴道][彩色多普勒][超声][复查;检查]。+,007,0,常见,UIS,001,FJYZ,附件,NULL,NULL
388,附件炎性包块,超声,[双侧;左;右][宫旁;附件区;宫底附近;子宫直肠窝]见[不规则;类梭形][液][实]性[混合性][较强;较低;中等;无]回声包块，约mm×mm×mm，境界不清[，与卵巢粘在一起]。+
包块回声不均，呈[蜂窝状;不规则;密网状][，间有][低回声区;液性暗区;团状强回声][，约mm×mm×mm]。+
包块呈[弯曲;多发性][囊管状;腊肠样;烧瓶状]液性暗区，约mm×mm×mm[至mm×mm×mm][，相互相通]，壁[簿;厚][，毛糙]。+暗区内[透声好，;见][少许;稀疏;密集][浮点状;网状;条带状][低回声，约mm×mm×mm][，周边见不规则较低回声]。+
包块周边[未]见[半;少许][环状;星点状][动;静][脉]彩流[，PSVmm/s，PI，RI]。+内部[未]见[较][丰富;稀少;少许][短杆状;星点状;树枝状][动;静][脉]彩流[，PSVmm/s，PI，RI]。+
[双侧;左;右]附件[紧附宫][后][旁，][无;稍;明显][增厚;增粗]，境界[不;欠]清[，约mm×mm×mm][，呈][不规则;蜂窝状][低回声]。+
[左;右;双]侧附件[无;稍]增厚[，卵巢][大小正常;未显示][，轮廓][不;欠][清]。+
[左;右]卵巢[可;未]见个[囊性;卵泡]暗区，约mm×mm×mm[，张力稍低][，壁][稍;不][厚]。+
[宫旁;宫左旁;宫右旁;子宫直肠窝内][未]见[少量;中量;大量]液性暗区[，约mm×mm×mm][，内见点状弱回声漂浮]。+,[双侧;左;右][宫旁;附件区;宫底附近;子宫直肠窝][多发性][液][实][性;类][包块;增厚][改变]。+
[结合临床][考虑][符合]为炎性包块[可能性大]。+
[并;未排][双侧;左侧;右侧]输卵管积[液;脓][可能]。+
子宫直肠窝积[液;脓]。+
子宫附件改变考虑[急性]盆腔炎。+
未排除[多房性卵巢囊肿;畸胎瘤][扭转]。+
建议[经后第三天;定期;治疗后;妇科;进一步;W后;经阴道][彩色多普勒][超声][复查;检查]。+,008,0,常见,UIS,001,FJYXBK,附件,NULL,NULL
389,卵巢萎缩,超声,[左;右]卵巢约mm×mm×mm。+
[左;右;双侧]卵巢[缩小;未显示][，轮廓][不;欠][清]。+
[宫旁;宫左旁;宫右旁;子宫直肠窝内][未]见[少量]液性暗区[，宽mm]。+,卵巢萎缩[可能]。+
建议[性激素;定期;治疗后;妇科;进一步;W后;经阴道][彩色多普勒][超声][复查;检查]。+,009,0,常见,UIS,001,LCWS,附件,NULL,NULL
390,多囊卵巢综合征,超声,双侧卵巢[大小正常;稍大;增大;明显增大]，左侧约mm×mm×mm，右侧约mm×mm×mm。+
[左;右]卵巢边缘见较多[小;较大]囊泡暗区，大小相近，[最大]约mm×mm×mm[至mm×mm×mm]，卵巢中央回声[稍]增强。+
陶氏腔[及结肠旁][未]见[少量;中量]液性暗区[，宽mm]。+,双侧卵巢多卵泡改变。+
[结合临床]考虑多囊卵巢综合征[可能性大]。+
陶氏腔[及结肠旁]见[少量;中量]液性暗区。+
建议[经后第三天;定期;性激素;妇科;进一步;W后;经阴道][彩色多普勒][超声][复查;检查]。+,010,0,常见,UIS,001,DNLCZHZ,附件,NULL,NULL
391,卵泡监测,超声,[左;右]卵巢约mm×mm×mm。+
[左;右;双]侧卵巢近表面见个[小;较大][囊;优势卵][泡暗区]，[最大]约mm×mm×mm[及mm×mm×mm]，呈[圆;椭圆;不规则]形，[张力好;饱满;塌陷]，壁[厚;薄][，稍凸出卵巢包膜外]。+
[左;右;双]侧附件[无;稍]增厚[，卵巢][大小正常;未显示][，轮廓][不;欠][清]。+
[左;右]卵巢[可;未]见个[囊性;卵泡]暗区，约mm×mm×mm[，张力稍低][，壁][稍;不][厚]。+
[宫旁;宫左旁;宫右旁;子宫直肠窝内][未]见[少量;中量;大量]液性暗区[，宽mm]。+,[原][双侧;左;右]卵巢[未][见][优势卵泡;较大][卵泡;囊泡][较月日][增大;缩小;消失]。+
考虑为黄体囊肿。+
宫内膜[较前][稍;明显][增厚;无变化]。+
[宫旁;宫左旁;宫右旁;子宫直肠窝内]见少量液体。+
建议[经后第三天;定期;治疗后;妇科;进一步;W后;经阴道][彩色多普勒][超声][复查;检查]。+,011,0,常见,UIS,001,LPJC,附件,NULL,NULL
392,巧克力囊肿,超声,"经[阴道;腹部;直肠]探查：  
   子宫[前;后;平]位,形态规整，大小约为： mm × mm × mm，轮廓清晰，宫壁回声均匀，内膜线居中,内膜厚 mm,
   [左;右]侧附件区可见一囊性包块,大小约为 ×mm ,边界清,[壁稍厚,内壁尚光滑,囊内呈云雾样细小光点回声 ;囊壁较厚,内含极密集稍强回声光点及强回声斑块,大小  mm,贴附囊内壁,与子宫粘连密切]。
   双侧卵巢大小结构正常。
   盆腔内可见条片状暗区，液平 mm。",[左;右]侧附件区囊性包块(考虑巧克力囊肿可能性大).
盆腔积液.,012,0,常见,UIS,001,QKLNZ,附件,NULL,NULL
393,包裹性积液,超声,[左;右]附件区至宫后见1个不规则形囊性肿块，约mm×mm×mm。+
肿块[境界;与盆壁、附件分界]不清，无壁状，肿块张力较低[，内见多个不完整薄隔膜样回声]，囊内暗区透声好，后方回声增强。+
肿块囊壁未见明显彩流信号。+
[左;右;双]侧附件[无;稍]增厚[，卵巢][大小正常;未显示][，轮廓][不;欠][清]。+,[左;右]附件区囊性占位性病变（性质待定）。+
考虑包裹性积液可能性大。+
未除外卵巢囊肿可能。+
建议[经后第三天;定期;治疗后;妇科;进一步;W后;经阴道][彩色多普勒][超声][复查;检查;导向穿刺治疗]。+,013,0,常见,UIS,001,BGXJY,附件,NULL,NULL
394,卵巢囊性占位,超声,[盆腔;腹腔;子宫][近宫颈][左;右;双][侧;附件区][后;前][方][各]见个类圆形[多房性]囊[实]性肿块，[最大]约mm×mm×mm[至mm×mm×mm]。+
肿块包膜完整，壁[及房隔膜][厚;薄][，约mm]，[光滑;毛糙]。+
肿块壁[左;右][前;后]见[多]个乳头突起，约mm×mm×mm[至mm×mm]，基底[较][宽;窄]，表面[不整;光滑]，呈[不]均匀[较][低;强;等]回声。+
囊内暗区[透声好;见][稀疏;密集;少许][网状;条带状;浮点状][弱回声][，后方回声增强]。+
子宫位置[前;后;左;右]移。+
[肿块占据整个][盆腔;腹腔]内脏器受压移位[，肿块与腹壁粘连]。+
肿块[壁上;包膜;乳头][未]见[半;少许][环状;星点状][动;静][脉]彩流[，PSVmm/s，PI，RI]。+内部未见彩流。+
[左;右;双]侧附件[无;稍]增厚[，卵巢][大小正常;未显示][，轮廓][不;欠][清]。+
[肿块周围;腹腔;盆腔][未]见[少;中;大]量液性暗区[，宽mm]。+,[盆腔;腹腔;子宫][左;右;内][后;前][方;旁;附件区][巨大][液][囊][实]性[多发性;多房性]占位性病变（性质待定）。+
[结合临床][考虑][符合][双侧;左;右]卵巢[单纯;多房;非赘生性][浆液性;粘液性;巧克力][乳头状]囊[腺瘤;肿][可能性大]。+
[并;未除外][扭转;恶变;出血;感染]可能。+
未除外[双侧;左;右]卵巢[单纯;多房;非赘生性][浆液性;粘液性;巧克力;皮样;囊性畸胎瘤][乳头状][囊;癌][腺瘤;肿][可能]。+
[大;少;中]量腹水。+
建议[经后第三天;定期;治疗后;妇科;进一步;W后;经阴道][彩色多普勒][超声][复查;检查;导向穿刺治疗]。+,014,0,常见,UIS,001,LCNXZW,附件,NULL,NULL
395,卵巢癌,超声,[盆腔;腹腔;子宫][左;右;内][后;前][方;旁;附件区]见[多]个[类圆形;不规则结节状][液]实性[混合性][较强;较低;中等]回声肿块，约mm×mm×mm[至mm×mm×mm]。+
肿块境界[不]清，[不]规整[，分叶状][，推动性小]。+
肿块内呈多房状，壁[及房隔膜][厚;薄][，不规则][，约mm]。+
肿块壁[左;右][前;后]见[多]个乳头突起，约mm×mm×mm[至mm×mm]，基底[较][宽;窄]，表面[不整;光滑]，呈[不]均匀[较][低;强;等]回声。+
肿块[大部分为实性，;内部]回声分布[不]均匀[，见][散在;多个][点团状强回声][伴声影]。+
[，部分呈;，中央见][蜂窝状;不规则][低回声区;液性暗区]。+
暗区内见[稀疏;密集;少许][网状;条带状;浮点状][弱回声]。+
后方回声[增强;衰减]。+
肿块[周边;壁上;包膜;乳头][未]见[半;少许][环状;星点状][动;静][脉]彩流[，PSVmm/s，PI，RI]。+内部[未][见][较][丰富;稀少;少许][短杆状;星点状;树枝状][动;静][脉]彩流[，PSVmm/s，PI，RI]。+
子宫位置[前;后;左;右]移。+
[左;右;双]侧附件[无;稍]增厚[，卵巢][大小正常;未显示][，轮廓][不;欠][清]。+
[盆腔;腹腔;子宫直肠窝]内[少;中;大]量液性暗区[，宽mm]。+
肿块边界不清，欠规整。+
肿块内液性为主，呈大小不等、形态不规则液性暗区。+实性部分呈不规则低回声。+
肿块周边见少许半环状彩流，肿块内实性区见少许树枝状彩流，动脉PSV mm/s，PI ，RI 。+
盆腔内少-中量液性暗区。+,左侧卵巢区液实性占位性病变（性质待定）。+
结合临床考虑卵巢恶性肿瘤可能。+
未除外卵巢纤维瘤并部分液化。+
腹腔中-大量腹水。+
建议临床进一步检查以除外恶性卵巢肿瘤。+,015,0,常见,UIS,001,LCA,附件,NULL,NULL
396,卵巢实性占位,超声,[左侧卵巢;右侧卵巢;盆腔;腹腔;子宫][左;右;内][后;前][方;旁;附件区]见[1个;2个;多]个[类圆形;不规则结节状][液]实性[混合性][较强;较低;中等]回声肿块，约×mm[至mm×mm×mm]。
病灶边界[不]清，[不]规整[，分叶状][，推动性小]。
肿块大部分为实性，回声分布[不]均匀，[中央见;部分呈][蜂窝状;不规则][低回声区;液性暗区]。
后方回声[增强;衰减]。
肿块周边[未]见[半;少许][环状;星点状][动;静][脉]彩色血流[，PSVmm/s，PI，RI]。内部[未]见[较][丰富;稀少;少许][短杆状;星点状;树枝状][动;静][脉]彩色血流[，PSVmm/s，PI，RI][，并探及动静脉瘘血流信号]。
子宫位置[前;后;左;右]移。
[左;右;双]侧附件[无;稍]增厚[，卵巢][大小正常;未显示][，轮廓][不;欠][清]。
[盆腔;腹腔;子宫直肠窝]内[少;中;大]量液性暗区[，宽mm]。,[左侧卵巢;右侧卵巢;盆腔;腹腔;子宫][左;右;内][后;前][方;旁;附件区]实性占位性病变（性质待定）。
[少;中;大]量[胸;腹]水。
[结合临床][考虑][符合][双侧;左;右]卵巢[卵巢纤维瘤;颗粒细胞瘤][，恶变?][可能][性大]。
未除外[双侧;左;右]卵巢[恶性肿瘤;腺瘤][可能]。
肿块[浸润;与][子宫;盆壁;膀胱;直肠;肠管][粘连]。
建议[经后第三天;定期;治疗后;妇科;进一步;W后;经阴道][彩色多普勒][超声][复查;检查;导向穿刺][治疗;活检]。,016,0,常见,UIS,001,LCSXZW,附件,NULL,NULL
397,卵巢畸胎瘤,超声,[盆腔;腹腔;子宫][近宫颈][左;右;内;双][侧][后;前][方]见个类圆形[囊][实]性肿块，约mm×mm×mm[至mm×mm×mm]。+
肿块[包膜完整;境界][不]清[，壁][厚;薄]。+
瘤内可见多个小囊，呈囊中囊现象。+
[前部;呈][弧形;不规则]强回声，后部回声渐次减弱，似垂柳状。+
[肿块内;囊内;附壁]见[多]个[乳头状隆起;不规则状;点片状;点状;斑块状][较][低;强;等]回声团块，约mm×mm×mm[，伴声影]。+
团块周边为不规则液性暗区，
[其余]暗区[透声好;内见][稀疏;密集;少许][网状;条带状;浮点状;或短线状][强;弱回声]，
囊内暗区上下部线样分界，上部呈[点片状;团块状;点状;浮点状][强;低;弱][回声;液性暗区]，下部呈[点片状;团块状;点状;浮点状][强;低;弱][回声;液性暗区]。+
后部[回声;][明显][增强;衰减]。+
肿块中央见团状强回声，约mm×mm×mm，后方见声衰减，肿块暗区[偏][左;右][前;后]壁见一面团样强回声，约mm×mm×mm，边缘较清，欠规则整，后方见声影。+
肿块随改变体位或推压肿块时移动[，探头压痛明显]。+
子宫位置[前;后;左;右]移。+
[肿块占据整个][盆腔;腹腔][内脏器受压移位]。+
肿块[壁上;包膜;乳头][未]见[半;少许][环状;星点状][动;静][脉]彩流[，PSVmm/s，PI，RI]。+内部[未]见[较][丰富;稀少;少许][短杆状;星点状;树枝状][动;静][脉]彩流[，PSVmm/s，PI，RI]。+
[左;右;双]侧附件[无;稍]增厚[，卵巢][大小正常;未显示][，轮廓][不;欠][清]。+
[肿块周围;腹腔;盆腔][未]见[少;中;大]量液性暗区[，最深约mm]。+,[盆腔;腹腔;子宫][左;右;内][后;前][方;旁;附件区][巨大][液][囊][实]性占位性病变（性质待定）。+
[结合临床][考虑][符合][双侧;左;右][卵巢][皮样囊肿;囊性][畸胎瘤][可能性大]。+
[扭转;恶变;出血][感染]可能。+
[少;中;大]量腹水。+
未除外[双侧;左;右]卵巢[单纯;多房;非赘生性][浆液性;粘液性;巧克力;皮样;囊性畸胎瘤][乳头状][囊;癌][腺瘤;肿][可能]。+
建议[KUB;定期;治疗后;妇科;进一步;经阴道][彩色多普勒][超声][复查;检查;导向穿刺][治疗;活检]。+,017,0,常见,UIS,001,LCJTL,附件,NULL,NULL
398,巨大囊性畸胎瘤,超声,盆腔、腹腔内为一巨大液性肿块占据，肿块上达剑突下，下至耻骨联合，约mm×mm×mm。+
肿块[与腹壁分;境]界[不]清，包膜规整，壁厚。+囊内以液性暗区为主，暗区漂浮点线状强回声并随改变体位或推压肿块时移动。+
暗区亦见多个呈团块状强回声，伴声影。+
肿块壁上见少许彩流，动脉PSV mm/s，PI ，RI 。+肿块内部未见彩流信号。+,腹腔盆腔巨大占位性病变。+
考虑卵巢皮样囊肿可能性大。+
未除外囊肿扭转出血可能。+
建议腹部平片检查。+,018,0,常见,UIS,001,JDNXJTL,附件,NULL,NULL
399,黄体破裂,超声,[子宫][左;右;内][后;前][方;旁;附件区]见不规则[混合性][较强;较低;中等]回声包块，约mm×mm×mm。+
包块境界[不]清[，整齐;不整]，内回声分布[不]均匀[，内见][蜂窝状;不规则][低回声区;液性暗区][，后方回声增强]。+
局部探头[压痛;反跳痛]明显。+
肿块周边[未]见[半;少许][环状;星点状][动;静][脉]彩流[，PSVmm/s，PI，RI]。+内部[未]见[较][丰富;稀少;少许][短杆状;星点状;树枝状][动;静][脉]彩流[，PSVmm/s，PI，RI]。+
[左;右;双]侧附件[无;稍]增厚[，卵巢][大小正常;未显示][，轮廓][不;欠][清]。+
[脾肾间隙;肝肾间隙;盆腔内]均见[少量;中量;大量]液性暗区[，最多处为][脾肾间隙;肝肾间隙;盆腔][，深约mm]。+,[子宫][左;右;内][后;前][方;旁;附件区][液][实]包块并[少;中;大]量腹水。+
[少量;中量][至][中量;大量]腹水[血腹]。+
[结合临床]考虑黄体破裂[可能性大]，未除外宫外孕破裂出血。+
建议[密切追踪观察;定期;治疗后;妇科;进一步;W后;经阴道][彩色多普勒][超声][复查;检查]。+,019,0,常见,UIS,001,HTPL,附件,NULL,NULL
400,输卵管积液,超声,[双侧;左;右]附件[紧附宫][后][旁，][无;稍;明显][增厚;增粗][，类团块状]，境界[不;欠]清[，约mm×mm×mm][，呈][不规则][蜂窝状][低回声]。+
[双侧;左;右]双侧输卵管显著扩张[，最宽处mm]。+
腔内呈[浮点状弱;无]回声液性暗区。+
[左;右;双]侧附件[无;稍]增厚[，卵巢][大小正常;未显示][，轮廓][不;欠][清]。+
[盆腔;腹腔;子宫直肠窝]内[少;中;大]量液性暗区[，最宽约mm]。+,[阴道;宫腔;双侧输卵管]积液[血]。+
[少;中;大]量腹液。+
建议[经后第三天;定期;治疗后;妇科;进一步;W后;经阴道][彩色多普勒][超声][复查;检查]。+,020,0,常见,UIS,001,SLGJY,附件,NULL,NULL
401,盆腔性肿块,超声,[盆腔;子][宫][颈][左;右;上;后][直肠窝;方;壁][未]见[液][实]性[暗区;肿块]，约mm×mm×mm。+
肿块境界[不]清，[不]规整[，分叶状;，伪足状]，内回声分布[不]均匀，呈[混合性][较强;较低;中等]回声[，内见;，中央见][蜂窝状;点状;团状;不规则][低回声区;强回声;液性暗区][，后方回声][增强;衰减]。+
肿块境界完整，[不]清晰，呈多房状，隔膜厚[，约mm][，呈不规则状]，囊内[透声好;见][不规则点状][低;弱][回声]。+
肿块[壁上;包膜;乳头][未]见[半;少许][环状;星点状][动;静][脉]彩流[，PSVmm/s，PI，RI]。+内部[未]见[较][丰富;稀少;少许][短杆状;星点状;树枝状][动;静][脉]彩流[，PSVmm/s，PI，RI]。+
[左;右;双]侧附件[无;稍]增厚[，卵巢][大小正常;未显示][，轮廓][不;欠][清]。+
[盆腔;腹腔;子宫直肠窝]内[少;中;大]量液性暗区[，宽mm]。+,盆腔[液][实]性肿块[性质待定]。+
[结合临床][考虑][符合]盆腔[肿瘤;包裹性][积血;炎性包块;复发;转移][可能性大]。+
未除外盆腔[肿瘤;包裹性][积血;炎性包块;复发;转移][可能]。+
建议[经后第三天;定期;治疗后;妇科;进一步;W后;经阴道][彩色多普勒][超声][复查;检查;导向穿刺][治疗;活检]。+,021,0,常见,UIS,001,PQXZK,附件,NULL,NULL
402,盆腔静脉曲张症,超声,[子]宫[颈][左;右;两]旁[盆腔内]见[丛状;管状;网状;蜂窝状][走行各异的][低;无]回声结构，范围相对集中[，部分渗入浅层宫壁]。+
[左侧;右侧]约mm×mm×mm，
最宽管腔约mm[，内呈雾样流动]，CDFI显示管内为静脉血流信号。+
[左;右;双]侧附件[无;稍]增厚[，卵巢][大小正常;未显示][，轮廓][不;欠][清]。+
子宫直肠窝内[未]见[少量]液性暗区[，宽mm]。+,[子]宫[颈][左;右;两]旁[盆腔内]异常管样结构考虑为盆腔静脉曲张症[可能性大]。+
[子宫;左;右]附件[稍;明显][增厚;改变;液实性包块][考虑][双;左;右;急性;慢性][侧附件;盆腔;宫体]炎。+
建议[经后第三天;定期;治疗后;妇科;进一步;W后;经阴道][彩色多普勒][超声][复查;检查]。+,022,0,常见,UIS,001,PQJMQZZ,附件,NULL,NULL
403,腮腺脓肿,超声,[双侧;左;右]腮腺[稍;增]大，包膜[不;欠]光滑，[不;欠]清晰。+
[左;右]腮腺内见[个][圆形;类圆形;不规则][液][实][性][混合性][较][强;低;中等]回声[区;包块]，[最大]约mm×mm×mm[至mm×mm×mm]。+
包块[包膜;边界][不]清，[不]规整[，壁][厚;薄][，不规则状][，附壁见][乳头状;不规则状][较][低;强;等][回声团，约mm ×mm][，暗区][透声好;内见][稀疏;密集;少许][网状;条带状;浮点状][弱回声][，后方回声][增强;衰减]。+
包块[周边;实质][大][部分][为][液][实][性][不][均匀][混合性][较][强;低;中等][回声][，内;，中央][见蜂窝状;点状;团状;不规则][低;强;无][回声][区][，暗区][透声好;内见][稀疏;密集;少许][网状;条带状;浮点状][弱回声]。+
[左;右]腮腺[上;中;下]部呈不规则蜂窝状低回声[，部分有流动感]。+
包块周边[未]见[半;少许][环状;星点状][动;静][脉]彩流[，PSVmm/s，PI，RI]。+内部[未]见[较][丰富;稀少;少许][短杆状;星点状;树枝状][动;静][脉]彩流[，PSVmm/s，PI，RI][，并探及动静脉瘘血流信号]。+
腮腺内结构正常，导管无增宽变形。+
腮腺后方[无;见]回声[增强;衰减]。+
[双侧;左;右]腮腺大小正常，内回声未见异常。+,[双侧;左;右]腮腺[稍;明显][弥漫性]肿大并[液][实]性占位性病变。+
结合临床考虑腮腺炎[并脓肿形成]。+
[左侧;右侧]腮腺未见异常。+
建议[超声导向穿刺活检;治疗后复查]。+,005,0,常见,UIS,001,SXNZ,面颈部,NULL,NULL
404,腮腺囊肿,超声,[左;右;双]侧腮腺肿大。+
[左;右;双]侧腮腺内见个[，右侧内见个]椭圆形囊性肿块回声，[最大][位于][左;右;双][侧腮腺]约mm×mm×mm[至mm×mm×mm]。+囊壁欠光滑，不厚，内透声尚可。+
肿块周边及内部未见彩流。+,双侧腮腺内多发性囊性占位性病变，考虑腮腺囊肿可能性大。+,006,0,常见,UIS,001,SXNZ,面颈部,NULL,NULL
405,颌下腺混合瘤,超声,[左;右]颌下腺稍大，变形，表面不平，内见1个圆形实性团块回声，约mm×mm×mm。+肿块包膜清，规整。+肿块实质回声不均匀，呈混合性中等回声，内点状强回声。+
病灶周边见少许环点状彩流，病灶内见树枝状彩流，动脉PSV mm/s，PI，RI。+
[左;右]右侧颌下腺大小正常，内回声未见异常。+,"[左;右]颌下腺内实性占位性病变。+
考虑颌下腺混合瘤可能性大,未除外炎性结节。+",007,0,常见,UIS,001,HXXHHL,面颈部,NULL,NULL
406,腮腺肿瘤,超声,[左;右]侧腮腺[稍;增]大[，变形][，表面不平][，轮廓][不;欠][清]，内见[个][圆形;类圆形;不规则形][液][囊][实]性[以][实;液][性为主的][混合性][较][强;低;中等]回声肿块，[最大]约mm×mm×mm[至mm×mm×mm][，相互融合]。+
肿块[包膜;边界][不]清，[不]规整[，壁][厚;薄][，不规则状][，附壁见][乳头状;不规则状][较][低;强;等][回声团，约mm ×mm][，暗区][透声好;内见][稀疏;密集;少许][网状;条带状;浮点状][弱回声][，后方回声][增强;衰减]。+
肿块[周边;实质][大][部分][为][液][实][性][不][均匀][混合性][较][强;低;中等][回声][，内;，中央][见蜂窝状;点状;团状;不规则][低;强;无][回声][区][，暗区][透声好;内见][稀疏;密集;少许][网状;条带状;浮点状][弱回声]。+
肿块周边[未]见[半;少许][环状;星点状][动;静][脉]彩流[，PSVmm/s，PI，RI]。+内部[未]见[较][丰富;稀少;少许][短杆状;星点状;树枝状][动;静][脉]彩流[，PSVmm/s，PI，RI][，并探及动静脉瘘血流信号]。+
肿块外腺实质回声分布[不]均匀，呈[低;较强]回声。+
[双侧;左;右]腮腺大小正常，内回声未见异常。+,[左;右]侧腮腺内[囊][液][实]性占位性病变（性质待定）。+
考虑腮腺[良性;恶性][混合瘤;腺淋巴瘤;囊肿;粘液表皮样癌;腺Ca;囊腺Ca;转移癌;淋巴肉瘤][可能性大]。+
未除外腮腺[良性;恶性][混合瘤;腺淋巴瘤;囊肿;粘液表皮样癌;腺Ca;囊腺Ca;转移癌;淋巴肉瘤][可能]。+
建议超声导向穿刺活检。+
[左侧;右侧]腮腺未见异常。+,008,0,常见,UIS,001,SXZL,面颈部,NULL,NULL
407,颌下腺疾病,超声,[双侧;左;右]颌下腺[稍;增]大，包膜[不;欠]光滑，[不;欠]清晰，实质回声分布[不]均匀，呈[低;较强]回声。+
[左;右]侧颌下腺[稍;增]大，变形，表面不平，内见[个][圆形;不规则形][液][囊][实]性[以][实;液][性为主的][混合性][较][强;低;中等]回声包块，[最大]约mm×mm×mm[至mm×mm×mm][，相互融合]。+
包块[包膜;边界][不]清，[不]规整[，壁][厚;薄][，不规则状][，附壁见][乳头状;不规则状][较][低;强;等][回声团，约mm ×mm][，暗区][透声好;内见][稀疏;密集;少许][网状;条带状;浮点状][弱回声][，后方回声][增强;衰减]。+
包块[周边;实质][大][部分][为][液][实][性][不][均匀][混合性][较][强;低;中等][回声][，内;，中央][见蜂窝状;点状;团状;不规则][低;强;无][回声][区][，暗区][透声好;内见][稀疏;密集;少许][网状;条带状;浮点状][弱回声]。+
包块周边[未]见[半;少许][环状;星点状][动;静][脉]彩流[，PSVmm/s，PI，RI]。+内部[未]见[较][丰富;稀少;少许][短杆状;星点状;树枝状][动;静][脉]彩流[，PSVmm/s，PI，RI][，并探及动静脉瘘血流信号]。+
[双侧;左;右]颌下腺大小正常，内回声未见异常。+,[双侧;左;右]颌下腺肿大。+
[左;右]侧颌下腺内[囊][液][实]性占位性病变（性质待定）。+
结合临床考虑颌下腺[混合瘤;囊肿;炎性结节][可能性大]。+
未除外颌下腺[混合瘤;囊肿;炎性结节][可能]。+
[左侧;右侧]颌下腺未见异常。+
建议超声导向穿刺活检。+,009,0,常见,UIS,001,HXXJB,面颈部,NULL,NULL
408,喉癌,超声,喉正常结构消失。+
[左;右][侧][咽]喉[内;壁]见[个][圆形;不规则形][液][实]性[以][液][实][性为主的][混合性][较][强;低;中等]回声肿块，约mm×mm×mm。+
肿块边界[不]清，包膜[不]完整[，分叶状;，伪足状]，内回声分布[不]均匀，呈[混合性][较强;较低;中等]回声[，内见;，中央见][蜂窝状;点状;团状;不规则][低回声区;强回声;液性暗区][，后方回声][增强;衰减]。+
肿块对邻近组织有浸润[，甲状软骨连续性中断][，于][左;右][颈部形成不规则低回声团约][mm]。+
肿块周边[未]见[半;少许][环状;星点状][动;静][脉]彩流[，PSVmm/s，PI，RI]。+内部[未]见[较][丰富;稀少;少许][短杆状;星点状;树枝状][动;静][脉]彩流[，PSVmm/s，PI，RI][，并探及动静脉瘘血流信号]。+
[对;同;双]侧颈部[未]见[数][多][个]类圆形低回声团[，约mm×mm×mm][至mm×mm×mm][，部分相互融合]。+,[左;右][侧][咽]喉[内;壁]实性占位性病变（性质待定）。+
考虑[咽][喉]Ca可能性大。+
邻近组织转移。+
[双侧;左;右]颈部未见[增大]淋巴结[肿大]。+
建议超声导向穿刺活检。+,010,0,常见,UIS,001,HA,面颈部,NULL,NULL
409,颈动脉体瘤,超声,[左;右]颈[上部;中部;下部]颈动脉窦水平见个包绕颈动脉呈同心圆生长[类圆形;不规则形]实性[混合性][较][强;低;中等]回声肿块，约mm×mm×mm。+
肿块[无]包膜[不;欠][完整]，境界[欠;不]清，[不]规整[，与颈动脉紧密相连]。+内部回声不均匀[，间有][稀疏;密集][团状;点状;结节状][强回声]。+
肿块周边[未]见[半;少许][环状;星点状][动;静][脉]彩流[，PSVmm/s，PI，RI]。+内部[未]见[较][丰富;稀少;少许][短杆状;星点状;树枝状][动;静][脉]彩流[，PSVmm/s，PI，RI][，并探及动静脉瘘血流信号]。+
[肿块旁;对侧颈部][未]见[数][多][个]类圆形低回声团[，约mm×mm][至mm×mm][，部分相互融合]。+,[左;右]颈[上部;中部;下部]颈动脉窦水平实性占位性病变（性质待定）。+
考虑颈动脉体瘤可能性大。+
未除外[颈部][淋巴][结][瘤;炎;结核;转移瘤;混合瘤;血管瘤;炎性病灶;神经纤维瘤;神经鞘瘤]。+
[双侧;左;右]颈部未见[增大]淋巴结[肿大]。+
建议[超声导向穿刺]活检。+,011,0,常见,UIS,001,GDMTL,面颈部,NULL,NULL
410,神经纤维瘤,超声,颈[左侧;右侧][前区;胸锁乳突区;颈外区]见个[类圆形;长圆形;不规则形][液]实性[混合性][较][强;低;中等]回声肿块，约mm×mm×mm。+
肿块无包膜，境界不清，[不]规整。+内部回声不均匀[，间有][稀疏;密集][团状;点状;结节状][强回声]。+
肿块内见[蜂窝状;不规则][低;无]回声[区]，暗区[透声好;内见][稀疏;密集;少许][网状;条带状;浮点状][弱回声]。+
肿块位于[左;右]颈[总;内;外;][动;静]脉[外;内][前;后]方[，并与之紧密相连]。+
肿块周边[未]见[半;少许][环状;星点状][动;静][脉]彩流[，PSVmm/s，PI，RI]。+内部[未]见[较][丰富;稀少;少许][短杆状;星点状;树枝状][动;静][脉]彩流[，PSVmm/s，PI，RI][，并探及动静脉瘘血流信号]。+
[肿块旁;对侧颈部][未]见[数][多][个]类圆形低回声团[，约mm×mm][至mm×mm][，部分相互融合]。+,颈[左侧;右侧][前区;胸锁乳突区;颈外区][液]实性占位性病变（性质待定）。+
考虑神经纤维瘤可能性大。+
未除外[颈部][淋巴][结][瘤;炎;结核;转移瘤;混合瘤;血管瘤;炎性病灶][可能]。+
[双侧;左;右]颈部未见[增大]淋巴结[肿大]。+
建议[超声导向穿刺]活检。+,012,0,常见,UIS,001,SJXWL,面颈部,NULL,NULL
411,神经鞘瘤,超声,[左;右]颈[上部;中部;下部]颈动脉后[内;外]侧见个[类圆形;长圆形;不规则形][液]实性[混合性][较][强;低;中等]回声肿块，约mm×mm×mm。+
[左;右]颈动脉向前外移，与颈内静脉间距增宽。+
肿块包膜[欠;尚]完整，境界[尚]清，形态规整。+内部回声[欠;尚;不]均匀[，间有][稀疏;密集][团状;点状;结节状][强回声]。+
肿块内见[蜂窝状;不规则][低;无]回声[区]，暗区[透声好;内见][稀疏;密集;少许][网状;条带状;浮点状][弱回声]。+
肿块周边[未]见[半;少许][环状;星点状][动;静][脉]彩流[，PSVmm/s，PI，RI]。+内部[未]见[较][丰富;稀少;少许][短杆状;星点状;树枝状][动;静][脉]彩流[，PSVmm/s，PI，RI][，并探及动静脉瘘血流信号]。+
[肿块旁;对侧颈部][未]见[数][多][个]类圆形低回声团[，约mm×mm][至mm×mm][，部分相互融合]。+,[左;右]颈[上部;中部;下部]颈动脉后[内;外]侧[液]实性占位性病变（性质待定）。+
考虑神经鞘瘤可能性大。+
未除外[颈部][淋巴][结][瘤;炎;结核;转移瘤;混合瘤;血管瘤;炎性病灶;神经纤维瘤][可能]。+
[双侧;左;右]颈部未见[增大]淋巴结[肿大]。+
建议[超声导向穿刺]活检。+,013,0,常见,UIS,001,SJQL,面颈部,NULL,NULL
412,颈肿块活检,超声,[左;右][颈][外;前][上;中;下][部][锁骨上;颌下;枕后;乳突后]见[个][多个][大小不等;形态相似][圆形;类圆形;不规则]实性[结节状]肿块回声[，相互融合]，[最大]约mm×mm×mm[至;及][mm×mm×mm]。+
选[左;右][颈][外;前][上;中;下][部][锁骨上;颌下;枕后;乳突后]肿块为穿刺活检目标。+
常规消毒铺巾，用[1％;2％][普鲁;利多]卡因局麻[，安置导向针]。+
用[18;20;22]G[活检针;组织切割针]沿引导线进针，针尖[到达;离;进入]肿块[边缘;内][mm]处触发活检枪向肿块[边缘;中心]活检，随即退针，取材放在10％福尔马林内固定，向不同方向共活检[1;2;3]针。+
用[18;20;22]G[组织切割针;穿刺针]沿引导线进针，针尖进入肿块[边缘;中心]作反复提拉旋转后退针，取材[放在][滤纸上]10％福尔马林液内固定[并][作细胞涂片]，向不同方向共活检[1;2;3]针。+
取材[不;基本]满意，长约[mm][至mm]，组织呈[鱼肉状;白色;红色;红白相间;血丝状][条块;碎块]。+
取材即送[组织;细胞]学检查。+
穿刺后观察半小时病人无不适。+,[左;右][颈][外;前][上;中;下][部][锁骨上;颌下;枕后;乳突后][多发性]实性占位性病变已作穿刺活检。+
组织已送病理检查，结果待报。+,014,0,常见,UIS,001,GZKHJ,面颈部,NULL,NULL
413,颈液病变穿刺,超声,超声所见：
[左;右][颈][外;前][上;中;下][部][锁骨上;颌下;枕后;乳突后]见个[大小不等;形态相似][圆形;类圆形;不规则]液[实]性肿块[，相互相通]，[最大]约mm×mm×mm[至;及][mm×mm×mm]。+
肿块壁[厚;簿]，[不]光滑，[透声好;内见浮点状弱回声]。+
选[左;右][颈][外;前][上;中;下][部][锁骨上;颌下;枕后;乳突后]肿块为穿刺治疗目标。+
常规消毒铺巾，用[1％;2％][普鲁;利多]卡因局麻[，安置导向针]。+
用[14;16;18;20]G[套管]穿刺针沿引导线进针，针尖到达[囊内;液区]中心，拔出针芯[，后留置套管]，抽出[淡黄色;红白色;加啡色][液体;脓液][共约ml][，抽净后退针]。+
然后[用][1％;2％][普鲁;利多][卡因反复冲冼并作表面麻醉][，再用][无水酒精;灭滴灵;NS][反复冲冼至囊液基本变清][，抽净后][注入][无水酒精;四环素1.0G;地塞米松][ml;mg]，[抽净后]退针。+
穿刺后观察半小时病人无不适。+,[左;右][颈][外;前][上;中;下][部][锁骨上;颌下;枕后;乳突后][囊;脓]肿已作穿刺抽[液;脓][硬化]治疗。+
脓液已送[常规检查;细菌培养]，结果待报。+,015,0,常见,UIS,001,GYBBCC,面颈部,NULL,NULL
414,阴囊测值,超声,[左;右;双]侧睾丸约mm×mm×mm。+
[左;右;双]侧附睾头约mm，体约mm，尾约mm。+
睾丸内未见异常血流信号。+,双侧[睾丸;附睾]未见异常。+
双侧[睾丸;附睾]未见占位性病变。+,001,0,常见,UIS,096,YNCZ,男生殖系,NULL,NULL
415,正常阴囊,超声,左侧睾丸约×mm，附睾头：×mm
右侧睾丸约×mm。附睾头：×mm
双侧睾丸等大形态正常，包膜清晰，光滑，实质呈均匀低回声。
睾丸内未见异常血流信号。
双侧附睾大小正常，内未见异常回声。
双侧睾丸鞘膜腔内未见分离性液性暗区。,双侧[睾丸、附睾]未见明显异常。
双侧[睾丸;附睾]未见占位性病变。
双侧睾丸偏小，考虑睾丸发育[不良;不全;欠佳]。
建议精液检查。,002,0,常见,UIS,096,ZCYN,男生殖系,NULL,NULL
416,睾丸发育不良,超声,左侧睾丸约mm×mm×mm，右侧睾丸约mm×mm×mm。+
[双侧;左;右]睾丸偏小[，以][左;右][侧明显][，形态失常]，包膜清晰，光滑，实质呈均匀低回声。+
睾丸内未见异常血流信号。+
[左;右]睾丸大小形态正常，包膜清晰，光滑，实质呈均匀低回声。+
双侧附睾大小正常，未见异常回声。+
鞘膜腔无分离。+,[双侧;左;右]睾丸偏小，考虑睾丸发育[不良;不全;欠佳]。+
建议精液检查。+,003,0,常见,UIS,096,GWFYBL,男生殖系,NULL,NULL
417,隐睾,超声,[双侧;左;右]阴囊内未见睾丸。+
[左;右;双]侧[腹股沟管][内环][上;下][盆壁]内见1个椭圆形低回声团[，约mm×mm×mm]，包膜光滑，内回声均匀。+
[左;右;双]侧[盆腔;腹股沟区]见[类圆形;分叶状]实性[混合性][较][强;低;中等]回声包块[，约mm×mm×mm]，包膜[完整;不整;凹凸不平]，内部回声[不]均匀[，内见不规则低回声区]。+
包块周边[未]见[半;少许][环状;星点状][动;静][脉]彩流[，PSVmm/s，PI，RI]。+内部[未]见[较][丰富;稀少;少许][短杆状;星点状;树枝状][动;静][脉]彩流[，PSVmm/s，PI，RI][，并探及动静脉瘘血流信号]。+
[左;右]侧睾丸约mm×mm×mm。+
[左;右]侧睾丸大小形态正常，包膜清晰，光滑，实质回声均匀。+
[双侧;左;右]附睾大小正常，未见异常回声。+
[双侧;左;右]鞘膜腔无分离。+,[双侧;左;右]隐睾[并肿大]。+
[双;左;右]侧睾丸位于[腹股沟管][内环][上;下][盆壁]内。+
右侧睾丸位于[腹股沟管][内环][上;下][盆壁]内。+
[左;右;双]侧[盆腔;腹股沟区]实性占位性病变（性质待定），考虑隐睾恶变可能性大。+
（第[1;2;3]期）。+
建议超声导向穿刺活检。+,004,0,常见,UIS,096,YG,男生殖系,NULL,NULL
418,睾丸微小钙化症,超声,左侧睾丸约mm×mm×mm，右侧睾丸约mm×mm×mm。+
双侧睾丸等大，形态正常，包膜清晰，光滑，实质内见散在[密集]点状强回声，约至mm，无声影。+
双侧附睾大小正常，内未见异常回声。+
双侧睾丸鞘膜腔内未见分离性液性暗区。+,睾丸微小钙化症。+
建议治疗后复查。+,005,0,常见,UIS,096,GWWXGHZ,男生殖系,NULL,NULL
419,鞘膜腔积液,超声,左侧睾丸约mm×mm×mm，右侧睾丸约mm×mm×mm。+
[双侧;左;右][腹股沟;阴囊][轻度;明显]肿大。+
[左;右;双]侧[睾丸;精索]鞘膜腔分离，内充满液性暗区，最宽处mm[，睾丸鞘膜腔未见分离]。+
[左;右]侧腹股沟管[上;中;下]部见1个椭圆形囊性肿块，约mm×mm×mm[，上不通腹腔，下不达阴囊，加压时囊腔无改变]。+
肿块壁薄，内为液性暗区，暗区透声好。+
[双侧;左;右]睾丸精索鞘膜腔分离，内充满液性暗区，站位时宽约mm，卧位时宽约mm，加压时囊腔变小，可见液体与腹腔相通。+
[双侧;左;右]鞘膜腔无分离。+
左侧睾丸约mm×mm×mm，右侧睾丸约mm×mm×mm。+
[双侧;左;右]睾丸等大，形态正常，包膜清晰，光滑，实质呈均匀低回声。+
[双侧;左;右]附睾大小正常，未见异常回声。+,[双侧;左;右]侧腹股沟管囊性肿块。+
[结合临床;双侧;左侧;右侧][考虑][符合][睾丸;精索;睾丸精索;交通性]鞘膜腔积液。+
未除外[精液;精索]囊肿。+
建议[治疗后;定期]复查。+,006,0,常见,UIS,096,QMQJY,男生殖系,NULL,NULL
420,阴囊外伤,超声,[双侧;左;右][腹股沟;阴囊][稍;轻度;明显]肿大。+
[双侧;左;右]阴囊[中间部]软组织[稍;轻度;明显]增厚，内[呈不规则较强回声;见不规则团状回声，间杂不规则液性暗区]。+
[左;右;双]侧睾丸[鞘膜腔;周边][未]见分离性液性暗区[，以][左;右][侧明显][，最宽处mm]。+
左侧睾丸约mm×mm×mm，右侧睾丸约mm×mm×mm。+
[左;右;双]侧睾丸[无;稍;明显]肿大[，呈球状]。+
睾丸包膜[不]光滑[呈大锯齿状;并见][多处][中断]，局部包膜下见个不规则低回声区，约mm×mm×mm。+
睾丸实质[不]均匀[，呈弥漫点状强回声]，内见个[低;强]回声区，约mm×mm至mm×mm[，部分与睾丸周围液性暗区相通]。+
睾丸内血管[较][丰富;正常;稀少;消失][，呈][短杆状;星点状;树枝状][，动脉PSVmm/s，PI，RI]。+
[左;右;双侧]睾丸大小形态正常，包膜清晰，光滑，实质呈均匀低回声，睾丸内彩流未见异常。+
[左;右;双]侧附睾[头部;尾部][无;稍;明显;弥漫性]增大[，头约mm，体约mm，尾约mm]，轮廓[不]清。+
附睾呈[不]均匀[较强;较低]回声[，内见][不规则;斑片状;小片状;结节状;散在结节][液性暗区;较强回声]。+
[左;右;双侧]附睾大小正常，未见异常回声。+
会阴部见一肿物隆起，内为[不规则]液性暗区，暗区内见浮点状弱回声。+,[双侧;左;右]阴囊外伤[并血肿]。+
[双侧;左;右][睾丸;副睾]挫裂伤[并][鞘膜腔;周边][积][血][肿]。+
[左;右]侧睾丸血供减少。+
[双侧;左;右][睾丸;附睾]未见异常。+
[双侧;左侧;右侧][考虑][符合][睾丸;精索;睾丸精索;交通性]鞘膜腔积液。+
会阴部血肿。+
建议[治疗后;定期]复查。+,007,0,常见,UIS,096,YNWS,男生殖系,NULL,NULL
421,睾丸扭转,超声,左侧睾丸约mm×mm×mm，右侧睾丸约mm×mm×mm。+
[双侧;左;右]阴囊[轻度;明显]肿大。+
[左;右]侧睾丸增大，包膜[清;模糊]，内呈均匀中等回声。+
患侧睾丸周围见[少;中]量液性暗区包绕。+
患侧睾丸内血管[较][丰富;正常;稀少;消失][，呈][短杆状;星点状;树枝状][，动脉PSVmm/s，PI，RI]。+
[左;右]侧睾丸大小形态正常，包膜清晰，光滑，实质呈均匀低回声。+
[左;右;双侧]附睾大小正常，未见异常回声。+
[左;右;双侧]鞘膜腔无分离。+,[左;右]侧睾丸肿大，血供[稍;明显]减少。+
结合临床考虑扭转。+
建议[治疗后;定期]复查。+,008,0,常见,UIS,096,GWNZ,男生殖系,NULL,NULL
422,睾丸炎,超声,"[左侧;右侧;双侧]睾丸[切面内径××mm;,左侧××mm;,右侧××mm],形态轮廓[正常;失常],体积[增大;稍大;不大;明显增大;普遍性增大],表面光滑整齐,内部[回声呈中等亮度的细小密集光点,回声增密增强;可见散在点片状低回声],分布[均匀;不均匀],未见明显肿块图像,睾丸周围[可见;未见][小片状积液暗区;大片状积液暗区;未见积液暗区]。
","[左侧;,右侧;,双侧]睾丸[肿大;稍大;明显肿大;普遍性肿大],考虑[急性睾丸炎;急性化脓性睾丸炎;慢性睾丸炎]。[左侧;右侧;双侧]睾丸鞘膜[少量;中量]积液。",009,0,常见,UIS,096,GWY,男生殖系,NULL,NULL
423,睾丸肿瘤,超声,左侧睾丸约mm×mm×mm，右侧睾丸约mm×mm×mm。+
[左;右]侧睾丸[无][稍;肿;明显增]大。+
[左;右]侧睾丸[上][中][下][全][部;绝大部分][为;见]实性[混合性][较][强;低;中等]回声肿块，约mm×mm×mm。+
肿块[包膜;边界][不]清，[不]规整[，呈分叶状]，内回声分布[不]均匀[，内见;，中央见][蜂窝状;不规则][低回声区;液性暗区][，后方回声][增强;衰减]。+
肿块周边[未]见[半;少许][环状;星点状][动;静][脉]彩流[，PSVmm/s，PI，RI]。+内部[未]见[较][丰富;稀少;少许][短杆状;星点状;树枝状][动;静][脉]彩流[，PSVmm/s，PI，RI][，并探及动静脉瘘血流信号]。+
[左;右]侧睾丸大小正常，包膜清晰，光滑，实质呈均匀低回声。+
[左;右;双]侧附睾大小正常[，头约mm][，体约mm][，尾约mm]，未见异常回声，鞘膜腔无分离。+,[左;右]侧睾丸实性占位性病变。+
符合睾丸肿瘤，第[1;2;3]期。+
建议超声导向穿刺活检。+,010,0,常见,UIS,096,GWZL,男生殖系,NULL,NULL
424,附睾炎,超声,右]侧附睾[头部;尾部][无;稍;明显;弥漫性]增大[，头约mm，体约mm，尾约mm]，轮廓[不]清。
附睾呈[不]均匀[较强;较低]回声[，内见][不规则;斑片状;小片状;结节状;散在结节][液性暗区;较强回声][，部分结节呈囊性暗区，部分呈实性强回声伴声影]。
内见一个囊性暗区，约mm×mm×m]，壁光滑，内透声好。
暗区透声差，加压可见浮点状弱回声。
左侧睾丸约mm×mm×mm，右侧睾丸约mm×mm×mm。
[双侧;左;右]睾丸等大，形态正常，包膜清晰，光滑，实质呈均匀低回声。
[双侧;左;右]睾丸鞘膜腔内[未]见分离性液性暗区[，宽约mm]。,[双侧;左;右]附睾[头部;尾部][无;稍;明显;弥漫性][肿大][并][多发性;囊性][结节;改变;占位性病变]。
[结合临床][考虑][符合][急性]附睾[炎;结核]。
[未排]附睾囊肿[可能]。
[双侧;左;右]睾丸鞘膜腔[少;中;大]量积液。
建议[治疗后;定期]复查。,011,0,常见,UIS,096,FGY,男生殖系,NULL,NULL
425,附睾郁积,超声,[左;右;双]侧附睾[头部;尾部][无;稍;明显;弥漫性]增大[，呈腊肠样]，头约mm，体约mm，尾约mm，轮廓[不]清。+
附睾呈[不]均匀[较强;较低]回声[，内见][不规则;斑片状;小片状;结节状;散在结节][液性暗区;较强回声][，部分结节呈囊性液性暗区，部分呈实性强回声伴声影]。+
内见一个囊性暗区，约mm×mm×mm，壁光滑，内透声好。+
左侧睾丸约mm×mm×mm，右侧睾丸约mm×mm×mm。+
[双侧;左;右]睾丸等大，形态正常，包膜清晰，光滑，实质呈均匀低回声。+
[双侧;左;右]睾丸鞘膜腔内[未]见分离性液性暗区[，约宽mm]。+,[双侧;左;右]附睾[多发性][结节;类囊性改变]。+
[结合临床][考虑][符合][单纯]附睾郁积症[并炎症]。+
[未排]附睾囊肿[并感染;可能]。+
[双侧;左;右]睾丸鞘膜[少;中;大]量积液。+
建议[治疗后;定期]复查。+,012,0,常见,UIS,096,FGYJ,男生殖系,NULL,NULL
426,精索静脉曲张,超声,[双侧;左;右]阴囊根部组织增宽，精索[上;中;下][内;部]呈[蜂窝状;弯管状]液性暗区。+
CDFI见内为静脉血流信号。+
[左;右]侧阴囊根部回声未见异常。+
左侧睾丸约mm×mm×mm，右侧睾丸约mm×mm×mm。+
[双侧;左;右]睾丸等大，形态正常，包膜清晰，光滑，实质呈均匀低回声。+
睾丸内血管[较][丰富;正常;稀少;消失][，呈][短杆状;星点状;树枝状][，动脉PSVmm/s，PI，RI]。+
[双侧;左;右]附睾大小正常，未见异常回声。+
[双侧;左;右]鞘膜腔无分离。+,[双侧;左;右]精索静脉曲张。+
双侧睾丸、附睾未见异常。+
建议[治疗后;定期]复查。+,013,0,常见,UIS,096,JSJMQZ,男生殖系,NULL,NULL
427,精索炎,超声,[双侧;左;右]精索增宽，[上部;中部;下部]见1个[管状;蜂窝状;不规则状]液[实]性[结构;包块]，上达[盆腔后壁;腹股沟管][内环;外环;中部]，下达[腹股沟管外环;副睾;睾丸][头;尾][后方]，长约mm[，最宽约mm[，约mm×mm]。+
[管状结构;包块]壁[厚;薄]，[光滑;毛糙]，内呈[不规则][较]低回声[，并见点条状较强回声]。+
包块周边[未]见[半;少许][环状;星点状][动;静][脉]彩流[，PSVmm/s，PI，RI]。+内部[未]见[较][丰富;稀少;少许][短杆状;星点状;树枝状][动;静][脉]彩流[，PSVmm/s，PI，RI][，并探及动静脉瘘血流信号]。+
[管状结构;包块]内未见血管血流信号。+
[左;右]侧精索回声未见异常。+,[双侧;左;右]精索部[管状病变;异常改变]。+
[结合临床][考虑][符合][精索][输精管]炎[可能性大]。+
建议[治疗后;定期]复查。+,014,0,常见,UIS,096,JSY,男生殖系,NULL,NULL
428,精索囊肿,超声,[左;右]侧腹股沟管[上;中;下]部见1个椭圆形囊性肿块，约mm×mm×mm。+
肿块壁[厚;薄]，[光滑;毛糙]，暗区内[透声好;见;呈][蜂窝状;弯管状;条块状][较][强回声团;条带状较强回声][，约mm×mm]。+
肿块周边及内部未见异常彩流信号。+
[左;右]侧精索回声未见异常。+,[双侧;左;右]腹股沟管囊性占位性病变。+
[结合临床][考虑][符合]精索囊肿[并出血][机化]。+
未排[精索;睾丸精索][鞘膜积液;精液囊肿]。+
建议[治疗后;定期]复查。+,015,0,常见,UIS,096,JSNZ,男生殖系,NULL,NULL
429,正常精囊,超声,经直肠超声探查：
双侧精囊[等大;大小正常]，左侧约mm×mm×mm，右侧约mm×mm×mm，包膜清晰，光滑，内呈弯曲管状暗区，管壁光滑。+
双侧输精管及射精管未见增宽，内膜光滑，内未见异常回声。+
精囊内未见异常血流信号。+,双侧精囊未见异常。+,016,0,常见,UIS,096,ZCJN,男生殖系,NULL,NULL
430,精囊炎,超声,经直肠超声探查：
[左;右;双]侧精囊[非对称性;无;稍;明显]增大，左侧约mm×mm×mm，右侧约mm×mm×mm[，以][左;右][侧明显][，形态失常]，轮廓[欠;不]清晰，包膜[欠;不]光滑[，呈凹凸不平状]。+
[左;右;双]侧精囊弯曲管状结构消失，呈不均匀类实性低回声。+
[左;右;双]侧精囊内弯曲管腔[无;稍;明显]增增宽，壁[无;稍;明显]增厚，毛糙，管腔内暗区见浮点状弱回声。+
[左;右;双]侧精囊内见[三角形;梭形]囊状暗区，约mm×mm×mm，壁[无;稍;明显]增厚，毛糙，腔内暗区见浮点状弱回声。+
囊肿周边及内部未见异常彩流信号。+
[双侧;左;右]输精管[无;稍;明显]增宽[，呈][囊状;梭状]，约mm×mm×mm，内膜[毛糙;光滑][，内见点状弱回声]。+
射精管[无;稍;明显]增宽[，呈][囊状;梭状]，内膜[毛糙;光滑][，内见点状弱回声]。+,精囊[改变符合][急性;慢性][精囊]炎。+
[右侧;左侧;双侧]精囊囊肿。+
射精管囊肿。+
建议[治疗后;定期]复查。+,017,0,常见,UIS,096,JNY,男生殖系,NULL,NULL
431,精囊囊肿,超声,经直肠超声探查：
[左;右;双]侧精囊[非对称性;无;稍;明显]增大，左侧约mm×mm×mm，右侧约mm×mm×mm[，以][左;右][侧明显][，形态失常]，轮廓[欠;不]清晰，包膜[欠;不]光滑[，呈凹凸不平状]。+
[左;右;双]侧精囊弯曲管状结构消失，呈不均匀类实性低回声。+
[左;右;双]侧精囊内弯曲管腔[无;稍;明显]增增宽，壁[无;稍;明显]增厚，毛糙，管腔内暗区见浮点状弱回声。+
[左;右;双]侧精囊内见[三角形;梭形]囊状暗区，约mm×mm×mm，壁[无;稍;明显]增厚，毛糙，腔内暗区见浮点状弱回声。+
囊肿周边及内部未见异常彩流信号。+
[双侧;左;右]输精管[无;稍;明显]增宽[，呈][囊状;梭状]，内膜[毛糙;光滑][，内见点状弱回声]。+
射精管[无;稍;明显]增宽[，呈][囊状;梭状]，内膜[毛糙;光滑][，内见点状弱回声]。+,[右侧;左侧;双侧]精囊囊肿。+
建议[治疗后;定期]复查。+,018,0,常见,UIS,096,JNNZ,男生殖系,NULL,NULL
432,射精管囊肿,超声,经直肠超声探查：
[左;右;双]侧精囊[非对称性;无;稍;明显]增大，左侧约mm×mm×mm，右侧约mm×mm×mm[，以][左;右][侧明显][，形态失常]，轮廓[欠;不]清晰，包膜[欠;不]光滑[，呈凹凸不平状]。+
[左;右;双]侧精囊弯曲管状结构消失，呈不均匀类实性低回声。+
[左;右;双]侧精囊内弯曲管腔[无;稍;明显]增增宽，壁[无;稍;明显]增厚，毛糙，管腔内暗区见浮点状弱回声。+
[左;右;双]侧精囊内见[三角形;梭形]囊状暗区，约mm×mm×mm，壁[无;稍;明显]增厚，毛糙，腔内暗区见浮点状弱回声。+
囊肿周边及内部未见异常彩流信号。+
[双侧;左;右]输精管[无;稍;明显]增宽[，呈][囊状;梭状]，内膜[毛糙;光滑][，内见点状弱回声]。+
射精管[稍;明显]增宽[，呈][囊状;梭状]，约mm×mm×mm，内膜[毛糙;光滑][，内见点状弱回声]。+,射精管囊肿。+
建议[治疗后;定期]复查。+,019,0,常见,UIS,096,SJGNZ,男生殖系,NULL,NULL
433,脾脏测值,超声,脾厚约mm，长约mm[，肋下mm][，距正中线mm][，超过正中线mm]。+
脾静脉宽约mm。+,建议[肝功能;血细胞分析;CT;MRI;进一步;定期;治疗后;超声导向穿刺][检查;复查;活检;硬化治疗;抽液治疗]。+,001,0,常见,UIS,001,PZCZ,脾脏,NULL,NULL
434,脾外伤,超声,脾形态[正;失]常，[大小正常;稍大;增大;明显增大]。+
脾[上极;下极][膈面;脏面;腹壁面]包膜[光滑;不光滑;见连续中断][，断口mm]。+
局部包膜下见液性暗区，呈[椭圆形;新月形][，约mm×mm×mm][，暗区内见][浮点状;斑片状][弱回声]。+
脾[上极;中部;下极][脏面;腹壁面][包膜附近]实质内见[个][圆形;类圆形;不规则形;斑片状;条状][混合性][较强;较低;无]回声区[，约mm×mm×mm]，边界[不]清，[不]规整，内回声分布[不]均匀。+
[，内见;，中央见][蜂窝状;点状;团状;不规则][低回声区;强回声;液性暗区][，后方回声增强]。+
异常回声团周边及内部未见异常彩流信号。+
[其余]脾实质回声[不;欠]均匀。+
[脾肾间隙;肝肾间隙;盆腔内]均见[少量;中量;大量]液性暗区[，最多处为][脾肾间隙;肝肾间隙;盆腔][，深约mm]。+
[脾肾间隙;肝肾间隙;盆腔内;腹腔内]未见液性暗区。+
腹腔内[广泛]见[中量][至][大量]液性暗区[，最深约mm]。+,脾外伤。+
脾[破裂;包膜下血肿]。+
脾[上极;中部;下极]实质内[灶性出血;血肿]。+
[少量;中量][至][中量;大量]腹水[血腹]。+,002,0,常见,UIS,001,PWS,脾脏,NULL,NULL
435,副脾,超声,[脾门区;胰尾附近]见边缘平滑、类圆形、均匀性低回声[，约mm][×mm]。+,副脾。+,003,0,常见,UIS,001,FP,脾脏,NULL,NULL
436,脾实性肿瘤,超声,脾[大小正常;稍大;增大;明显增大][，形态失常]。+
脾包膜[光滑;不光滑;局部外凸]。+
脾[上;中;下]部见[数][多]个[圆;类圆;不规则]形[液][实]性[混合性][较强;较低;中等]回声肿块[，约mm][×mm][至mm][，部分相互融合]。+
肿块边界[不]清，[不]规整[，分叶状;，伪足状]，内回声分布[不]均匀[，内见;，中央见][蜂窝状;点状;团状;不规则][低回声区;强回声;液性暗区][，后方回声][增强;衰减]。+
肿块周边[未][见][半;少许][环状;星点状][动;静][脉]彩流[，PSVmm/s][，PI][，RI]。+内部[未][见][较][丰富;稀少;少许][短杆状;星点状;树枝状][动;静][脉]彩流[，PSVmm/s][，PI][，RI][，并探及动静脉瘘血流信号]。+
其余脾实质回声[不;欠]均匀[，增强;，减弱]。+
脾静脉[增;不;稍]宽[，约mm]。+
脾门见[多]个类圆形低回声团，直径[mm][，部分结节相互融合]。+,[轻;中;重]度脾肿大。+
脾[多发性;弥漫性]实性占位性病变[[性质待定]]。+
结合临床考虑[脾梗塞;脾血管瘤;淋巴瘤;转移ca;脾结核][可能性大]。+
未除外[脾梗塞;脾血管瘤;淋巴瘤;转移ca;脾结核;脾脓肿][可能]。+
建议[超声导向穿刺]活检。+,004,0,常见,UIS,001,PSXZL,脾脏,NULL,NULL
437,脾囊肿,超声,脾[大小正常;稍大;增大;明显增大][，形态失常]。+
脾包膜[光滑;不光滑;凹凸不平][，局部外凸]。+
脾[上部;中部;下部][见;散在分布][数][多]个[大小不等的]类圆形囊性肿块，[约;分别][mm×mm][mm×mm][至;及][mm×mm]。+
囊壁薄，光滑，囊内[呈分隔状;透声好][，可见浮点片状弱回声][，后方回声增强]。+
肿块周边及内部未见异常彩流信号。+
其余脾实质回声[均匀;增强;减弱]。+
脾静脉[增;不;稍]宽[，约mm]。+,[轻;中;重]度脾肿大。+
脾[多发性]囊性占位性病变。+
符合[脾囊肿;多囊脾]。+
建议超声导向穿刺硬化治疗。+,005,0,常见,UIS,001,PNZ,脾脏,NULL,NULL
438,多囊脾,超声,脾[大小正常;稍大;增大;明显增大][，形态失常]。+
脾包膜[光滑;不光滑;凹凸不平][，局部外凸]。+
脾[上部;中部;下部][见;散在分布][数][多]个[大小不等的]类圆形囊性无回声区，[约;分别][mm×mm][mm×mm][至;及][mm×mm]。+
囊壁薄，光滑，囊内[呈分隔状;透声好][，可见浮点片状弱回声][，后方回声增强]。+
肿块周边及内部未见异常彩流信号。+
其余脾实质回声[均匀;增强;减弱]。+
脾静脉[增;不;稍]宽[，约mm]。+,[轻;中;重]度脾肿大。+
脾[多发性]囊性占位性病变。+
符合[脾囊肿;多囊脾]。+
建议超声导向穿刺硬化治疗。+,006,0,常见,UIS,001,DNP,脾脏,NULL,NULL
439,脾脓肿,超声,脾[大小正常;稍大;增大;明显增大][，形态失常]。+
脾包膜[光滑;局部见隆起]。+
脾[上部;中部;下部]见[个][圆形;类圆形;不规则形][液][实]性[混合性][较强;较低;中等]回声包块[，约mm][×mm][至mm][，部分相互融合]。+
包块[包膜;边界][不]清，[不]规整[，壁][厚;薄][，不规则状][，附壁见][乳头状;不规则状][较][低;强;等][回声团，约mm][×mm][，暗区][透声好;内见][稀疏;密集;少许][网状;条带状;浮点状][弱回声][，后方回声][增强;衰减]。+
包块[周边;实质][大][部分][为][液][实][性][不][均匀][混合性][较][强;低;中等][回声][，内;，中央][见蜂窝状;点状;团状;不规则][低;强;无][回声][区][，暗区][透声好;内见][稀疏;密集;少许][网状;条带状;浮点状][弱回声]。+
包块周边[未][见][半;少许][环状;星点状][动;静][脉]彩流[，PSVmm/s][，PI][，RI]。+内部[未][见][较][丰富;稀少;少许][短杆状;星点状;树枝状][动;静][脉]彩流[，PSVmm/s][，PI][，RI][，并探及动静脉瘘血流信号]。+
其余脾实质回声[不;欠]均匀[、增强;、减弱]。+
脾静脉[增;不;稍]宽[，约mm]。+,[轻;中;重]度脾肿大。+
脾[多发性][液][实]性占位性病变[[性质待定]]。+
结合临床考虑脾脓肿可能性大。+
[未;部分]液化。+
未除外[脾梗塞;脾血管瘤;淋巴瘤;转移ca;脾结核][可能]。+
脾脓肿治疗后，与月日对比病灶[稍;明显][缩小;扩大]。+
建议超声导向穿刺[治疗;活检]。+,007,0,常见,UIS,001,PNZ,脾脏,NULL,NULL
440,脾梗塞,超声,脾[大小正常;稍大;增大;明显增大][，形态失常]。+
脾[上极;中部;下极][脏面;腹壁面][包膜附近]实质内见[个][圆形;类圆形;不规则形;斑片状;条状][混合性][较强;较低;中等]回声区[，约mm][×mm][至mm]。+
边界[不]清，[不]规整，内回声分布[不]均匀[，内见;，中央见][蜂窝状;点状;团状;不规则][低回声区;强回声;液性暗区][，后方回声增强]。+
[其余]脾实质回声[不;欠]均匀。+
脾门动脉血流[通畅;流束变细;消失]，脾[上极;中部;下极]内异常回声区内未见彩流信号。+
腹腔内[未]见[少量;中量;大量]液性暗区。+,脾肿大。+
脾[上极;中部;下极]内灶性病变。+
结合临床考虑脾梗塞[可能性大]。+
[少;中;大]量腹水。+,008,0,常见,UIS,001,PGS,脾脏,NULL,NULL
441,脾结核,超声,脾[大小正常;稍大;增大;明显增大][，形态失常]。+
脾包膜[不]光滑[，呈凹凸不平]。+
脾实质回声[不]均匀[、增粗][，呈弥漫小结节状][，可见散在大小不一小结节][，约mm][×mm][至mm]。+
结节边界[不]清，[不]规整[，分叶状;，部分相互融合]，内回声分布[不]均匀，呈[混合性][较强;较低;中等]回声[，内见;，中央见][蜂窝状;点状;团状;不规则][低回声区;强回声;液性暗区][，后方回声][增强;衰减]。+
结节周边[未][见][半;少许][环状;星点状][动;静][脉]彩流[，PSVmm/s][，PI][，RI]。+内部[未][见][较][丰富;稀少;少许][短杆状;星点状;树枝状][动;静][脉]彩流[，PSVmm/s][，PI][，RI][，并探及动静脉瘘血流信号]。+
脾静脉[增;不;稍]宽[，约mm]。+
脾门区见[多]个低回声结节[，约mm][×mm][至mm]。+,[轻;中;重]度脾肿大。+
脾[多发性;弥漫性]实性占位性病变[[性质待定]]。+
结合临床考虑脾结核[可能性大]。+
考虑[脾梗塞;脾血管瘤;淋巴瘤;转移ca;脾脓肿][可能]。+
建议[超声导向穿刺]活检。+,009,0,常见,UIS,001,PJH,脾脏,NULL,NULL
442,脾错构瘤,超声,脾[大小正常;稍大;增大;明显增大][，形态失常]。+
脾包膜[不]光滑[，][上极;下极;局部][外凸]。+
脾[上;中;下]部见[数][多]个[圆;类圆;不规则]形实性[混合性][较强;较低;中等]回声肿块[，约mm][×mm][至mm]。+
肿块[包膜;边界][不]清，[不]规整[，分叶状]，内回声分布[不]均匀[，内见;，中央见][蜂窝状;网状;团状;不规则][低回声区;强回声;液性暗区][，后方回声][增强;衰减]。+
肿块周边[未][见][半;少许][环状;星点状][动;静][脉]彩流[信号][，PSVmm/s][，PI][，RI]；内部[未][见][较][丰富;稀少;少许][放射状;短杆状;星点状;树枝状][动;静][脉]彩流[信号][，PSVmm/s][，PI][，RI][。+内可探及动静脉瘘彩流信号]。+,[轻;中;重]度脾肿大。+
脾[多发性;弥漫性]实性占位性病变[[性质待定]]。+
结合临床考虑脾错构瘤[可能性大]。+
未除外[脾梗塞;脾血管瘤;淋巴瘤;转移ca;脾结核;脾脓肿][可能]。+
建议[超声导向穿刺]活检。+,010,0,常见,UIS,001,PCGL,脾脏,NULL,NULL
443,普通异常脾,超声,脾[大小正常;稍大;增大;明显增大][，形态失常]，包膜光滑，边缘纯，实质回声[不;欠]均匀[、增强;、减弱]。+
脾门[静脉;血管][稍;明显;无]扩张[迂曲][，宽约mm][，沿胃大弯侧走行][，内探及静脉血流信号]。+,[轻;中;重]度脾肿大。+,011,0,常见,UIS,001,PTYCP,脾脏,NULL,NULL
444,脾肿大,超声,脾[大小正常;稍大;增大;明显增大][，形态失常][，厚约mm][，长约mm][，肋下mm][，距正中线mm][，超过正中线mm]，包膜光滑，边缘纯，实质回声[不;欠]均匀[、增强;、减弱]。+
脾门[静脉;血管][稍;明显;无]扩张[迂曲][，宽约mm][，沿胃大弯侧走行][，内探及静脉血流信号]。+,[轻;中;重]度脾肿大。+,012,0,常见,UIS,001,PZD,脾脏,NULL,NULL
445,脾切除。,超声,脾窝未见脾脏。+,脾[已]切除[术后]。+,013,0,常见,UIS,001,PQC。,脾脏,NULL,NULL
446,脾液病变穿刺,超声,脾脏[上;中;下]部[前;后][侧][见个][见多个;散在;满布][小;大小][不等;形态相似][圆形;类圆形;不规则]液[实]性肿块回声[，相互相通]，[约;分别][mm×mm][、mm×mm][至;及][mm×mm]。+
[液化]肿块壁[厚;簿]，[不]光滑，[透声好;内见浮点状弱回声]。+
选脾[上;中;下]部[前;后][侧]肿块为穿刺治疗目标，[左腋][前;中;后线][第肋间]为进针点。+
常规消毒铺巾，用[1％;2％][普鲁;利多]卡因局麻[，安置导向针]。+
用[14;16;18;20]G[套管]穿刺针沿引导线进针，针尖到达[囊内;液区]中心，拔出针芯[，后留置套管]，抽出[淡黄色;红白色;加啡色][液体;脓液][共约ml][，抽净后退针]。+
然后[用][1％;2％][普鲁;利多][卡因反复冲冼并作表面麻醉][，再用][无水酒精;灭滴灵;NS][反复冲冼至囊液基本变清][，抽净后][注入][无水酒精;四环素1.0G;地塞米松][ml;mg]，[抽净后]退针。+
穿刺后观察半小时病人无不适。+,脾[多发性][囊;脓]肿，[其中一个]已作穿刺抽[液;脓][硬化]治疗。+
脓液已送[常规检查;细菌培养]，结果待报。+,014,0,常见,UIS,001,PYBBCC,脾脏,NULL,NULL
447,胆石症,超声,胆囊[明显][大小正常;稍大;增大;缩小][约mm×mm×mm]，壁[稍;增;不]厚[，约mm][，][稍][毛糙][，囊腔消失]。+
胆囊[内;颈;壁][间][未][见;充满][数][多][个][细砂样;碎石样;沉积带状;泥沙样;大小不一异常;沉淀性;突起][结石;团状;点状][强;低;低淡弱]回声[，最大;聚集成团，][约mm×mm][、mm×mm][至;及][mm×mm][，][不][伴声影][，][不][随体位改变滚动]。+
胆囊[底;体;颈][前;后]壁[内见]砂粒状强回声[，约mm×mm]，后伴慧星尾，不随体位改变滚动。+
[胆囊旁;上腹腔]见[少;中;大]量液性暗区。+
胆囊超声莫非氏征阳性。+
[左;右]肝[内;外][外叶;内叶;外上支;外下支][、][右肝][前叶;后叶][胆管;胆总管][无;稍;广泛][轻度;明显][树枝状][藕节状]扩张[，宽约mm][，][以][左;右][肝内胆管;胆总管][最宽;无;稍;明显][扩张][，][约mm]。+
[左;右][肝][内;外][外叶;内叶;外上支;外下支][、][右肝][前叶;后叶][胆管;左右肝管汇合部;胆总管][局部管腔变窄，]管壁[不;稍;增][厚;毛糙;回声增强]。+
[左;右]肝[外叶;内叶;外上支;外下支][胆管;肝管汇合部;胆总管][上段;下段;胰头段]内见[数][多]个[团状;串珠状][强;较强]回声，[伴;不伴明显]声影，[长][约mm×mm][、mm×mm][至;及][mm×mm]。+
[左;右][肝;胆总;其余][内;外][二;三][级][胆]管[无;稍;明显]扩张，内[未]见[串状气体强;点状弱;异常]回声。+
肝门区胆管结构失常，可见肠管样结构向肝内延伸[，并见气体强回声移动]。+,[急性;慢性]胆囊[炎;息肉;未显示;已切除][并][多发性][结石]。+
胆囊[壁]改变考虑[急性;慢性;坏疽性]胆囊炎[并][胆汁淤积;胆囊穿孔腹膜炎]。+
[电视腹腔镜][胆囊切除;胆总管切开取石]术后。+
[左;右][肝][内;外][二;三][级][多发性]结石[并][局部胆管梗阻]。+
胆总管[上段;下段;胰头段][多发性]结石[并][不][完全性][梗阻]。+
[并][左;右][肝][内;外][胆管][稍;轻度;中度;重度][广泛;局限]扩张。+
[左;右][肝][内;外][胆总管;左右肝管汇合部;胆管][狭窄][梗阻][并][化脓性胆管炎;感染;积气]。+
建议[定期;治疗后;PTC;ERCP;超声导向穿刺活检][复查;检查]。+,008,0,常见,UIS,001,DSZ,胆系,NULL,NULL
448,胆囊结石,超声,胆囊[明显][大小正常;稍大;增大;缩小][约mm×mm×mm]，壁[稍;增;不]厚[，约mm][，][稍][毛糙][，囊腔消失]。+
胆囊[内;颈;壁][间][未][见;充满][数][多][个][细砂样;碎石样;沉积带状;泥沙样;大小不一异常;沉淀性;突起][结石;团状;点状][强;低;低淡弱]回声，[最大;堆积成团][约mm×mm][、mm×mm][至;及][mm×mm][，][不][伴声影][，][不][随体位改变滚动]。+
胆囊[底;体;颈][前;后]壁[内见]砂粒状强回声[，约mm×mm]，后伴慧星尾，不随体位改变滚动。+
胆囊超声莫非氏征阳性。+
肝内外胆管未见扩张[，胆总管宽mm]。+,[急性;慢性]胆囊[炎;息肉][并][多发性;泥沙样;充满型;壁内][结石]。+
胆囊颈部结石[嵌顿可能]。+
胆囊内胆汁淤积，胆坭形成。+
胆囊[壁]改变考虑[急性;慢性;坏疽性]胆囊炎[并][胆汁淤积;胆囊穿孔腹膜炎]。+
建议[定期;治疗后;PTC;ERCP;超声导向穿刺活检][复查;检查]。+,009,0,常见,UIS,001,DNJS,胆系,NULL,NULL
449,肝管结石,超声,胆囊大小正常[约mm×mm×mm]，壁不厚[，约mm]，光滑，内未见强回声。+
[左;右]肝[外叶;内叶;外上支;外下支]胆管内见[数][多]个[团状;串珠状][强;较强]回声，[伴;不伴明显]声影，[长][约mm×mm][、mm×mm][至;及][mm×mm]，远端胆管[稍;明显;无]扩张。+
胆总管无扩张[，胆总管宽mm]，内未见异常回声。+,[左;右]肝[内;外][二;三][级]胆管[多发性]结石[并局限性][左;右][肝管扩张]。+
建议[定期;治疗后;PTC;ERCP;超声导向穿刺活检][复查;检查]。+,010,0,常见,UIS,001,GGJS,胆系,NULL,NULL
450,胆总管结石,超声,胆囊[明显][大小正常;稍大;增大;缩小;未显示][约mm×mm×mm]，壁[稍;增;不]厚[，约mm][，][稍][毛糙]，胆囊内[未]见[异常;沉淀性低淡;密集][团状;点状][弱;低]回声。+
肝内外胆管[轻度;明显;无][稍;广泛][树枝状][藕节状]扩张，管壁[不;稍;增][厚;毛糙;回声增强]。+
胆总管[上段;下段;胰头段;全程]扩张[，宽约mm]，[上段;下段;胰头段]内见[数][多]个[团状;串珠状][强;较强]回声，[伴;不伴明显]声影，[长][约mm×mm][、mm×mm][至;及][mm×mm]。+,胆总管[上段;下段;胰头段][多发性]结石[并][不][完全性][梗阻]。+
肝内外胆管[稍;轻度;中度;重度][广泛]扩张。+
[未除外][化脓性]胆[管炎;道感染]。+
建议[定期;治疗后;PTC;ERCP;超声导向穿刺活检][复查;检查]。+,011,0,常见,UIS,001,DZGJS,胆系,NULL,NULL
451,分隔胆囊,超声,胆囊中部被膈膜分隔，互不相通[，颈囊约mm×mm×mm][，底囊约mm×mm×mm]，[颈;底]囊壁[稍;增;不]厚[，约mm]，[光滑;毛糙][，囊腔消失]。+
[颈;底]囊[内;壁][间][未;均][见;充满][数][多][个][细砂样;碎石样;沉积带状;泥沙样;大小不一异常;沉淀性;突起][结石;团状;点状][强;低;低淡弱]回声[，约;，堆成][mm×mm][、mm×mm][至;及][mm×mm][，][不][伴声影][，][不][随体位改变滚动]。+
胆囊超声莫非氏征阳性。+
脂肪餐[小时后][试验]见颈囊[稍;明显]缩小，底囊无变化。+
肝内外胆管未见扩张[，胆总管宽约mm]，内未见异常回声。+,分隔胆囊。+
[底;颈][胆]囊[为慢性炎症][并][多发性][结石;息肉]。+
[左;右][肝][内;外][二;三][级][胆管;胆总管][上段;下段;胰头段][多发性]结石[并][不][完全性][梗阻]。+
[左;右][肝][内;外][胆管][稍;轻度;中度;重度][广泛][扩张]。+
[左;右][肝][内;外][胆总管;左右肝管汇合部;胆道][狭窄][梗阻][并][化脓性][感染;积气]。+
建议[定期;治疗后;PTC;ERCP;超声导向穿刺活检][复查;检查]。+,012,0,常见,UIS,001,FGDN,胆系,NULL,NULL
452,胆道扩张,超声,胆囊[明显][大小正常;稍大;增大;缩小;未显示][约mm×mm×mm]，壁[不;稍;增]厚[，约mm][，呈][双;三][层状][，][稍][毛糙][，内][未][见;充满][个][团状;点状][强;低][回声][，约mm×mm][至mm×mm×mm][，囊腔消失]。+
[左;右]肝[内;外][外叶;内叶;外上支;外下支][、][右肝][前叶;后叶][胆管;胆总管][无;稍;广泛][轻度;明显][树枝状][藕节状]扩张[，宽约mm][，][以][左;右][肝内胆管;胆总管][最宽;无;稍;明显][扩张][，][约mm]。+
[左;右]肝[内;外][外叶;内叶;外上支;外下支][、][右肝][前叶;后叶][胆管][左右肝管汇合部][胆总管]局部管腔变窄，壁[不;稍;增][厚;毛糙;回声增强]。+
[左;右][肝;胆总;其余][内;外][二;三][级][胆]管[无;稍;明显]扩张，内[未]见[串状气体强;点状弱;异常]回声。+
胆总管[上段;下段;胰头段][无;稍;轻度;明显]扩张[，宽约mm][，胰头段见局部受压变窄]。+,[左;右][肝内胆管][胆总管][轻度;稍;明显;广泛]扩张。+
[结合临床][考虑][符合][左;右][肝胆管;左右肝管汇合部;胆总管][局限性;机械性;不完全性;完全性][梗阻;受压]。+
符合[老年性;个体差异性]改变。+
建议[定期;治疗后;PTC;ERCP;超声导向穿刺活检][复查;检查]。+,013,0,常见,UIS,001,DDKZ,胆系,NULL,NULL
453,先天性胆道闭锁,超声,胆囊[明显][大小正常;稍大;增大;缩小;未显示][约mm×mm×mm][，壁][不;稍;增][厚][，约mm][，呈][双;三][层状][，][稍][毛糙][，内][未][见][个][团状;点状;异常][强;低][回声][，约mm×mm][至mm×mm×mm][，囊腔消失]。+
肝内外胆管[未显示;未见扩张]。+,胆囊[缺如;已切除]。+
先天性胆道闭锁。+
建议[定期;治疗后;PTC;ERCP;超声导向穿刺活检][复查;检查]。+,014,0,常见,UIS,001,XTXDDBS,胆系,NULL,NULL
454,胆囊缺如,超声,胆囊窝内未见胆囊暗区。+
[左;右]肝[内;外][外叶;内叶;外上支;外下支][、][右肝][前叶;后叶][胆管;胆总管][无;稍;广泛][轻度;明显][树枝状][藕节状]扩张[，宽约mm][，][以][左;右][肝内胆管;胆总管][最宽;无;稍;明显][扩张][，][约mm]。+
[左;右][肝;胆总;其余][内;外][二;三][级][胆]管[无;稍;明显]扩张，内[未]见[串状气体强;点状弱;异常]回声。+,胆囊[缺如;已切除]。+
建议[定期;治疗后;PTC;ERCP;超声导向穿刺活检][复查;检查]。+,015,0,常见,UIS,001,DNQR,胆系,NULL,NULL
455,先天性胆管扩张症,超声,胆囊[明显][大小正常;稍大;增大;缩小;未显示][约mm×mm×mm][，壁][不;稍;增][厚][，约mm][，呈][双;三][层状][，][稍][毛糙][，内][未][见][个][团状;点状][强;低][回声][，约mm×mm][至mm×mm×mm][，伴声影][，囊腔消失]。+
[左;右][肝;胆总][内;外][二;三][级][胆]管[上段;下段][广泛;局部]呈[梭状;囊状;多囊状;藕节状]扩张[，最宽处约mm][，长约mm]。+
管壁[不;稍;增][厚;毛糙;回声增强]，内[未]见[数][个][多][异常;团状;点状][强;低][回声][，约mm×mm][至mm×mm×mm][，伴声影]。+
[其余;左;右][肝;胆总][内;外][二;三][级][胆]管[上段;下段][广泛;局部][无;稍;轻度;明显][树枝状]扩张，管壁[不;稍;增][厚;毛糙;回声增强]，内[未]见异常回声。+,先天性[胆总管;肝内胆管]囊状扩张症[并][多发性][结石;感染]。+
建议[定期;治疗后;PTC;ERCP;超声导向穿刺活检][复查;检查]。+,016,0,常见,UIS,001,XTXDGKZZ,胆系,NULL,NULL
456,胆囊癌,超声,胆囊[明显][大小正常;稍大;增大;缩小;未显示][约mm×mm×mm]，[体部;底部;颈部][前;后][左;右][上;下][侧]囊壁[见个][蕈状;乳头状;盘状;弥漫性][不规则][增厚;突起]肿块[，约mm×mm][至mm×mm][，无;，伴][声影]。+
肿块粘膜线[不;尚][规整;连续性中断]，浆膜线[不]清晰，[不;尚][规整;连续性中断]。+
肿块回声分布[不]均匀，呈[混合性][较强;较低;中等]回声，无声影，不随体位改变滚动。+
胆囊区见[圆形;类圆形;不规则形][液][实][性][混合性][较强;较低;中等]回声肿块[约mm×mm×mm]。+
肿块边界[不]清，[不]规整[，分叶状]，内回声分布[不]均匀[，内见;，中央见][蜂窝状;不规则][低回声区;液性暗区][，后方回声][增强;衰减]。+
胆囊床部肝组织受浸润[，形成mm不均质团块]，边界不清。+
肿块周边[未][见][半;少许][环状;星点状][动;静][脉]彩流[，PSVmm/s，PI，RI]。+内部[未][见][较][丰富;稀少;少许][短杆状;星点状;树枝状][动;静][脉]彩流[，PSVmm/s，PI，RI][，并探及动静脉瘘血流信号]。+
[肝门区;腹主动脉旁;腹腔动脉旁]见增大[个]低回声团，直径[mm][，部分结节相互融合]。+
肝[内][外]胆管[稍;无;明显]扩张[，胆总管宽约mm][，管壁稍厚、毛糙][，内][未][见][数][个][异常;团状;点状][强;低][回声][，约mm×mm][至mm×mm×mm][，伴声影]。+,胆囊[壁;区][多发性][液][实][性][隆起性;息肉样;占位性]病变[[性质待定]]。+
[结合临床][考虑][符合][胆固醇][息肉;腺肌瘤;腺瘤;腺Ca;胆囊癌;腺肌增生][可能]。+
未除外[胆固醇;慢性胆囊炎][息肉;腺肌瘤;腺瘤;胆囊癌][恶变][可能]。+
胆囊床部肝组织受浸润。+
肝门区淋巴结肿大。+
建议[定期;治疗后;PTC;ERCP;超声导向穿刺活检][复查;检查]。+,017,0,常见,UIS,001,DNA,胆系,NULL,NULL
457,胆管癌,超声,胆囊[明显][大小正常;稍大;增大;缩小;未显示][约mm×mm×mm][，壁][不;稍;增][厚][，约mm][，呈][双;三][层状][，][稍][毛糙][，内][未][见;充满][个][多个][团状;点状;碎石状][强;低][回声][，约mm×mm][至mm×mm×mm][，伴声影][，囊腔消失]。+
[左;右]肝[内;外][外叶;内叶;外上支;外下支][、][右肝][前叶;后叶][胆管;胆总管][无;稍;广泛;局限性][轻度;明显][树枝状][藕节状]扩张[，宽约mm][，][以][左;右][肝内胆管;胆总管][最宽;无;稍;明显][扩张][，][约mm]。+
肝[左内叶;左外叶;右前叶;右后叶;门区][左右肝管汇合部]胆管管腔显示不清，局部胆管区[及邻近肝组织][似][见;形成;呈]不规则[块状;类块状][较强;较低;中等]回声[团;区][约mm×mm×mm]。+
[左右肝管汇合部;左肝管主干;右肝管主干区;胆总管][壶腹部][管壁不规则增厚][，约mm][，邻近][胰头区;肝组织][呈不规则团块状，约mm×mm×mm]，管腔[被充填;被截断;逐渐变窄消失]。+
肿块境界[不]清，边界[不;欠]规整[，分叶状]，内回声分布[不]均匀，呈[较强;较低;中等]回声[，后方回声稍衰减]。+
肿块周边[未][见][半;少许][环状;星点状][动;静][脉]彩流[，PSVmm/s，PI，RI]。+内部[未][见][较][丰富;稀少;少许][短杆状;星点状;树枝状][动;静][脉]彩流[，PSVmm/s，PI，RI]。+
[左;右][肝;胆总;其余][内;外][二;三][级][胆]管[无;稍;明显]扩张，内[未]见[串状气体强;点状弱;异常]回声。+
肝门区可见[个]类圆形低回声团[，约mm×mm][至mm×mm×mm][，部分结节相互融合]。+,[肝门部胆管;肝外胆管;胆总管;肝门区;胰头区][壶腹部][实质性占位;壁增厚]性病变[，并][胆总管][不][完全性][梗阻]。+
[胆总管][壶腹部;胆管]Ca[可能性大]。+
未除外[胰头Ca;恶变][可能]。+
[左;右][肝;胰头][转移;萎缩]。+
肝门区淋巴结肿大。+
建议[定期;治疗后;PTC;ERCP;超声导向穿刺活检][复查;检查]。+,018,0,常见,UIS,001,DGA,胆系,NULL,NULL
458,华枝睾吸虫病,超声,胆囊[明显][大小正常;稍大;增大;缩小;未显示][约mm×mm×mm][，囊壁][不;稍;增;明显增][厚][，约mm][，呈][双;三][层状][，][稍][毛糙][，囊腔消失]。+
胆囊[内;颈][未][见;充满][个][多个][异常;沉淀性;密集][团状;点状;棉线状;碎石状][强;低]回声[，约mm×mm][至mm×mm][，无;，伴][声影]。+
[左;右]肝[内;外][外叶;内叶;外上支;外下支][、][右肝][前叶;后叶][胆管;胆总管][无;稍;广泛][轻度;明显][树枝状][藕节状]扩张[，宽约mm][，][以][左;右][肝内胆管;胆总管][最宽;无;稍;明显][扩张][，][约mm]。+
[左;右][肝][内;外][外叶;内叶;外上支;外下支][、][右肝][前叶;后叶][胆管;胆总管]管壁[不;稍;增][厚;毛糙;回声增强][，以][左;右][肝内胆管;左右肝管汇合部;胆总管][明显][，呈][沿胆管壁分布“满天星状”;点串状][较强回声]。+
[左;右]肝[内;外][外叶;内叶;外上支;外下支][、][右肝][前叶;后叶][胆管;胆总管]内见[处][点线状;双线状][强;低]回声[，长约mm]。+
[其余]胆管[管壁不厚，]内未见异常回声。+,[胆囊;胆道;胆管]所见考虑[陈旧性]华枝睾吸虫病。+
胆囊[壁]改变考虑[急性;慢性;坏疽性]胆囊炎[并][胆汁淤积;胆囊穿孔腹膜炎]。+
[轻度]胆道感染。+
建议[定期;治疗后;PTC;ERCP;超声导向穿刺活检][复查;检查]。+,019,0,常见,UIS,001,HZGXCB,胆系,NULL,NULL
459,正常腹腔,超声,腹腔内肠管无扩张。+
腹腔内未见异常团块回声及液性暗区。+
[腹腔;腹主]动脉旁未见异常低回声团。+,腹腔内未见[包块;异常]。+
[腹腔;腹主]动脉旁未见增大淋巴结。+,001,0,常见,UIS,001,ZCFQ,腹部,NULL,NULL
460,腹部体检,超声,肝脏大小形态正常，包膜光滑，实质回声均匀，血管走向正常。+
胆囊大小正常，壁不厚，光滑，内未见强回声，肝内外胆管未见增宽。+
脾脏大小形态正常，包膜光滑，实质回声均匀。+
胰腺大小形态正常，包膜光滑，实质回声均匀，胰管无扩张。+
双肾大小形态正常，包膜光滑，实质及中央复合区未见异常回声。+
双侧输尿管未见增宽。+
膀胱壁光滑，内未见强回声。+
前列腺大小正常，包膜光滑，实质回声均匀。+
子宫[前倾;后倾;水平位][后屈;前屈]，大小形态正常，包膜光滑，宫壁实质回声均匀，内膜清晰。+
[宫腔;宫颈管;宫壁;阴道]内见节育环强回声。+
双侧附件未见肿块回声。+,肝脏、胆道系统、脾脏[、胰腺]未见[明显]异常。+
肾、输尿管、膀胱[、前列腺]未见[明显]异常。+
子宫附件未见[明显]异常。+,002,0,常见,UIS,001,FBTJ,腹部,NULL,NULL
461,腹水,超声,[脾肾间隙;肝肾间隙;盆腔内;腹腔内][均;广泛;未]见[少量;中量][至][中量;大量]液性暗区[，最多处为][脾肾间隙;肝肾间隙;盆腔]，深约mm。+
腹水暗区内见[浮点状低回声;网状带样回声]。+
[肠管;子宫][漂;悬]浮于液性暗区之中。+,[少量;中量][至][中量;大量]腹水（血腹）。+
未排合并感染。+,003,0,常见,UIS,001,FS,腹部,NULL,NULL
462,腹膜炎,超声,[腹腔;肝肾间隙;脾肾间隙;盆腔内][均;广泛;未]见[少量;中量]至[中量;大量]液性暗区[，最多处为][肝肾间隙;脾肾间隙;盆腔]，深约mm。+
暗区内见[浮点状低;网状带样]回声。+
腹膜[稍;明显][增厚;呈多发结节状]。+
肠系膜[增厚;呈团块状][，约mm×mm][至mm×mm]。+
[肠管;子宫][漂;悬]浮于液性暗区之中。+
肠管呈团块状固定于腹腔后壁。+,[少量;中量][至][中量;大量]腹水。+
[结合临床][考虑][符合][渗出性;结核性][腹膜炎;Ca性腹水]。+,004,0,常见,UIS,001,FMY,腹部,NULL,NULL
463,主-肺动脉间隔缺损,超声,２Ｄ及Ｍ型特征：
[左房;左室;右房;右室;全心;各房室腔][大小正常;稍;明显][扩大;增大][，以][左房;左室;右房;右室][明显]。+
[左;右]室[前;后][壁][无;稍;明显]增厚，室间隔、房间隔连续性好，IVS与LVPW[逆向;AB型]运动，搏幅[正常;稍;明显][增强;减弱]。+
肺动脉[无;稍;明显]增宽[，宽约mm]，主动脉[无;稍]增宽，主动脉与肺动脉之间隔回声失落，缺口宽约mm。+
Ｍ型肺动脉后瓣 a 波[变浅;消失;加深]，bc 速加快[，可见提前关闭呈“Ｗ”形]。+
主动脉搏幅[尚可;增强]，主动脉瓣开放关闭好。+
[二;三]尖瓣开放、关闭好，Ｍ型二尖瓣双峰，E峰<A峰，前后叶逆向，EE 间距[偶见][相;不]等。+
彩色及频谱多普勒特征：
[收缩;舒张]期见一五彩血流从主动脉经缺口进入肺动脉，肺动脉内血流呈漩涡状。+
CW于缺口肺动脉侧探及[双;负]向连续性充填血流频谱[，峰值流速m/s][，峰值压差mmHg]。+,先天性心脏病。+
主-肺动脉间隔缺损。+
肺动脉高压[伴肺动脉瓣相对关闭不全]。+,018,0,常见,UIS,001,Z-FDMJGQS,心脏,NULL,NULL
464,永存动脉干,超声,２Ｄ及Ｍ型特征：
[左房;左室;右房;右室;全心;各房室腔][大小正常;稍;明显][扩大;增大][，以][左房;左室;右房;右室][明显]。+
[右;左]室[前;后][壁][无;稍;明显]增厚[，以][IVS;LVPW;RVAW][明显]，IVS与LVPW[逆向;同向;AB型]运动，搏幅[正常;稍;明显][增强;减弱]。+
心底短轴切面未见正常肺动脉包绕主动脉征象，于主动脉位置仅见单条大动脉，宽且靠前[，宽约mm]，未见右室流出道、肺动脉干及肺动脉瓣膜回声。+
心尖四腔心切面[未]见[主;左;右]肺动脉发自大动脉[根部;较高位置][，肺动脉与大动脉呈分叉状]。+
室间隔与动脉干前壁连续中断，约mm，动脉干骑跨在室间隔上，约％。+
房间隔[上;中]部[可;未]见中断[，约mm]。+
[其余;各]瓣膜开放关闭尚好，Ｍ型二尖瓣呈双峰，前后叶逆向，EE 间距[偶见][相;不]等。+
彩色及频谱多普勒特征：
室水平收缩期见[一;二]股蓝黄色彩流由左室及右室经缺口进入大动脉，频谱呈[负;双]向充填湍流信号[，峰速m/s][，舒张期可见一股][红;蓝][黄色彩流由大动脉经缺口进入][左室;右室]。+
室水平收缩期可见束状红黄色彩流由左室经缺口进入右室[，分流束面积smm][，峰速m/s][，峰值压差mmHg][，舒张期可见蓝色彩流由右室经缺口进入左室]。+
房水平舒张期可见一股红黄色彩流由左房经缺口进入右房及三尖瓣口[，收缩期可见一股红色彩流由右房经缺口进入左房]。+
[室水平;房水平][收缩;舒张]期未见左向右[或右向左]分流。+
[右室流出道;肺动脉]内收缩期见[喷射状][高速]蓝色彩流，频谱呈[负;双]向充填湍流信号[，峰速m/s][，峰值压差mmHg]。+,先天性心脏病。+
室间隔缺损。+
[结合临床][考虑][符合][Ⅰ型;Ⅱ型;Ⅲ型]永存动脉干。+,019,0,常见,UIS,001,YCDMG,心脏,NULL,NULL
465,完全型大血管转位,超声,２Ｄ及Ｍ型特征：
主动脉、肺动脉交叉关系消失，心底短轴切面同时显示两个动脉横断面，主动脉在[右]前，肺动脉在[左]后，左室长轴切面见两动脉平行排列。+
心房与心室对位关系正常，即三尖瓣的右室在右前，与右房相连，含二尖瓣的左室在左后，与左房相连。+
心室与大动脉对位关系不一致，左室长轴或五腔心切面见肺动脉出自含二尖瓣的左室，主动脉出自含三尖瓣的右室。+
室间隔[肺动脉干下;膜部]见中断，断口约mm。+
房间隔[上;中]部[可;未]见中断[，约mm]。+
肺动脉[无;稍;明显]增宽，[，宽约mm]，降主动脉与肺动脉之间[可;似;未]见异常通道[，宽约mm][，长约mm]。+
肺动脉[干部;瓣膜][肌性;见隔膜组织][增厚;狭窄;闭锁][，][管腔;孔宽]约mm[，呈][不规则状;二瓣状]，[肺动脉瓣]开放[稍;明显][受限呈圆顶状;尚可]，关闭[不拢;尚可][，可见窄后扩张，最宽处约mm]。+
Ｍ型肺动脉后瓣 a 波[变浅;消失;加深][，bc 速加快]，可见关闭[提前呈“Ｗ”形;延迟]。+
[其余;各]瓣膜开放关闭尚好，Ｍ型二尖瓣呈双峰，前后叶逆向，EE 间距[偶见][相;不]等。+
[左房;左室;右房;右室;全心;各房室腔][大小正常;稍;明显][扩大;增大][，以][左房;左室;右房;右室][明显]。+
[左;右]室[前;后][壁][无;稍;明显]增厚[，以][IVS;LVPW;RVAW][明显]，IVS与LVPW[逆向;同向;AB型]运动，搏幅[正常;稍;明显][增强;减弱]。+
彩色及频谱多普勒特征：
收缩期见一股蓝黄色彩流由右室进入主动脉[，部分经缺口进入左室]，另一股蓝黄色彩流由左室进入肺动脉[，部分经缺口进入右室]。+
缺口处为[正向;双向]湍流频谱[，峰速m/s][，峰值压差mmHg]。+
房水平舒张期可见一股红黄色彩流由左房经缺口进入右房及三尖瓣口[，收缩期可见一股红色彩流由右房经缺口进入左房]。+
房间隔缺口右房面探及[正向;双期]三峰状湍流频谱[，峰速m/s][，峰值压差mmHg]。+
[右室流出道;肺动脉]内收缩期见[喷射状][高速]蓝色彩流，[CW;PW]呈[负;双]向充填湍流频谱[，峰速m/s][，峰值压差mmHg]。+,先天性心脏病。+
完全型大血管转位。+
[室间隔;房间隔][大;小]缺损。+
[肺动脉;右室流出道][瓣部;干部]狭窄。+
动脉导管未闭。+
[二;三]尖瓣[轻度;中度;重度][相对性]关闭不全。+
[左;右]心容量超负。+
右心室压力增高约等于左心室。+,020,0,常见,UIS,001,WQXDXGZW,心脏,NULL,NULL
466,矫正型大血管转位,超声,２Ｄ及Ｍ型特征：
心底短轴切面同时显示两个大动脉横断面，主动脉在左前，肺动脉在右后，大血管纵切见两条大血管呈平行排列。+
心房与心室对位关系不一致，含三尖瓣的右室在左前，与左房相连，含二尖瓣的左室在右后，与右房相连。+
心室与大动脉对位关系不一致，长轴或五腔心切面见肺动脉出自解剖左室，主动脉出自解剖右室。+
室间隔[肺动脉干下;膜部]见中断，断口约mm。+
房间隔[上;中]部[可;未]见中断[，约mm]。+
肺动脉[无;稍;明显]增宽[，宽约mm]，降主动脉与肺动脉之间[可;似;未]见异常通道[，宽约mm][，长约mm]。+
肺动脉[干部;瓣膜][肌性;见隔膜组织][增厚;狭窄;闭锁][，][管腔;孔宽]约mm[，呈][不规则状;二瓣状]，[肺动脉瓣]开放[稍;明显][受限呈圆顶状;尚可]，关闭[不拢;尚可][，可见窄后扩张，最宽处约mm]。+
Ｍ型肺动脉后瓣 a 波[变浅;消失;加深][，bc 速加快]，可见关闭[提前呈“Ｗ”形;延迟]。+
[其余;各]瓣膜开放关闭尚好，Ｍ型二尖瓣呈双峰，前后叶逆向，EE 间距[偶见][相;不]等。+
[左房;左室;右房;右室;全心;各房室腔][大小正常;稍;明显][扩大;增大][，以][左房;左室;右房;右室][明显]。+
[左;右]室[前;后][壁][无;稍;明显]增厚[，以][IVS;LVPW;RVAW][明显]，IVS与LVPW[逆向;同向;AB型]运动，搏幅[正常;稍;明显][增强;减弱]。+
彩色及频谱多普勒特征：
收缩期见一股蓝[黄]色彩流由解剖右室进入主动脉[，部分经缺口进入升主动脉]，另一股蓝黄色彩流由解剖左室进入肺动脉[，一部分经缺口进入解剖右室流出道后进入主动脉]。+
缺口处为[正向;双向]湍流频谱[，峰速m/s][，峰值压差mmHg]。+
房水平舒张期可见一股红黄色彩流由左房经缺口进入右房及三尖瓣口[，收缩期可见一股红色彩流由右房经缺口进入左房]。+
房间隔缺口右房面探及[正向;双期]三峰状湍流频谱[，峰速m/s][，峰值压差mmHg]。+
[右室流出道;肺动脉]内收缩期见[喷射状][高速]蓝色彩流，[CW;PW]呈[负;双]向充填湍流频谱[，峰速m/s][，峰值压差mmHg]。+,先天性心脏病。+
矫正型大血管转位。+
[室间隔;房间隔][大;小]缺损。+
[肺动脉;右室流出道][瓣部;干部]狭窄。+
动脉导管未闭。+
[二;三]尖瓣[轻度;中度;重度][相对性]关闭不全。+
[左;右]心容量超负。+
右心室压力增高约等于左心室。+,021,0,常见,UIS,001,JZXDXGZW,心脏,NULL,NULL
467,右室双出口,超声,２Ｄ及Ｍ型特征：
心底短轴切面同时显示两个大动脉横断面，主动脉在[偏][右][前]，肺动脉在[偏][左][后]。+
左室长轴或五腔心切面见主动脉及肺动脉均起源于右心室，两动脉平行排列，主动脉在前，肺动脉在后。+
肺动脉与二尖瓣前叶间有团块状密集强回声圆锥肌相隔。+
室间隔见中断口，约mm。+
肺动脉[轻度;明显;无]增宽[，宽约mm]，骑跨在室间隔上[，约％]。+
肺动脉[干部;瓣膜][肌性;见隔膜组织][增厚;狭窄;闭锁][，][管腔;孔宽]约mm[，呈][不规则状;二瓣状]，[肺动脉瓣]开放[稍;明显][受限呈圆顶状;尚可]，关闭[不拢;尚可][，可见窄后扩张，最宽处约mm]。+
Ｍ型肺动脉后瓣 a 波[变浅;消失;加深][，bc 速加快]，可见关闭[提前呈“Ｗ”形;延迟]。+
主动脉[升部;峡部;降部;无][缩窄;增宽][，宽约mm][，缩窄区管壁回声增强，缩窄近端及其分技左颈总动脉、左锁骨下动脉均增宽]。+
[房间隔[上;中]部[可;未]见中断[，约mm]。+
其余;各]瓣膜开放关闭尚好，Ｍ型二尖瓣呈双峰，前后叶逆向，EE 间距[偶见][相;不]等。+
右室[稍;明显]增大，右室壁[稍;明显]增厚，IVS与LVPW[逆向;同向;AB型]运动，搏幅[正常;稍;明显][增强;减弱]。+
彩色及频谱多普勒特征：
收缩期室水平见束状红黄色彩流由左室经缺口进入右室再分别进入肺动脉及主动脉[，峰速m/s][，峰值压差mmHg]。+
收缩期室水平见两束蓝黄色彩流分别由左室及右室经缺口进入肺动脉，另见一束蓝黄色彩流由右室进入主动脉[，峰速m/s][，峰值压差mmHg]。+
缺口处为[正向;双向]湍流频谱[，峰速m/s][，峰值压差mmHg]。+
房水平舒张期可见一股红黄色彩流由左房经缺口进入右房及三尖瓣口[，收缩期可见一股红色彩流由右房经缺口进入左房]。+
房间隔缺口右房面探及[正向;双期]三峰状湍流频谱[，峰速m/s][，峰值压差mmHg]。+
肺动脉内见一双期红色彩束从异常通道进入并沿肺动脉干外缘走向肺动脉瓣，收缩期一股蓝色彩流沿肺动脉干内缘走向左右肺动脉。+
肺动脉[收缩;舒张]期血流[均]呈红蓝[两色;五彩]漩涡状。+
[右室流出道;肺动脉]内收缩期见[喷射状][高速]蓝色彩流，[CW;PW]呈[负;双]向充填湍流频谱[，峰速m/s][，峰值压差mmHg]。+,先天性心脏病。+
右室双出口。+
[室间隔;房间隔][大;小]缺损。+
[肺动脉;右室流出道][瓣部;干部]狭窄。+
Taussing-Bing综合征。+
主动脉缩窄。+
动脉导管未闭。+
[二;三]尖瓣[轻度;中度;重度][相对性]关闭不全。+
[左;右]心容量超负。+
右心室压力增高约等于左心室。+,022,0,常见,UIS,001,YSSCK,心脏,NULL,NULL
468,三房心,超声,２Ｄ及Ｍ型特征：
[左房;左室;右房;右室;全心;各房室腔][大小正常;稍;明显][扩大;增大][，以][左房;左室;右房;右室][明显]。+
[左;右]室[前;后][壁][稍;明显][不;增;肥]厚，室间隔、房间隔连续性好，IVS与LVPW[逆向;同向;AB型]运动，搏幅[正常;稍;明显][增强;减弱]。+
左房内见膜状回声连结于前后壁把左房分隔成副房与真房[，副房约为[1/3;2/3;1/2][，真房约为[2/3;1/3;1/2]。+
隔膜中部见缺口与[真房;右房]相通，宽约mm。+
[一条;二条;全部;未见][左;右]肺静脉开口于副房。+
[一条;二条;全部;未见][左;右]肺静脉开口于真房。+
房间隔见中断口，约mm。+室间隔连续性好。+
[二;三]尖瓣开放、关闭好，Ｍ型二尖瓣双峰，E峰<A峰，前后叶逆向，EE 间距[偶见][相;不]等。+
大动脉位置关系正常。+
主动脉无增宽，管壁光滑，搏幅尚可，主动脉瓣开放关闭好。+
肺动脉无增宽，肺动脉瓣开放关闭好，Ｍ型肺动脉后瓣曲线正常。+
彩色及频谱多普勒特征：
[一条;二条;全部;未见][左;右]肺静脉彩色血流进入副房。+
[一条;二条;全部;未见][左;右]肺静脉彩色血流进入真房。+
副房内血流缓慢色暗，隔膜孔处血流加速呈束状红色彩流。+
隔膜孔真房侧探及[正向;双向]湍流频谱[，峰速m/s][，峰值压差mmHg]。+
副房内血流经房缺口进入右房，右房血流经房缺口进入真房。+,先天性心脏病。+
三房心。+
继发孔型房间隔缺损。+,023,0,常见,UIS,001,SFX,心脏,NULL,NULL
469,主动脉弓离断,超声,２Ｄ及Ｍ型特征：
[左房;左室;右房;右室;全心;各房室腔][大小正常;稍;明显][扩大;增大][，以][左房;左室;右房;右室][明显]。+
[左;右]室[前;后][壁][无;稍;明显]增厚，室间隔、房间隔连续性好，IVS与LVPW[逆向;同向;AB型]运动，搏幅[正常;稍;明显][增强;减弱]。+
主动脉弓长轴切面见主动脉弓于[右头臂动脉;左颈总动脉;左锁骨下动脉][间;前;远端]与降主动脉连续中断，断离距离约mm。+
胸主动脉起自肺动脉。+
大动脉位置关系正常。+
主动脉瓣开放关闭好。+
肺动脉无增宽，肺动脉瓣开放关闭好，Ｍ型肺动脉后瓣曲线正常。+
[二;三]尖瓣开放、关闭好，Ｍ型二尖瓣双峰，E峰<A峰，前后叶逆向，EE 间距[偶见][相;不]等。+
彩色及频谱多普勒特征：
主动脉弓与降主动脉间没有血流通过，来自升主动脉的血液直接向上进入[右头臂动脉;左颈总动脉;左锁骨下动脉]。+,先天性心脏病。+
主动脉弓离断。+
胸主动脉起自肺动脉,024,0,常见,UIS,001,ZDMGLD,心脏,NULL,NULL
470,主动脉缩窄,超声,２Ｄ及Ｍ型特征：
[左房;左室;右房;右室;全心;各房室腔][大小正常;稍;明显][扩大;增大][，以][左房;左室;右房;右室][明显]。+
[右;左]室[前;后][壁][无;稍;明显]增厚[，以][IVS;LVPW;RVAW][明显]，IVS与LVPW[逆向;同向;AB型]运动，搏幅[正常;稍;明显][增强;减弱]。+
大动脉位置关系正常。+
主动脉[升部;峡部;降部;无][缩窄;增宽][，宽约mm][，缩窄区管壁回声增强，缩窄近端及其分技左颈总动脉、左锁骨下动脉均增宽]。+
肺动脉无增宽，肺动脉瓣开放关闭好，Ｍ型肺动脉后瓣曲线正常。+
室间隔、房间隔未见中断。+
房室瓣、半月瓣开放关闭尚好，Ｍ型二尖瓣呈双峰，前后叶逆向，EE 间距[偶见][相;不]等。+
彩色及频谱多普勒特征：
主动脉缩窄区内收缩呈红色五彩血流，窄后区呈红蓝五彩漩涡状彩流，[CW;PW]呈[负;双]向充填湍流频谱[，峰速m/s][，峰值压差mmHg]。+,先天性心脏病。+
主动脉缩窄。+
左心室压力超负。+,025,0,常见,UIS,001,ZDMSZ,心脏,NULL,NULL
471,单心房,超声,２Ｄ及Ｍ型特征：
[左房;左室;右房;右室;全心;各房室腔][大小正常;稍;明显][扩大;增大][，以][左房;左室;右房;右室][明显][，呈球形]。+
[左;右]室[前;后][壁][无;稍;明显]增厚[，以][IVS;LVPW;RVAW][明显]，IVS与LVPW[逆向;同向;AB型]运动，搏幅[正常;稍;明显][增强;减弱]。+
心房未见房间隔，呈单房状。+
心室未见室间隔，呈单室状。+
[室间隔;房间隔]连续性好。+
大动脉位置关系正常。+
主动脉无增宽，管壁光滑，搏幅尚可，主动脉瓣开放关闭好。+
肺动脉无增宽，肺动脉瓣开放关闭好，Ｍ型肺动脉后瓣曲线正常。+
[二;三]尖瓣开放、关闭好，Ｍ型二尖瓣双峰，E峰<A峰，前后叶逆向，EE 间距[偶见][相;不]等。+
彩色及频谱多普勒特征：
[室水平;房水平][收缩;舒张]期未见左向右[或右向左]分流。+
舒张期可见红黄色彩流由[单;左]心房经二尖瓣进入[左;单]心室。+,先天性心脏病。+
[疑]三尖瓣闭锁。+
[疑;并]单心[房;室]。+,026,0,常见,UIS,001,DXF,心脏,NULL,NULL
472,单心室,超声,２Ｄ及Ｍ型特征：
心室未见室间隔，呈单室状，[稍;明显][增]大。+
[左房;右房][大小正常;稍;明显][扩大;增大][，以][左房;右房][明显][，呈球形]。+
[左;右]室[前;后][壁][无;稍;明显]增厚[，以][IVS;LVPW;RVAW][明显]，IVS与LVPW[逆向;同向;AB型]运动，搏幅[正常;稍;明显][增强;减弱]。+
房间隔连续性好。+
主动脉无增宽，管壁光滑，搏幅尚可，主动脉瓣开放关闭好。+
肺动脉无增宽，肺动脉瓣开放关闭好，Ｍ型肺动脉后瓣曲线正常。+
房室瓣为[一;二]组瓣，[二;三]尖瓣开放、关闭好，Ｍ型二尖瓣双峰，E峰<A峰，前后叶逆向，EE 间距[偶见][相;不]等。+
彩色及频谱多普勒特征：
收缩期见红黄色彩流由单心室经二三尖瓣进入左右心房。+,先天性心脏病。+
单心室。+,027,0,常见,UIS,001,DXS,心脏,NULL,NULL
473,三尖瓣闭锁,超声,２Ｄ及Ｍ型特征：
[左房;左室;右房;右室;全心;各房室腔][大小正常;稍;明显][扩大;增大][，以][左房;左室;右房;右室][明显][，呈球形]。+
[右房;右室]发育[稍;明显][差;不良]。+
[左;右]室[前;后][壁][无;稍;明显]增厚[，以][IVS;LVPW;RVAW][明显]，IVS与LVPW[逆向;同向;AB型]运动，搏幅[正常;稍;明显][增强;减弱]。+
房间隔[中部;上部;中上部][及;近][十字交叉][处][可见中断;消失][，断口约mm]。+
室间隔[肺动脉瓣下;膜部;隔瓣后;肌部]处[可;似;未]见中断[，约mm][，局部呈囊状凸向右室，囊壁上见][多][处缺口]。+
[室间隔;房间隔]连续性好。+
正常三尖瓣消失，代之为一无启闭活动的隔膜回声。+
肺动脉[不;轻度;明显]增宽，肺动脉瓣开放尚可，关闭[不拢;尚可]。+
[右室流出道;肺动脉][干;瓣部][增厚;狭窄;闭锁][，约mm]，[肺动脉瓣]开放[尚可;受限]，关闭[尚可;不拢][，可见窄后扩张]。+
Ｍ型肺动脉后瓣[a 波;曲线正常][变浅;消失][，bc 速加快][，可见提前关闭呈“Ｗ”形]
主动脉无增宽，管壁光滑，搏幅尚可，主动脉瓣开放关闭好。+
二尖瓣开放、关闭好，Ｍ型二尖瓣双峰，E峰<A峰，前后叶逆向，EE 间距[偶见][相;不]等。+
彩色及频谱多普勒特征：
房水平[舒张期;收缩期]可见一股红黄色彩流由左房经缺口进入右房及三尖瓣口[，收缩期可见一束红色彩流由右房经缺口进入左房]。+
舒张期可见一股红黄色彩流由[单]心房经共同房室瓣直接进入右室及左室[，收缩期可见][少量;中量;大量][蓝色彩流由][左;右][心室经共同房室瓣返回][左;右][心房]。+
房间隔缺口右房面探及[正向;双期]三峰状湍流频谱[，峰速m/s][，峰值压差mmHg]。+
[室水平;房水平][收缩;舒张]期未见左向右[或右向左]分流。+
室水平收缩期可见束状红黄色彩流由左室经缺口进入右室[，分流束面积smm][，舒张期可见][少量;中量;大量][蓝色彩流由右室经缺口进入左室]。+
室间隔缺口右室面探及[正向;双向]湍流频谱[，峰速m/s][，峰值压差mmHg]。+,先天性心脏病。+
[疑]三尖瓣闭锁。+
[继发孔型;原发孔型][房;室]间隔缺损[并室间隔缺损]。+,028,0,常见,UIS,001,SJBBS,心脏,NULL,NULL
474,右位心,超声,２Ｄ及Ｍ型特征：
心脏在右胸探及，心尖指向右下，心内结构呈正常位心镜象改变。+
[左房;左室;右房;右室;全心;各房室腔][大小正常;稍;明显][扩大;增大][，以][左房;左室;右房;右室][明显]。+
[左;右]室[前;后][壁][无;稍;明显]增厚，室间隔、房间隔连续性好，IVS与LVPW[逆向;同向;AB型]运动，搏幅[正常;稍;明显][增强;减弱]。+
主动脉无增宽，管壁光滑，搏幅尚可，主动脉瓣开放关闭好。+
肺动脉无增宽，肺动脉瓣开放关闭好，Ｍ型肺动脉后瓣曲线正常。+
[二;三]尖瓣开放、关闭好，Ｍ型二尖瓣双峰，E峰<A峰，前后叶逆向，EE 间距[偶见][相;不]等。+
彩色及频谱多普勒特征：,先天性心脏病。+
右位心。+
心脏形态结构及瓣膜活动未见异常。+
彩色多普勒血流显像未见异常。+,029,0,常见,UIS,001,YWX,心脏,NULL,NULL
475,三尖瓣下移畸形,超声,２Ｄ及Ｍ型特征：
右房明显增大，部分右室右房化，右室腔[稍;明显]狭小。+
[左;右]室[前;后][壁][稍;明显][不;肥;增]厚，[室间隔;房间隔]连续性好，IVS与LVPW[逆向;同向;AB型]运动，搏幅[正常;稍;明显][增强;减弱]。+
[室间隔;房间隔][中;上]部[未见]中断[，约mm]。+
三尖瓣隔瓣下移约mm，前瓣呈大瓣状，活动幅度较大，三尖瓣开放尚可，关闭不拢。+
大动脉位置关系正常。+
主动脉[无;稍]增宽，管壁光滑，搏幅[稍;明显][尚可;减低;增强]，主动脉瓣开放幅度[稍;明显][减低;尚正常]，关闭[尚可;不拢]。+
肺动脉[轻度;明显;无]增宽，肺动脉瓣开放尚可，关闭[不拢;尚可]，Ｍ型肺动脉后瓣[ a 波;曲线正常][变浅;消失][，bc 速加快][，可见提前关闭呈“Ｗ”形]。+
[其余瓣膜开放关闭尚好，]Ｍ型二尖瓣呈双峰，前后叶逆向，EE 间距[偶见][相;不]等。+
彩色及频谱多普勒特征：
四腔心切面收缩期见一股蓝色彩流自右室经异常三尖瓣口通过房化右室返回右房[，呈负向充填湍流信号][，峰速m/s][，峰值压差mmHg]。+
房水平舒张期可见一股红黄色彩流由左房经缺口进入右房及三尖瓣口[，收缩期可见一束红色彩流由右房经缺口进入左房]。+
室水平收缩期可见束状红黄色彩流由左室经缺口进入右室[，分流束面积smm][，峰速m/s][，峰值压差mmHg][，舒张期可见][少量;中量;大量][蓝色彩流由右室经缺口进入左室]。+,先天性心脏病。+
三尖瓣下移畸形。+
[房间隔;室间隔]缺损[(继发孔)]。+
三尖瓣[轻;中;重]度关闭不全。+
[肺动脉高压并]肺动脉瓣[轻;中;重]度关闭不全。+
[左;右]心功能[轻度;中度;重度][不全;受损;未见异常]。+,030,0,常见,UIS,001,SJBXYJX,心脏,NULL,NULL
476,先心术后,超声,２Ｄ及Ｍ型特征：
[左房;左室;右房;右室;全心;各房室腔][大小正常;稍;明显][扩大;增大][，以][左房;左室;右房;右室][明显]。+
室壁[不;稍]厚，室壁运动协调，搏幅正常。+
[室间隔;房间隔][膜部;肌部][中部;上部;中上部][近十字交叉][处][回声增强，]连续性好。+
左肺动脉与降主动脉间见斑点状强回声。+
主动脉无增宽，管壁光滑，搏幅尚可，主动脉瓣开放关闭好。+
肺动脉无增宽，肺动脉瓣开放关闭好，Ｍ型肺动脉后瓣曲线正常。+
[二;三]尖瓣开放、关闭好，Ｍ型二尖瓣双峰，E峰<A峰，前后叶逆向，EE 间距[偶见][相;不]等。+
彩色及频谱多普勒特征：
心内房室水平及各瓣口未见异常彩色湍流信号。+,[室缺;房缺;PDA;肺窄][修补]术后。+
[右房;右室;左房;左室;各房室腔]大小[与术前对比][基本;仍][稍][大;恢复正常]。+
彩色多普勒血流显像未见异常。+,031,0,常见,UIS,001,XXSH,心脏,NULL,NULL
477,补片周漏,超声,２Ｄ及Ｍ型特征：
[左房;左室;右房;右室;全心;各房室腔][大小正常;稍;明显][扩大;增大][，以][左房;左室;右房;右室][明显]。+
[左;右]室[前;后][壁][无;稍;明显]增厚，房间隔连续性好，IVS与LVPW[逆向;同向;AB型]运动，搏幅[正常;稍;明显][增强;减弱]。+
[室间隔;房间隔][膜部;肌部][中部;上部;中上部][近十字交叉][处]补片呈斑块状强回声[，并于][左;右][室;房][侧附着团状][较][强;低][回声][，约mm×mm]。+
[室间隔;房间隔]补片边缘[可见;似见]中断，约mm。+
主动脉[无;稍]增宽，管壁光滑，搏幅[稍;明显][尚可;减低;增强]，主动脉瓣开放尚可，关闭[不拢;尚可]，[左;无;右][冠瓣][瓣体突入][左;右][室流出道][关闭线偏心]。+
肺动脉[无;稍;明显]增宽，Ｍ型肺动脉后瓣 a 波[变浅;消失;加深]，bc 速加快[，可见提前关闭呈“Ｗ”形]。+
[其余;各]瓣膜开放关闭好，Ｍ型二尖瓣双峰，前后叶逆向，E-E间距[偶见][相;不]等。+
彩色及频谱多普勒特征：
室水平收缩期可见束状红黄色彩流由左室经缺口进入右室[，分流束面积smm][，舒张期可见][少量;中量;大量][蓝色彩流由右室经缺口进入左室]。+
室间隔缺口右室面探及[正向;双向]湍流频谱[，峰速m/s][，峰值压差mmHg]。+
房水平[收缩;舒张]期[未]见[一股红黄色彩流由左房经缺口进入右房及三尖瓣口;分流彩流][，分流束面积smm]。+
房间隔缺口右房面探及[正向;双期]三峰状湍流频谱[，峰速m/s][，峰值压差mmHg]。+,先天性心脏病，[房;室]缺修补术后。+
[感染性心内膜炎并]补片周漏。+
[轻;中;重]度肺动脉高压[并][轻;中;重][度相对关闭不全]。+
[二;三]尖瓣[轻;中;重]度相对关闭不全。+
[左;右]心功能[轻度;中度;重度][不全;受损;未见异常]。+,032,0,常见,UIS,001,BPZL,心脏,NULL,NULL
478,马凡氏综合征,超声,２Ｄ及Ｍ型特征：
[左房;左室;右房;右室;全心;各房室腔][大小正常;稍;明显][扩大;增大][，以][左房;左室;右房;右室][明显][，呈球形]。+
[左;右]室[前;后][壁][无;稍;明显]增厚，室间隔、房间隔连续性好，IVS与LVPW[逆向;同向;AB型]运动，搏幅[正常;稍;明显][增强;减弱]。+
升主动脉[瘤样;梭状][轻;中;重]度扩张[，最宽处mm][，延伸至][主动脉弓;降主动脉][，宽mm][，长mm]。+
[胸;腹]主动脉梭状扩张[，宽mm][，长mm]。+
[胸;腹]主动脉增宽[，约mm]，血管壁内外层分离[，真腔宽mm][，假腔宽mm]，分离部位局限于[升主动脉;主动脉弓;降主动脉;腹主动脉][，长mm][，动脉腔内见纤细回声带]。+
主动脉瓣开放[尚可;受限]，关闭[尚可;不拢]。+
动脉内膜裂口近端位于[升主动脉;主动脉弓;降主动脉][，宽mm]，远端位于[主动脉弓;降主动脉;腹主动脉][，宽mm]。+
肺动脉[轻度;明显;无]增宽，肺动脉瓣开放尚可，关闭[不拢;尚可]，Ｍ型肺动脉后瓣[ a 波;曲线正常][变浅;消失][，bc 速加快][，可见提前关闭呈“Ｗ”形]。+
其余瓣膜开放关闭尚好，Ｍ型二尖瓣呈双峰，前后叶逆向，EE 间距[偶见][相;不]等。+
彩色及频谱多普勒特征：
[升;胸;腹]主动脉瘤内见[漩涡状]五彩湍流信号。+,马凡氏综合征。+
主动脉瘤样扩张。+
主动脉窦瘤形成。+
[升;腹]主动脉瘤形成。+
[升;腹]主动脉夹层动脉瘤形成[Ⅰ型;Ⅱ型;Ⅲ型]。+
主动脉瓣[轻;中;重]度关闭不全。+
[左;右]心功能[轻度;中度;重度][不全;受损;未见异常]。+,033,0,常见,UIS,001,MFSZHZ,心脏,NULL,NULL
479,主动脉窦瘤破裂,超声,２Ｄ及Ｍ型特征：
[左房;左室;右房;右室;全心;各房室腔][大小正常;稍;明显][扩大;增大][，以][左房;左室;右房;右室][明显][，呈球形]。+
[左;右]室[前;后][壁][无;稍;明显]增厚，室间隔、房间隔连续性好，IVS与LVPW[逆向;同向;AB型]运动，搏幅[正常;稍;明显]增强。+
主动脉[左;右;无]冠窦瘤样扩张[，约mm×mm]。+
[右;无]冠窦向[右室流出道;右室流入道;右房]膨出并见破裂口[，破壁随血流漂动]。+
主动脉瓣开放[尚可;受限]，关闭[尚可;不拢]。+
肺动脉无增宽，肺动脉瓣开放关闭好，Ｍ型肺动脉后瓣曲线正常。+
[二;三]尖瓣开放、关闭好，Ｍ型二尖瓣双峰，E峰<A峰，前后叶逆向，EE 间距[偶见][相;不]等。+
彩色及频谱多普勒特征：
主动脉窦瘤内允满异常彩流，[收缩;舒张]期呈红色射束状经破裂口进入[右室;右房][流出道;流入道]。+
CW于[右室;右房][流出道;流入道]内探及双期连续性充填血流频谱[，峰值流速m/s][，峰值压差mmHg]。+,右冠窦瘤破入右室流[出;入]道。+
无冠窦瘤破入右房。+
主动脉[右冠;左冠;无冠]窦[轻度;中度;明显][瘤形成;扩张]。+
主动脉瓣[轻;中;重]度关闭不全。+
肺动脉瓣[轻;中;重]度关闭不全。+
[左;右]心功能[轻度;中度;重度][不全;受损;未见异常]。+,034,0,常见,UIS,001,ZDMDLPL,心脏,NULL,NULL
480,冠状动脉瘘,超声,２Ｄ及Ｍ型特征：
[左房;左室;右房;右室;全心;各房室腔][大小正常;稍;明显][扩大;增大][，以][左房;左室;右房;右室][明显][，呈球形]。+
[左;右]室[前;后][壁][无;稍;明显]增厚，室间隔、房间隔连续性好，IVS与LVPW[逆向;同向;AB型]运动，搏幅[正常;稍;明显][增强;减弱]。+
主动脉[增;不]宽，管壁光滑，搏幅[稍;明显][尚可;减低;增强]。+
[左;右]冠状动脉[稍;明显]扩张[，宽约mm][，显示长度约mm]，沿其走行可见瘘口开于[左;右][室;房;肺动脉;上腔静脉]。+
肺动脉无增宽，肺动脉瓣开放关闭好，Ｍ型肺动脉后瓣曲线正常。+
[二;三]尖瓣开放、关闭好，Ｍ型二尖瓣双峰，E峰<A峰，前后叶逆向，EE 间距[偶见][相;不]等。+
彩色及频谱多普勒特征：
扩张的[左;右]冠状动脉彩流色泽明亮，舒张期更明显，沿其走行可见瘘口开于[左;右][房;室]，瘘口[收缩;舒张;双]期见红色射束状彩流喷出。+
CW于瘘口[右;左][室;房]侧探及双期连续性充填血流频谱[，峰值流速m/s]。+,[右;左]冠状动脉[左;右][室;房;肺动脉;上腔静脉]瘘。+
[左;右]心稍明显增大。+
[轻;中;重]度肺动脉高压。+,035,0,常见,UIS,001,GZDML,心脏,NULL,NULL
481,甲亢心,超声,２Ｄ及Ｍ型特征：
[全心;左房;左室;右房;右室;各房室腔][大小正常;稍;明显][扩大;增大][，以][左房;左室;右房;右室][明显][，呈球形]。+
[左;右]室[前;后][壁][稍;明显][变;不][簿;厚]，室间隔、房间隔连续性好，IVS与LVPW[逆向;同向;AB型]运动，搏幅[正常;稍;明显][增强;减弱]。+
主动脉[无;稍]增宽，管壁光滑，搏幅[稍;明显][尚可;减低;增强]，主动脉瓣开放幅度[稍;明显][减低;尚正常]，关闭[尚可;不拢]。+
肺动脉[轻度;明显;无]增宽，肺动脉瓣开放尚可，关闭[不拢;尚可]，Ｍ型肺动脉后瓣[ a 波;曲线正常][变浅;消失][，bc 速加快][，可见提前关闭呈“Ｗ”形]。+
[二尖;三尖]瓣开放[尚可;幅度增大;幅度减低]，关闭[尚可;不拢]。+
Ｍ型二尖瓣双峰，前后叶逆向[，钻石样]，EE间距[偶见][相;不]等。+
[前壁;后壁;心尖部]心包[未]见分离性液性暗区[，宽mm]。+
彩色及频谱多普勒特征：,[全;左;右]心[脏][稍;明显]扩大[，左;，右][心为主]。+
左心容量超负。+
[二尖瓣;三尖瓣;肺动脉瓣][轻;中;重]度相对性关闭不全。+
符合高动力型心脏病([甲亢心])。+
心律失常[(房颤)]。+
[左;右]心功能[轻度;中度;重度][不全;受损;未见异常]。+
建议甲状腺功能检查。+,036,0,常见,UIS,001,JKX,心脏,NULL,NULL
482,贫血心,超声,２Ｄ及Ｍ型特征：
[全心;左房;左室;右房;右室;各房室腔][大小正常;稍;明显][扩大;增大][，以][左房;左室;右房;右室][明显][，呈球形]。+
[左;右]室[前;后][壁][稍;明显][变;不][簿;厚]，室间隔、房间隔连续性好，IVS与LVPW[逆向;同向;AB型]运动，搏幅[正常;稍;明显][增强;减弱]。+
主动脉[无;稍]增宽，管壁光滑，搏幅[稍;明显][尚可;减低;增强]，主动脉瓣开放幅度[稍;明显][减低;尚正常]，关闭[尚可;不拢]。+
肺动脉[轻度;明显;无]增宽，肺动脉瓣开放尚可，关闭[不拢;尚可]，Ｍ型肺动脉后瓣[ a 波;曲线正常][变浅;消失][，bc 速加[前壁;后壁;心尖部]心包[未]见分离性液性暗区[，宽mm]。+
[二尖;三尖]瓣开放[尚可;幅度增大;幅度减低]，关闭[尚可;不拢]。+
Ｍ型二尖瓣双峰，前后叶逆向[，钻石样]，EE间距[偶见][相;不]等。+
快][，可见提前关闭呈“Ｗ”形]。+
彩色及频谱多普勒特征：,[全;左;右]心[脏][稍;明显]扩大[，左;，右][心为主]。+
左心容量超负。+
[二尖瓣;三尖瓣;肺动脉瓣][轻;中;重]度相对性关闭不全。+
符合高动力型心脏病([贫血心])。+
心律失常[(房颤)]。+
心衰。+
[左;右]心功能[轻度;中度;重度][不全;受损;未见异常]。+,037,0,常见,UIS,001,PXX,心脏,NULL,NULL
483,肺心病,超声,２Ｄ及Ｍ型特征：
[右房;右室;全心;左房;左室;各房室腔][大小正常;稍;明显][扩大;增大][，以][左房;左室;右房;右室][明显]。+
[右;左]室[前;后][壁][无;稍;明显]增厚[，肌小梁明显]，室间隔、房间隔连续性好，IVS与LVPW[同向;逆向;AB型]运动，搏幅[正常;稍;明显][增强;减弱]。+
主动脉[无;稍]增宽，管壁光滑，搏幅[稍;明显][尚可;减低;增强]，主动脉瓣开放幅度[稍;明显][减低;尚正常]，关闭[尚可;不拢]。+
肺动脉[轻度;明显;无]增宽，肺动脉瓣开放尚可，关闭[不拢;尚可]，Ｍ型肺动脉后瓣 a 波[变浅;消失;加深]，bc 速加快[，可见提前关闭呈“Ｗ”形]。+
[二尖;三尖]瓣开放[尚可;幅度增大;幅度减低]，关闭[尚可;不拢]。+
Ｍ型二尖瓣双峰[，钻石样]，前后叶逆向，EE 间距[偶见][相;不]等。+
彩色及频谱多普勒特征：,[全;左;右]心[脏][稍;明显]扩大[，左;，右][心为主]。+
右心容量超负。+
[二尖瓣;三尖瓣;肺动脉瓣][轻;中;重]度相对性关闭不全。+
符合肺心病。+
心律失常[(房颤)]。+
[左;右]心功能[轻度;中度;重度][不全;受损;未见异常]。+,038,0,常见,UIS,001,FXB,心脏,NULL,NULL
484,残留甲状腺,超声,"    甲状腺术后，残余甲状腺组织轮廓尚清晰,实质回声不均匀，
    未见异常光团或暗区。
    CDFI显示甲状腺实质内呈弥漫增多血流信号，似""火海""征。",     甲状腺术后，残余甲状腺未见明显占位病变。,001,0,甲状腺,UIS,001,CLJZX,甲状腺,NULL,NULL
485,甲状腺癌[新],超声,"    甲状腺轮廓尚清晰，[左;右]侧叶局部肿大,可见 mmX mm大小的[低回声;中等回声;非均质回声]结节,周边可见声晕,其内回声不均匀,可见细小光点,后方回声 [衰减;稍增强],CDFI显示结节周边及内部呈丰富条网状血流信号。+
    颈部未见肿大淋巴结声像。+",甲状腺[左侧叶;右侧叶;峡部]实质性占位病变并丰富血供及沙粒状钙化(考虑甲状腺癌可能性大)。+,002,0,常见,UIS,001,JZXA[X],甲状腺,NULL,NULL
486,甲状腺腺瘤[新],超声,"    甲状腺轮廓清晰，[左侧叶;右侧叶;峡部]局部增大,其内可见  mm× mm大小的等回声区，周边可见声晕，CDFI显示结节周边见环绕血流,内部见丰富动脉血流信号。+",    甲状腺[右侧叶;左侧叶;峡部]实质性占位病变(高功能腺瘤可能性大)。+,003,0,常见,UIS,001,JZXXL[X],甲状腺,NULL,NULL
487,结节性甲状腺肿[新],超声,"    甲状腺轮廓清晰,形态欠规则,左右侧叶不对称,左侧叶厚 mm右侧叶厚 mm,峡叶厚 mm,实质回声不均匀,散在分布,数个大小不等的中低回声结节,最大直径 mm。+
    CDFI显示；结节内未见明确血流信号。+",结节性甲状腺肿。+,004,0,常见,UIS,001,JJXJZXZ[X],甲状腺,NULL,NULL
488,桥本甲状腺炎并合甲减,超声,    甲状腺轮廓尚清晰，左右侧叶[不;基本]对称，呈弥漫性肿大，峡部增厚显著，实质回声不均匀，呈结节网状，左右侧叶厚度 mm，峡部厚度 mm。+
    CDFI显示甲状腺实质内丰富条网状血流信号，似"火海"征。+,    甲状腺弥漫性病变并弥漫性肿大。+
    甲状腺呈弥漫增多血流信号。+
   （桥本氏甲状腺炎合并甲减待除外）。+,005,0,常见,UIS,001,QBJZXYBHJJ,甲状腺,NULL,NULL
489,桥本氏甲状腺炎,超声,    甲状腺轮廓尚清晰，左右侧叶[不;基本]对称，呈弥漫性肿大，峡部增厚显著，实质回声不均匀，呈结节网状，左右侧叶厚度 mm，峡部厚度 mm。+
    CDFI显示甲状腺实质内[丰富条网;条点]状血流信号。+,    甲状腺弥漫性病变并弥漫性肿大（符合桥本氏甲状腺炎改变）。+,006,0,常见,UIS,001,QBSJZXY,甲状腺,NULL,NULL
490,亚甲炎,超声,    甲状腺轮廓欠清晰，左右叶不对称，[弥漫分布;左侧叶;右侧叶]片状低回声区，范围大小约mm × mm，边界欠清晰，形态不规则。+
    CDFI显示其内呈条点状血流信号。+,甲状腺局灶性低回声区，符合亚甲炎改变（建议复查）。+,007,0,常见,UIS,001,YJY,甲状腺,NULL,NULL
491,正常甲状腺[新],超声,"    甲状腺轮廓清晰,左右叶对称,大小形态正常,实质回声均匀。+
    CDFI显示甲状腺实质内呈稀疏条点状血流信号。+",    甲状腺未见异常声像。+,008,0,常见,UIS,001,ZCJZX[X],甲状腺,NULL,NULL
492,*腹膜后肿瘤,超声,"经[腹部;阴道;直肠]探查:
     腹深方可探及不规则肿物，边界欠清楚，实质为不均质低回声。+内无明显液化,大小约 mm X mm X  mm，,下界邻近[左;右]前方抵达腹壁下，变换体位观察,肿物无明显活动.三维彩色血流丰富，显示动脉血流。+
     双肾，肝，胆，胰腺，脾脏大小形态正常。+ ",下腹部实性占位性病变（考虑腹膜后恶性肿瘤可能性大）。+,001,0,常见,UIS,001,*FMHZL,脾脏,NULL,NULL
493,*脾包虫病,超声,    脾显著增大，形态失常。+其中可见  mm ×  mm的巨大囊性病变。+壁厚，内壁光滑。+改用高频（[7;8;9]MHz）扫查显示囊壁呈双层结构，囊壁内侧可见沙粒状高回声沉积物随体位改变向重力方向移动，似"落雪"状。+囊肿后壁回声增强。+囊肿与膈肌、胰尾分界清楚，有相对运动。+
  肝右叶内亦可见直径  mm 囊状回声，声像图与脾内囊肿相似。+腹腔其他部位未见异常。+,脾包虫囊肿合并肝包虫囊肿。+,002,0,常见,UIS,001,*PBCB,脾脏,NULL,NULL
494,*脾淋巴瘤,超声,    脾脏明显增大，长径  mm ，厚径  mm 。+包膜光滑连续。+内部可见多个圆形和椭圆形低回声性肿物，边界清楚，内部回声均匀，无包膜。+后方回声无增强，CDFI 显示肿物内部血供丰富，分布紊乱。+脾门部脾静脉内径  mm 。+左颈部扫查见[2;3;4]个  mm ×  mm ×  mm 的低回声结节，血供丰富。+肝脏及门静脉声像图未见异常。+脾周围未见异常回声。+
    肝脏、胰腺、肾脏未见异常，腹腔内未见肿大淋巴结。+,多发性脾淋巴瘤（限局性），合并颈部淋巴结肿大（淋巴瘤）？
[建议]    淋巴结活检。+,003,0,常见,UIS,001,*PLBL,脾脏,NULL,NULL
495,一般前列腺[新],超声,"{\rtf1\ansi\deff0{\fonttbl{\f0\fnil\fcharset134 \'cb\'ce\'cc\'e5;}}
\viewkind4\uc1\pard\lang2052\f0\fs18\'c7\'b0\'c1\'d0\'cf\'d9\'b4\'f3\'d0\'a1\'d4\'bc\'a1\'c1\'a1\'c1mm \'a3\'ac\'b0\'fc\'c4\'a4[\'b9\'e2\'bb\'ac;\'d4\'f6\'ba\'f1],\'d6\'d0\'d1\'eb\'b9\'b5[\'c7\'e5\'ce\'fa;\'b1\'e4\'c7\'b3;\'cf\'fb\'ca\'a7],\'c4\'da\'b2\'bf\'bb\'d8\'c9\'f9[\'c9\'d0\'be\'f9\'d4\'c8;\'b2\'bb\'be\'f9\'d4\'c8\'a3\'ac\'bc\'fb\'b6\'e0\'b8\'f6\'b4\'d6\'b4\'f3\'b9\'e2\'b0\'df]\'a3\'ac\'ce\'b4\'bc\'fb\'d2\'ec\'b3\'a3\'b9\'e2\'cd\'c5\'bb\'f2\'b0\'b5\'c7\'f8\'a1\'a3
\par }
 ",{\rtf1\ansi\deff0{\fonttbl{\f0\fnil\fcharset134 \'cb\'ce\'cc\'e5;}}
\viewkind4\uc1\pard\lang2052\f0\fs18\'c7\'b0\'c1\'d0\'cf\'d9[\'c9\'d4\'d4\'f6\'b4\'f3\'b2\'a2\'be\'d6\'b2\'bf\'b8\'c6\'bb\'af;\'d4\'f6\'c9\'fa\'b2\'a2\'b6\'e0\'b7\'a2\'b8\'c6\'bb\'af;\'bb\'d8\'c9\'f9\'c7\'b7\'be\'f9\'d4\'c8;\'b8\'c6\'bb\'af\'c9\'f9\'cf\'f1]\'a1\'a3
\par }
 ,001,0,常见,UIS,001,YBQLX[X],前列腺,NULL,NULL
500,中晚孕常规,超声,子宫明显增大，内见单胎[，头位;，横位;，臀位;，足位]（[L;R][O;S][A;T;P;CA;CP]）。+
BPDmm[，HMMm][，CDmm][，APDmm][，ATDmm][，AMMm]，FLmm[，HLmm][，WTg]，胎心率次/分。+
颈项透明暗带厚约mm[，肩部软组织厚约mm]。+
胎心节律整齐，胎动好。+
羊水最大径线mm[，羊水指数mm][，清晰;，内见][少许;较多][浮点状弱回声]。+
脐带显示清晰，呈三管状，长度及位置未见异常征象    [，脐动脉S/D=（31W后<3为正常）]。+
肾动脉 PSVmm/s，RI[，大脑中动脉 PSVmm/s，RI][，螺旋动脉 PSVmm/s，RI]。+
[双;左;右][上臂;前臂;大腿;小腿][可]显示[好][，比例正常]。+
[其余;腹内;双;左;右][颜面器官;脏器上臂;前臂;大腿;小腿;手指脚趾]因[胎位;局部羊水过少;孕龄小]等因素[未可][分辨;显示][不清]。+
心脏各房室大小正常，[主动脉;肺动脉]显示清晰[，][主动脉;肺动脉][显示不清]。+,宫内妊娠，单活胎，约周[左右]。+
胎位正异常。+
胎儿未见明显异常。+
羊水[正常;过多;过少;偏多;偏少]，混浊度[+;+;+;+]。+
脐动脉S/D比值增高，建议追踪复查。+
[宫腔;宫颈管;宫壁;阴道]内见节育环。+
建议[定期;治疗后;妇科;进一步;W后;经阴道][CDFI][超声][复查;检查]。+,001,0,常见,UIS,001,ZWYCG,产科,NULL,NULL
501,正常早早孕,超声,"{\rtf1\ansi\deff0{\fonttbl{\f0\fnil\fcharset134 \'cb\'ce\'cc\'e5;}}
\viewkind4\uc1\pard\lang2052\f0\fs18 [\'b0\'f2\'eb\'d7\'b3\'e4\'d3\'af\'cf\'c2;\'be\'ad\'d2\'f5\'b5\'c0]\'cc\'bd\'b2\'e9\'a3\'ba
\par \'d7\'d3\'b9\'ac[\'c7\'b0\'ce\'bb;\'ba\'f3\'ce\'bb;\'cb\'ae\'c6\'bd\'ce\'bb]\'a3\'ac\'b4\'f3\'d0\'a1\'d4\'bMMm\'a1\'c1mm\'a1\'c1mm\'a1\'a3
\par [\'b9\'ac\'c7\'bb\'c4\'da][\'ce\'aa;\'bf\'c9\'bc\'fb;\'ce\'b4\'bc\'fb][\'d4\'b2\'d0\'ce;\'cd\'d6\'d4\'b2\'d0\'ce;\'c0\'e0\'d4\'b2\'d0\'ce;\'b2\'bb\'b9\'e6\'d4\'f2][\'d0\'a1;\'c0\'e0][\'d4\'d0]\'c4\'d2[\'d0\'d4]\'b0\'b5\'c7\'f8\'a3\'ac\'b4\'f3\'d0\'a1\'d4\'bc\'a3\'bamm[\'a1\'c1\'a1\'c1mm][\'a1\'c1mm]\'a1\'a3
\par \'c4\'d2\'b1\'da[\'b2\'bb;\'c9\'d4;\'bd\'cf][\'ba\'f1]\'a3\'ac\'bb\'d8\'c9\'f9\'c7\'bf\'a3\'ac\'c4\'d2\'c4\'da[\'ce\'b4]\'bc\'fb[\'b5\'e3\'d7\'b4][\ldblquote 8\rdblquote\'d7\'d6\'d0\'ce\'cb\'ab\'c5\'dd\'d7\'b4\'d5\'f7;\'c5\'df\'d1\'bf]\'a3\'ac[\'bf\'c9;\'ce\'b4][\'bc\'fb][\'d4\'ad\'ca\'bc\'d0\'c4\'b9\'dc\'b2\'ab\'b6\'af;\'cc\'a5\'d0\'c4\'b2\'ab\'b6\'af;\'cc\'a5\'b6\'af]\'a1\'a3\'c4\'d2\'b1\'da\'b9\'ac\'c7\'bb\'b2\'e0\'b3\'ca\'cb\'ab\'cf\'df\'d1\'f9\'a1\'a3
\par \'c4\'d2\'d6\'dc[\'ce\'b4\'bc\'fb]\'b2\'ca\'c9\'ab\'d1\'aa\'c1\'f7[\'bd\'cf][\'b7\'e1\'b8\'bb;\'cf\'a1\'c9\'d9][,\'d2\'d4\'d6\'dc\'b1\'df\'c3\'f7\'cf\'d4][\'a3\'ac\'b6\'af\'c2\'f6PSVmm/s\'a3\'acPI\'a3\'acRI]\'a1\'a3
\par \'b9\'ac\'c7\'bb[\'c9\'d4;\'c3\'f7\'cf\'d4;\'ce\'de]\'b7\'d6\'c0\'eb[\'a3\'ac\'b3\'ca][\'b2\'bb\'b9\'e6\'d4\'f2;\'b0\'eb\'d4\'c2\'d0\'ce][\'cf\'df\'d7\'b4;\'b4\'f8\'d7\'b4][\'d2\'ba\'d0\'d4\'b0\'b5\'c7\'f8\'a3\'ac\'bf\'ed\'d4\'bMMm][\'a3\'ac\'b3\'a4\'d4\'bMMm]\'a1\'a3
\par \'b9\'ac[\'b5\'d7][\'d7\'f3;\'d3\'d2][\'c7\'b0;\'ba\'f3]\'b2\'e0\'c4\'da\'c4\'a4[\'c9\'d4;\'b2\'bb;\'b2\'bb\'b6\'d4\'b3\'c6\'d4\'f6][\'ba\'f1\'a3\'ac\'d4\'bMMm][\'a3\'ac\'be\'d6\'b2\'bf\'c2\'a1\'c6\'f0][\'a3\'ac\'b3\'ca\'bd\'db\'b0\'ea\'d0\'ce\'c7\'bf\'bb\'d8\'c9\'f9]\'a1\'a3
\par \'cb\'ab\'b2\'e0\'b8\'bd\'bc\'fe\'c7\'f8\'ce\'b4\'bc\'fb\'c3\'f7\'cf\'d4\'d2\'ec\'b3\'a3\'bb\'d8\'c9\'f9\'a1\'a3
\par }
 ",宫腔内膜桔瓣样增厚结合临床考虑早早孕。
[宫;宫颈]内[未;见][可疑;类][孕囊;囊性暗区][结构][，囊内未见][卵黄囊;胚芽;胚胎]。
结合临床考虑
[宫内;宫颈管]妊娠，单[活]胎，约周[左右;大小]。
未除外[假孕囊;先兆流产]可能。
宫腔内见少量液体。
建议[定期;治疗后;妇科;进一步;W后;经阴道][CDFI][超声][复查;检查]。,002,0,常见,UIS,001,ZCZZY,产科,NULL,NULL
502,正常早孕,超声,"[膀胱充盈下;经阴道][彩色多普勒超声]探查盆腔：
子宫[前;后;水平位][后屈;前屈]，约mm×mm×mm。
宫腔见[孕]囊回声，大小约mm[×mm]。
囊内见[胚芽;胚胎;胎儿][，初具人形][，胚芽长约mm][，CRL约mm]，[可;未][见][原始心管搏动;胎心搏动;胎动]。
囊周[未见]彩色血流[较][丰富;稀少][,以周边明显][，动脉PSVmm/s，PI，RI]。
胎头圆形、脑室无扩张，脊柱椎体排列有序、四肢可显示。
胸部、腹部内脏及四肢小指[趾]未能分辨。
胎盘附着于[子]宫[底][前;后][左侧;右侧]壁，厚mm。
羊水[池宽]约mm。
双侧附件区未见明显异常回声。",宫内[妊娠;内见孕囊及胚芽]，单[活]胎，约周[左右;大小]。
羊水正常。
建议[定期;治疗后;妇科;进一步;W后;经阴道][CDFI][超声][复查;检查]。,003,0,常见,UIS,001,ZCZY,产科,NULL,NULL
503,异位妊娠,超声,"经[阴道;直肠][彩色多普勒超声]探查盆腔：
子宫约mm×mm×mm[，饱满]，[前倾;后倾;水平位][后屈;前屈]，包膜光滑，宫壁回声均匀。+
宫腔线居中，内膜    [不;稍;增]厚[，约mm]，[清晰;模糊]。+
宫腔[内;偏][左;右][侧;宫角;宫下段][为;见;未见][圆形;椭圆形;梭形;不规则][小;类][孕]囊[性]暗区[，约mm][×mm×mm][×mm]。+
囊壁[不;稍;较][厚][，回声][低;强][，呈双蜕膜征][,层间见“C”形无回声区]。+
囊内[未]见[点状][“8”字形双泡状征;胚芽;胚胎][回声，][未见;及][原始心管搏动]。+
[左;右][附件区;卵巢;宫角;腹腔][旁;内]见1个[不规则;类圆形;“盆弧形”][较强回声][为主][混合性;非均质性]包块，约mm×mm×mm。+
包块边界[不]清，[不]规整[，呈不规则暗带]。+
[左;右][包块内;附件区;卵巢;腹腔][宫;宫颈;宫腔][左上;右上][角]见一[胎;类孕]囊样结构，约mm×mm×mm，壁不规则[，厚约mm][，呈强回声]，囊内[未]见[胚芽;点片状弱回声][及胎心]。+
包块[内;周围]见[蜂窝状;不规则][低回声区;液性暗区][包绕]。+
[暗区;囊内]内见[星点状;小絮状;点片状]弱回声。+
探头在卵巢与包块间推动，见包块与卵巢有分开移现象。+
局部探头[轻][压;触]痛[、反跳痛][明显]。+
[包块;囊]周[边][及内部][未见]彩色血流[较][丰富;稀少][,以周边明显][，动脉PSVmm/s，PI，RI]。+
[双侧;左;右]附件[紧附宫][后][旁，][无;稍;明显][增厚;增粗][，类团块状]，边界[不;欠]清[，左侧约mm×mm×mm][，右侧约mm×mm×mm][，呈][不规则][蜂窝状][低回声]。+
[脾肾间隙;肝肾间隙;盆腔内;宫旁;子宫直肠窝][未;均]见[少量;中量][至][中量;大量]液性暗区[，最多处为][脾肾间隙;肝肾间隙;盆腔][，深约mm]。+",[左;右][宫;宫颈;宫腔;宫角][左;右][附件区;腹腔;旁][上角][液][实]性包块（[性质待定]）。+
[少量;中量][至][中量;大量]腹水[血腹]。+
[结合临床][考虑][符合]。+
宫内早期妊娠并。+
[输卵管;卵巢;腹腔;宫颈;残角;宫角][壶腹部;峡部;伞部;间质部]妊娠[并出血]，[破裂？;流产？][，胚胎存活]。+
[结合临床][考虑][符合][陈旧性]宫外孕[并出血][，胚胎存活]。+
未除外[黄体破裂;炎性包块]。+
[宫;宫颈]内[未][见][可疑;类][孕囊;囊性暗区][结构][，结合临床考虑假孕囊可能]。+
建议[定期;治疗后;妇科;进一步;W后;经阴道][CDFI][超声][复查;检查]。+,004,0,常见,UIS,001,YWRS,产科,NULL,NULL
504,早孕先兆流产,超声,"经[阴道;直肠][彩色多普勒超声]探查盆腔：
子宫[前倾;后倾;水平位][后屈;前屈]，[大小正常;饱满;增大]，约mm×mm×mm[，子宫][下段;颈部][膨隆]。+
[子宫下段;宫颈段]宫腔[稍;明显;无]增宽，内[为;见;未见][圆形;椭圆形;狭长][小;类][孕]囊[性]暗区[，约mm×mm×mm]。+
囊壁[不;稍;较][厚][，回声强][，囊][旁;周围][近][宫口处][见][新月形;三角形][液性暗区][，长约mm][，宽约mm]。+
囊内[未]见[点状][“8”字形双泡状征;胚芽;胚胎;胎儿;低回声][，初具人形][，体长约mm]，[可;未][见][原始心管搏动;胎心搏动;胎动;胚胎肢芽非节律性运动][尚][好;消失]。+
囊周[未见]彩色血流[较][丰富;稀少][,以周边明显][，动脉PSVmm/s，PI，RI]。+
羊水池宽约mm。+
[隐见]胎盘附着于[子]宫[底][前;后][左侧;右侧]壁[，厚mm]。+",[宫腔;宫颈]内妊娠，单活胎，符合周[左右]。+
孕囊位置大小形态正常，囊外少量出血可能。+
宫内妊娠囊改变[结合临床][考虑][符合]先兆流产[可能]。+
建议[定期;治疗后;妇科;进一步;W后;经阴道][CDFI][超声][复查;检查]。+,005,0,常见,UIS,001,ZYXZLC,产科,NULL,NULL
505,早孕难免流产,超声,"经[阴道;直肠][彩色多普勒超声]探查盆腔：
子宫[前倾;后倾;水平位][后屈;前屈]，[大小正常;饱满;增大]，约mm×mm×mm[，子宫][下段;颈部][膨隆]。+
[子宫下段;宫颈段]宫腔[稍;明显;无]增宽，内[为;见;未见][不规则;三角形;塌陷;狭长;梭状][小;类][孕][囊][性][暗区;异常回声][，约mm][×mm][×mm]。+
囊壁[不;稍;较][厚][，回声减低]。+
囊[旁;周围][近][宫口处][见][半月形;三角形][液性暗区][，约mm×mm]。+
囊内[未]见[点状;絮片状][“8”字形双泡状征;胚芽;胚胎;胎儿;低回声][，结构模糊][，体长约mm]，[未见][原始心管搏动;胎心搏动;胎动][消失]。+
囊周[未见]彩色血流[较][丰富;稀少][,以周边明显][，动脉PSVmm/s，PI，RI]。+
宫内膜线[不]清[，模糊]
羊水池宽约mm。+
[隐见]胎盘附着于[子]宫[底][前;后][左侧;右侧]壁，厚mm[，结构模糊]。+
[宫腔;宫颈管]内见[不规则;梭状][液性暗区;多囊样改变;团块状回声]，约mm×mm。+
宫颈管壁回声不均[，呈蜂窝状][，CDFI见丰富静脉血流信号]。+",[宫腔;宫颈]内妊娠，单胎，符合周[左右]。+
宫内妊娠囊[稍;明显][改变;变形;所见;与孕月不符][，下移][，胚胎][消失]。+
[结合临床][考虑][符合][难免;延期;过期;孕卵][流产;萎缩;发育停止][可能]。+
死胎。+
宫颈妊娠刮宫术后。+
过期流产胎盘胎膜组织嵌顿宫颈管。+
建议[定期;治疗后;妇科;进一步;W后;经阴道][CDFI][超声][复查;检查]。+,006,0,常见,UIS,001,ZYNMLC,产科,NULL,NULL
506,孕卵枯萎,超声,"经[阴道;直肠][彩色多普勒超声]探查盆腔：
子宫[前倾;后倾;水平位][后屈;前屈]，约mm×mm×mm[，小于正常孕周]。+
[子宫下段;宫颈段]宫腔内见[圆形;椭圆形;不规则;三角形;塌陷;狭长][小;类][孕][囊][性]暗区，约mm×mm×mm[，小于正常孕周]。+
孕囊变形，囊壁     [较]簿[，模糊不清][，囊周见不规则形液性暗区，约mm×mm]。+
囊内未见胚芽组织及原始心管搏动。+
囊周[未见]彩色血流[较][丰富;稀少][,以周边明显][，动脉PSVmm/s，PI，RI]。+",[宫腔;宫颈]内妊娠，相当周大小。+
妊娠囊[变形;下移;胚胎消失;无胎心胎动;与孕月不符]。+
[结合临床][考虑][符合][孕卵;难免;延期;过期][枯萎;发育停止;流产][可能]。+
死胎。+
宫颈妊娠刮宫术后。+
过期流产胎盘胎膜组织嵌顿宫颈管。+
建议[定期;治疗后;妇科;进一步;W后;经阴道][CDFI][超声][复查;检查]。+,007,0,常见,UIS,001,YLKW,产科,NULL,NULL
507,不全流产,超声,经[阴道;直肠][彩色多普勒超声]探查盆腔：
子宫[前倾;后倾;水平位][后屈;前屈]，[大小正常;稍大;明显增大]，约mm×mm×mm[，呈球形]，包膜[不]光滑，宫壁回声[不]均匀。+
宫腔[线;内膜;见][模糊;断续状;分离性液性暗区][，宽约mm]
[宫腔;宫颈管][上段;中段;下段][呈葫芦状膨大，内]见[不规则团块状;斑块状;点片状;][较强;较低;中等]回声，约mm×mm×mm。+
宫[腔;颈][上段;中段;下段]见[圆形;椭圆形;三角形;不规则形;塌陷;狭长]胎囊，约mm×mm×mm。+
囊内[未]见[胎儿;胚芽;胚胎][，头臀径约mm][，][可见][胎心;胎动;原始心管][尚好;消失;闪动;搏动]。+
宫壁血流[正常;丰富;偏少][，呈][短杆状;星点状;树枝状][，动脉PSVmm/s，PI，RI]。+
宫颈[大小正常;稍大;增大][，阴道内见带状强回声]。+,[药物;人工;剖腹][流;引]产[术]后。+
[宫腔;宫颈管][上段;中段;下段][仍;未]见[少许;较多;不规则][片状;块状;团状][孕囊;异常组织][，内][无;见][活][胚][芽;胎]。+
组织物嵌顿宫颈管。+
结合临床考虑[不全;滞流][流产]。+
宫腔所见未除外血块。+
未除外过期流产。+
建议[定期;治疗后;妇科;进一步;W后;经阴道][CDFI][超声][复查;检查]。+,008,0,常见,UIS,001,BQLC,产科,NULL,NULL
508,产后子宫,超声,经[阴道;直肠][彩色多普勒超声]探查盆腔：
子宫[前倾;后倾;水平位][后屈;前屈]，[大小正常;稍大;明显增大]，约mm×mm×mm[，形态失常][，呈球形]，包膜光滑，宫壁回声[不]均匀，疏松，回声偏低[，加压时见子宫有明显压缩性]。+
宫腔[线状;内膜模糊;见分离性液性暗区，宽约mm][，呈不规则较厚线状较强回声]。+
子宫前壁增厚，近内膜腔侧见1不均质等回声区，约mm×mm×mm，宫壁血流未见进入该区。+
CDFI显示宫壁血流[正常;丰富;偏少][，呈][短杆状;星点状;树枝状]，PSVmm/s，PI，RI。+
宫颈管内见不规则形团块状较强回声，约mm×mm×mm。+
宫颈[大小正常;稍大;增大][，阴道内见带状强回声]。+
[宫腔;宫颈管;宫壁;阴道]内见节育环强回声。+,[药物;人工;剖腹][流;引]产[术]后。+
产后子宫[仍大]。+
宫腔见少许异常组织。+
考虑产后[并]宫缩[不;欠][全;良;佳]。+
[产后]子宫[未见明显异常;宫腔所见][结合临床考虑宫腔][积脓;积血;感染]。+
未除外胎盘组织残留。+
未除外胎盘植入。+
建议[定期;治疗后;妇科;进一步;W后;经阴道][CDFI][超声][复查;检查]。+,009,0,常见,UIS,001,CHZG,产科,NULL,NULL
509,肌瘤合并妊娠,超声,[膀胱无尿下;经][阴道;直肠][彩色多普勒超声]探查盆腔：
子宫[饱满;增大][，约mm][×mm][×mm]，[前倾;后倾;水平位][后屈;前屈][，形态失常]。+
子宫[底;体;下段;颈][前;后][左侧;右侧][壁;腔内][浆膜][线外;下][见;呈][个][多个][圆形;类圆形;不规则形][液;囊][实][性][结节样;块状][不][均质][较强;较低;中等;混合性]回声肿块，[部分][相互融合，][总大]约mm×mm×mm[至mm×mm×mm]。+
肿块边界[不;]清，内部回声[尚;]均匀，呈[较低;中等]回声。+
肿块周边见环周斑点状彩流，肿块内见血管稀少，呈星点状[，动脉PSVmm/s，PI ，RI]。+
宫腔见变形孕囊，约mm×mm×mm。+
囊内见[胚芽;胚胎;胎儿][，初具人形][，胚芽长约mm][，CRL约mm][，][可;未][见][原始心管搏动;胎心搏动;胎动][尚][好;消失]。+
胎头圆形、脑室无扩张，脊柱椎体排列有序、四肢可显示。+
胸部、腹部内脏及四肢小指[趾]未能分辨。+
胎盘附着于[子]宫[底][前;后][左侧;右侧]壁[，厚mm]。+
羊水[池宽]约mm。+,子宫实性[多发性]占位性病变。+
符合[肌壁间;浆膜下]肌瘤。+
宫内妊娠，单胎，符合周[大小]。+
建议[定期;治疗后;妇科;进一步;W后;经阴道][CDFI][超声][复查;检查]。+,010,0,常见,UIS,001,JLHBRS,产科,NULL,NULL
510,正常中晚孕,超声,胎头椭圆形[，脑中线居中]，脑室[无;稍]增宽[，宽约mm]。+
颜面显示清[，口唇未见缺损]。+
胸部外形正常[，胸腔内未见液性暗区][，心胸比例正常]。+
心脏各房室大小正常，[主动脉;肺动脉]显示清晰[，][主动脉;肺动脉][显示不清]。+
腹部外形正常[，腹腔未见液性暗区][，胃泡及膀胱暗区显示清晰][，双肾脏对称]。+
脊柱椎骨排列整齐有序。+
[双;左;右][上臂;前臂;大腿;小腿][可]显示[好][，比例正常]。+
[其余;腹内;双;左;右][颜面器官;脏器上臂;前臂;大腿;小腿;手指脚趾]因[胎位;局部羊水过少;孕龄小]等因素[未可][分辨;显示][不清]。+
胎心节律[整齐;较慢;较快;不整;较弱强弱不一;快慢不一]，胎动[好;强;弱;强弱不一]。+,宫内妊娠，单活胎，符合周[左右]。+
[先兆;难免]流产[可能]。+
胎儿未见[明显]异常。+
胎儿心律异常（[不规则;心动过速;心动过缓]）。+
建议[定期;治疗后;妇科;进一步;W后;经阴道][CDFI][超声][复查;检查]。+,011,0,常见,UIS,001,ZCZWY,产科,NULL,NULL
511,中晚孕难免流产,超声,子宫明显增大[，与妊娠月份][相符;比稍小]，宫颈内口[完全;部分][打开]。+
胎头椭圆形[，脑中线居中]，脑室[无;稍]增宽[，宽约mm]。+
颜面显示清[，口唇未见缺损]。+
胸部外形正常[，胸腔内未见液性暗区][，心胸比例正常]。+
心脏各房室大小正常，[主动脉;肺动脉]显示清晰[，][主动脉;肺动脉][显示不清]。+
腹部外形正常[，腹腔未见液性暗区][，胃泡及膀胱暗区显示清晰][，双肾脏对称]。+
脊柱椎骨排列整齐有序。+
[双;左;右][上臂;前臂;大腿;小腿][可]显示[好][，比例正常]。+
[其余;腹内;双;左;右][颜面器官;脏器上臂;前臂;大腿;小腿;手指脚趾]因[胎位;局部羊水过少;孕龄小]等因素[未可][分辨;显示][不清]。+
胎心节律[整齐;较慢;较快;不整;较弱强弱不一;快慢不一]，胎动[好;强;弱;强弱不一]。+,宫内妊娠，单活胎，符合周[大小]。+
胎儿心律及胎动均不规则变慢。+
宫颈口打开。+
考虑难免流产。+
胎儿宫内窘迫。+
建议[定期;治疗后;妇科;进一步;W后;经阴道][CDFI][超声][复查;检查]。+,012,0,常见,UIS,001,ZWYNMLC,产科,NULL,NULL
512,死胎,超声,各生长参数明显小于孕龄。+
胎心胎动消失。+
胎儿形态失常，[胎儿;胎体]结构[不;尚]清。+
胎头[稍;明显;无]变形，头皮[稍;明显;无]增厚[，呈双层状][，颅骨重叠][，塌陷]，颅内结构[尚;欠;模糊不]清。+
胎体皮下组织[稍;明显;无]增厚[，呈双线样改变]。+
脊柱[稍;明显;无]变形[，弯折成角]。+
胸廓[稍;明显;无]变形[，][塌陷;形状不规则]。+
胸腹腔内各脏器结构[尚;欠;模糊不]清[，可见][少;中;大][量][胸水;腹水]。+
胎儿轮廓不规则，肢体变形、残缺，呈一堆塌陷挤拢的肢体和相互交错的骨骼回声。+
胎盘附着于[子]宫[底;下段][前;后][左侧;右侧]壁，厚mm[，胎盘结构不清]。+
胎盘绒毛膜面[清晰]呈[线;细波线;波浪]状[，平坦;光滑][，切迹达][胎盘实质;基底层][，形成大小不一的胎盘小叶]。+
胎盘实质回声[不;欠;尚]均匀，[呈致密均匀点状中等回声;可见少许散在点状强回声;增粗增强，可见较大点团状强回声，偶见少许环形液性暗区;增粗增强，可见较多团状强回声，部分呈强回声环，中央呈类圆形液性暗区]。+
胎盘基底膜[未]见[点状;点线状;强串珠状]强回声[，伴声影]。+
CDFI显示脐动脉血流信号消失。+,宫内妊娠，单胎，相当周[大小]。+
胎儿变形，胎心胎动消失，符合[死胎;延期流产]。+
建议[定期;治疗后;妇科;进一步;W后;经阴道][CDFI][超声][复查;检查]。+,013,0,常见,UIS,001,ST,产科,NULL,NULL
513,中晚孕过期流产,超声,胎儿轮廓不规则，肢体变形、残缺，呈一堆塌陷挤拢的肢体和相互交错的骨骼回声。+
胎心胎动消失。+
胎盘[增大，]附着于[子]宫[底][前;后][左侧;右侧]壁，厚mm[，胎盘结构不清]。+
CDFI显示脐动脉血流信号消失。+,死胎。+
宫内妊娠，约周[大小]。+
符合[过期;延期]流产。+
建议[定期;治疗后;妇科;进一步;W后;经阴道][CDFI][超声][复查;检查]。+,014,0,常见,UIS,001,ZWYGQLC,产科,NULL,NULL
514,宫颈功能不全,超声,子宫内口扩大，约mm[，可见胎囊膨入宫颈管内]。+,子宫颈功能不全（[早期妊娠<15mm为正常;中期妊娠<20mm为正常]）。+,015,0,常见,UIS,001,GGGNBQ,产科,NULL,NULL
515,IUGR,超声,第周BPDmm[，第周BPDmm][，第周BPDmm][，HMMm][，AMMm][，CDmm]，FLmm[，WTkg]。+
HC/AC=，FL/AC=（<24为正常），BPD/CD=（>0.9为正常）。+
胎心节律[整齐;较慢;较快;不整;较弱;强弱不一;快慢不一]，胎动[好;强;弱;强弱不一]。+
胎儿头颅、躯干四肢的生长按比例减少。+
胎儿各部分生长按不成比例，头及体长轻度减少，躯干软组织尤其肝脏和腹部脂肪明显减少。+,宫内妊娠，单活胎，约周大小。+
胎儿心律及胎动不规则[变慢]。+
胎儿各生长参数与孕龄对比说明符合非匀称性胎儿宫内生长迟缓（IUGR）。+
建议[定期;治疗后;妇科;进一步;W后;经阴道][CDFI][超声][复查;检查]。+,016,0,常见,UIS,001,IUGR,产科,NULL,NULL
516,巨大胎儿,超声,HC/AC=，FL/AC=（22为正常）。+
BPD、HC、AC、FL、WT均超过孕龄正常值上限，HC/AC比值正常。+
BPD、HC不超过孕龄正常值上限，AC、WT均超过孕龄正常值上限，HC/AC及FL/AC比值低于孕周正常值下限。+
胎心节律[整齐;较慢;较快;不整;较弱;强弱不一;快慢不一]，胎动[好;强;弱;强弱不一]。+,宫内妊娠，单活胎[，约周大小]。+
胎儿心律[及胎动]不规则[变慢]。+
胎儿各生长参数与孕周对比说明符合非匀称性巨大胎儿。+
建议[定期;治疗后;妇科;进一步;W后;经阴道][CDFI][超声][复查;检查]。+,017,0,常见,UIS,001,JDTE,产科,NULL,NULL
517,小头畸形,超声,BPD/CD=（1.1为正常）。+
胎心节律[整齐;较慢;较快;不整;较弱;强弱不一;快慢不一]，胎动[好;强;弱;强弱不一]。+
胎儿头部完整，头颅比躯干四肢的生长比例小。+,宫内妊娠，单活胎，约周大小。+
胎儿头颅生长参数小于孕龄，考虑小头畸形。+
胎儿心律[及胎动]不规则[变慢]。+
胎儿脑发育不良。+
建议[定期;治疗后;妇科;进一步;W后;经阴道][CDFI][超声][复查;检查]。+,018,0,常见,UIS,001,XTJX,产科,NULL,NULL
518,无脑儿,超声,胎心、胎动消失。+
胎头环状结构消失，从头部至颈部呈一弧形状回声[，可见胎儿面部及一对眼眶][，呈狮面状]。+
胸部外形正常[，胸腔内未见液性暗区][，心胸比例正常]。+
腹部外形正常[，腹腔未见液性暗区][，胃泡及膀胱暗区显示清晰][，双肾脏对称]。+
脊柱椎骨排列整齐有序。+,宫内妊娠，[死胎;单活胎]，约周[左右]。+
胎儿畸形，无脑儿。+
建议[定期;治疗后;妇科;进一步;W后;经阴道][CDFI][超声][复查;检查]。+,019,0,常见,UIS,001,WNE,产科,NULL,NULL
519,脑积水,超声,胎心、胎动消失。+
胎头增大，脑室[稍;明显]扩张[，侧脑室宽约mm][，与颅半径之比为（正常>0.35）]。+
[后颅窝;第四脑室;第三脑室;侧脑室][局限性;类囊状]扩张积液，约mm×mm×mm。+
脑实质[稍变簿;明显菲薄;极薄;消失][，宽约mm]。+
脑中线[变细;中断;弯曲;偏移左侧;偏移右侧]，随颅内动脉搏动而漂动。+
脑室内脉络丛见沿重力方向移动。+
胸部外形正常[，胸腔内未见液性暗区][，心胸比例正常]。+
腹部外形正常[，腹腔未见液性暗区][，胃泡及膀胱暗区显示清晰][，双肾脏对称]。+
脊柱椎骨排列整齐有序。+,宫内妊娠，[死胎;单活胎]，约周[左右]。+
胎儿畸形，脑积水。+
建议[定期;治疗后;妇科;进一步;W后;经阴道][CDFI][超声][复查;检查]。+,020,0,常见,UIS,001,NJS,产科,NULL,NULL
520,脑膜膨出,超声,胎心胎动消失。+
胎头颅底枕部下中线上见颅骨中断缺损，宽约mm，局部膨出一囊性包块，约mm×mm×mm。+
囊壁完整均匀光滑。+
[囊内透声尚好;囊内见不规则团块样中等回声]。+
脑室[无;稍;明显]扩张[，侧脑室宽约mm]。+
脑实质[稍变簿;明显菲薄;极薄;消失][，宽约mm]。+
脑中线[变细;中断;弯曲;偏移左侧;偏移右侧]，随颅内动脉搏动而漂动。+
胸部外形正常[，胸腔内未见液性暗区][，心胸比例正常]。+
腹部外形正常[，腹腔未见液性暗区][，胃泡及膀胱暗区显示清晰][，双肾脏对称]。+
脊柱椎骨排列整齐有序。+,宫内妊娠，[死胎;单活胎]，约周[左右]。+
胎儿畸形，脑膜膨出。+
建议[定期;治疗后;妇科;进一步;W后;经阴道][CDFI][超声][复查;检查]。+,021,0,常见,UIS,001,NMPC,产科,NULL,NULL
521,唇裂,超声,胎头椭圆形[，脑中线居中]，脑室[无;稍]增宽[，宽约mm]。+
胎儿头面部冠状切面见鼻孔[不]对称，上唇[左;右;双]侧鼻孔线上[各]见一裂隙，宽约mm[及mm]。+
腭部亦见一裂隙，宽约mm。+
胸部外形正常[，胸腔内未见液性暗区][，心胸比例正常]。+
腹部外形正常[，腹腔未见液性暗区][，胃泡及膀胱暗区显示清晰][，双肾脏对称]。+
脊柱椎骨排列整齐有序。+,宫内单活胎，胎盘   ，羊水量正常偏多，胎儿发育相当于孕  周]。+
胎儿畸形，唇[腭]裂[可能]。+
建议[定期;治疗后;妇科;进一步;W后;经阴道][CDFI][超声][复查;检查]。+,022,0,常见,UIS,001,CL,产科,NULL,NULL
522,心脏畸形,超声,胎心胎动消失。+
胎心节律[整齐;较慢;较快;不整;较弱;强弱不一;快慢不一]，胎动[好;强;弱;强弱不一]。+
胎头椭圆形[，脑中线居中]，脑室[无;稍]增宽[，宽约mm]。+
胎儿心胸比例[稍;明显]失常，心脏占[整个胸腔;胸腔大部分][，胸腔内未见液性暗区]。+
[左房;左室;右房;右室;各房室腔][稍;明显][不;扩;增]大[，以][左房;左室;右房;右室][明显]。+
[左;右]室[前;后][壁][稍;明显][不;增]厚，房间隔连续性好，IVS与LVPW[逆向;同向;AB型]运动，搏幅[正常;稍;明显][增强;减弱]。+
室间隔[肺动脉瓣下;膜部;隔瓣后;肌部][处;与主动脉前壁连续][可见;似见]中断[，约mm][，局部呈囊状凸向右室，囊壁上见][多][处缺口]。+
房间隔[中部;上部;中上部][及;近][十字交叉][处][可见中断;消失][，断口约mm][，心底侧残端长约mm][，心室侧残端长约mm][，心房呈单房状]。+
主动脉[无]增宽[，骑垮在室间隔上]，管壁光滑，搏幅[稍;明显][尚可;减低;增强]，主动脉瓣开放尚可，关闭[不拢;尚可]，[左;无;右][冠瓣][瓣体突入][左;右][室流出道][关闭线偏心]。+
肺动脉[无;轻度;明显]增宽[，宽约mm]，降主动脉与肺动脉之间见一通道相通[，宽约mm][，长约mm]。+
肺动脉[干部;瓣膜][肌性;见隔膜组织][增厚;狭窄;闭锁][，][管腔;孔宽][约mm][，呈][不规则状;二瓣状][，开放][稍;明显]
腹部外形正常[，腹腔未见液性暗区][，胃泡及膀胱暗区显示清晰][，双肾脏对称]。+
脊柱椎骨排列整齐有序。+,宫内妊娠，[死胎;单活胎]，约周[左右]。+
胎儿畸形，[房间隔缺损;室间隔缺损;动脉肺动脉狭窄;单心房;法乐氏四联症]。+
胎儿心律[及胎动]不规则[变慢]。+
建议[定期;治疗后;妇科;进一步;W后;经阴道][CDFI][超声][复查;检查]。+,023,0,常见,UIS,001,XZJX,产科,NULL,NULL
523,脊椎裂,超声,胎心胎动消失。+
胎头椭圆形[，脑中线居中]，脑室[无;稍]增宽[，宽约mm]。+
脊柱[颈;胸;腹;骶尾;全]段排列失常，纵断两条强回声带间距增宽，前排串珠状结构中断;横断局部椎管后方见缺口，呈“V”形改变。+
局部向外膨出囊状包块，约mm×mm×mm，囊壁完整均匀光滑，囊内[透声尚好;见不规则团块样中等回声]。+
胸部外形正常[，胸腔内未见液性暗区][，心胸比例正常]。+
腹部外形正常[，腹腔未见液性暗区][，胃泡及膀胱暗区显示清晰][，双肾脏对称]。+,宫内妊娠，[死胎;单活胎]，约周[左右]。+
胎儿畸形，[颈;胸;腹]脊椎裂[，脊膜膨出]。+
建议进一步检查。+,024,0,常见,UIS,001,JZL,产科,NULL,NULL
524,水囊状淋巴管瘤,超声,胎心胎动消失。+
胎儿头颈部及躯体大部被一多房性囊性包块包围，外壁清晰，较厚，约mm，其内见一较大中膈与颈部相连，其余网膈较簿。+
囊内暗区透声尚好。+
胎儿头部完整，双侧脑室[无;稍]增宽[，约mm]。+
颈项部及四肢皮下[稍;明显]组织增厚，约mm[至mm]。+
胸腔内见液性暗区，约mm。+
脊柱完整，胎儿躯体及四肢活动极少。+
腹内脏器分辨不清。+,宫内妊娠，[死胎;单活胎]，约周[左右]。+
胎儿畸形，胎儿水囊状淋巴管瘤。+
胎儿肢体水肿。+
胸水。+
胎儿心律及胎动不规则[变慢]。+
建议[定期;治疗后;妇科;进一步;W后;经阴道][CDFI][超声][复查;检查]。+,025,0,常见,UIS,001,SNZLBGL,产科,NULL,NULL
525,脐膨出,超声,胎头椭圆形[，脑中线居中]，脑室[无;稍]增宽[，宽约mm]。+
胸部外形正常[，胸腔内未见液性暗区][，心胸比例正常]。+
腹部外形失常，脐部见囊性结构膨出，约mm×mm×mm，与脐静脉[相通;相连]。+
腹腔未见液性暗区[，胃泡及膀胱暗区显示清晰][，双肾脏对称]。+
脊柱椎骨排列整齐有序。+,宫内妊娠，单活胎，符合周[左右]。+
胎儿畸形，脐膨出。+
建议[定期;治疗后;妇科;进一步;W后;经阴道][CDFI][超声][复查;检查]。+,026,0,常见,UIS,001,QPC,产科,NULL,NULL
526,内脏外翻,超声,胎头椭圆形[，脑中线居中]，脑室[无;稍]增宽[，宽约mm]。+
胸部外形[正;失]常[，胸腔内未见液性暗区][，胸腹内正常脏器消失]。+
胎儿心脏部分完全膨出于胸外羊水中，见胎心搏动。+
腹部外形失常[，腹腔未见液性暗区][，腹内正常脏器消失]。+
胎儿肝脏、胃、肠管部分完全膨出于腹外羊水中。+
脊柱椎骨排列整齐有序。+,宫内妊娠，单活胎，符合周[左右]。+
胎儿畸形，内脏外翻。+
建议[定期;治疗后;妇科;进一步;W后;经阴道][CDFI][超声][复查;检查]。+,027,0,常见,UIS,001,NZWF,产科,NULL,NULL
527,泌尿系畸形,超声,胎头椭圆形[，脑中线居中]，脑室[无;稍]增宽[，宽约mm]。+
颜面显示清，口唇未见异常。+
胸部外形正常[，胸腔内未见液性暗区][，心胸比例正常]。+
腹部外形正常[，腹腔未见液性暗区][，胃泡][及膀胱][暗区显示清晰]。+
膀胱暗区未显示[，给孕妇注射速尿15分钟后仍未见胎儿膀胱充盈]。+
[双侧;左;右]肾(窝未见肾形图像;肾脏增大][，形态失常]。+
肾内见大小不一、互不连通的多囊性暗区，约mm×mm至mm×mm。+
肾实质与中央复区分界不清，实质回声增强。+
肾窦见分离性液性暗区，宽约mm。+
盆腔内见巨大膀胱无回声区，[几乎]占据整个盆腔。+
睾丸鞘膜腔见分离性液性暗区，宽mm。+
[左;右]侧阴囊内未见睾丸回声。+
脊柱椎骨排列整齐有序。+,宫内妊娠，单活胎，符合周[左右]。+
胎儿泌尿系畸形。+
双肾未显示，膀胱未见充盈，考虑双肾发育不良或缺如。+
[双侧;左;右]肾[多发性][缺如;积水;囊肿]。+
考虑[多囊肾;多发性囊肿]。+
[双侧;左;右]输尿管狭窄可能。+
[双侧;左;右]肾[缺如;发育不良]。+
巨大膀胱。+
膀胱极度扩张并双肾积水，符合后尿道梗阻性畸形。+
睾丸鞘膜积液。+
[左;右]侧隐睾。+
建议[定期;治疗后;妇科;进一步;W后;经阴道][CDFI][超声][复查;检查]。+,028,0,常见,UIS,001,MNXJX,产科,NULL,NULL
528,消化道畸形,超声,胎头椭圆形[，脑中线居中]，脑室[无;稍]增宽[，宽约mm]。+
颜面显示清，口唇未见异常。+
胸部外形正常[，胸腔内未见液性暗区][，心胸比例正常]。+
腹部外形正常[，腹腔未见液性暗区]。+
胎儿肝脏增大，内见多个囊性的无回声区，[最大]约mm×mm×mm[至mm×mm×mm]。+
胎儿腹内未见胃泡无回声区，结肠腔内未见液体流动。+
胎儿胃泡扩张成"单泡状"，约mm×mm×mm。+
胎儿胃、十二指肠扩张，呈"双泡征"，约mm×mm×mm及mm×mm×mm。+
胎儿腹部可见许多扩张充液的肠环，蠕动[缓慢;加强]。+
胎儿腹部可见蜂窝状大小不等液惦暗区。+
胎儿下腹见“双叶征”囊状结构，中央隔膜不完全，直肠扩张，壁增厚。+
胎儿腹内脏器关系不清，出现零毛点状和斑片状强回声，间有声影。+
双肾脏对称。+
脊柱椎骨排列整齐有序。+,宫内妊娠，单活胎，符合周[左右]。+
胎儿消化道畸形。+
肝多发性囊肿。+
先天性胆道囊状扩张。+
[食道;十二指肠;空肠;肛门]闭锁?
先天性巨肠[未除外]。+
胎儿肠管扩张。+
胎粪性腹膜炎。+
建议[定期;治疗后;妇科;进一步;W后;经阴道][CDFI][超声][复查;检查]。+,029,0,常见,UIS,001,XHDJX,产科,NULL,NULL
529,胎儿水肿,超声,胎心、胎动消失。+
胎儿头皮与颅骨分离，宽mm，胎体皮下组织增厚[，呈双线样改变]。+
脑中线居中，脑室[未见;稍]增宽。+
[胸;腹]部膨隆，[胸;腹]腔见[大;中;少]量液性暗区[，浑浊;有团状强回声]。+
[胃泡;膀胱暗区;肾脏][未]显示[不][清晰]。+
脊柱椎骨排列整齐有序。+,宫内妊娠，[死胎;单活胎]，约周[左右]。+
[考虑]胎儿畸形。+
胎儿水肿[综合征]。+
胎儿[胸;腹]水。+
胎粪性腹膜炎。+
建议[定期;治疗后;妇科;进一步;W后;经阴道][CDFI][超声][复查;检查]。+,030,0,常见,UIS,001,TESZ,产科,NULL,NULL
530,胎粪性腹膜炎,超声,胎心胎动消失。+
胎儿头皮与颅骨分离[，宽mm]，胎体皮下组织增厚[，呈双线样改变]。+
脑中线居中，脑室[未见;稍]增宽。+
胸部外形、心胸比例正常[，胸腔内未见液性暗区]。+
腹部膨隆，腹腔见[大;中;少]量液性暗区，浑浊[，有团状强回声]。+
[胃泡;膀胱暗区;肾脏][未]显示[不][清晰]。+
脊柱椎骨排列整齐有序。+,宫内妊娠，[死胎;单活胎]，符合周[左右]。+
胎粪性腹膜炎。+
胎儿水肿。+
胎儿[胸;腹]水。+
建议[定期;治疗后;妇科;进一步;W后;经阴道][CDFI][超声][复查;检查]。+,031,0,常见,UIS,001,TFXFMY,产科,NULL,NULL
531,软骨发育不全,超声,胎心胎动消失。+
胎头较大而圆，脑室稍宽，宽约mm。+
胸腔狭窄，胸围约mm，肋骨短小，肋缘外翻，呈钟形胸，呼吸运动很小。+
腹围增大，约mm，可见少量腹水。+
脊柱变短平直，腰椎前凸，臀部翘起。+
四肢短而弯曲[，手指辐射形伸展][，中指和无名指“V”形分开]。+,宫内妊娠，[死胎;单活胎]，符合周[左右]。+
胎儿体形改变考虑软骨发育不全可能。+
轻度脑积水。+
羊水过多。+
建议[定期;治疗后;妇科;进一步;W后;经阴道][CDFI][超声][复查;检查]。+,032,0,常见,UIS,001,RGFYBQ,产科,NULL,NULL
532,成骨发育不全,超声,胎心胎动消失。+
胎颅骨较薄，可见塌陷，脑室稍宽[，宽约mm]。+
胸腔变形，胸围约mm。+
脊柱及腹内脏器未见明显异常。+
四肢长骨短而宽，左股骨成角样改变。+,宫内妊娠，[死胎;单活胎]，符合周[左右]。+
胎儿颅骨及长骨改变考虑成骨发育不全可能。+
[轻;中]度脑积水。+
建议[定期;治疗后;妇科;进一步;W后;经阴道][CDFI][超声][复查;检查]。+,033,0,常见,UIS,001,CGFYBQ,产科,NULL,NULL
533,四肢畸形,超声,[左;右;双]上肢[上臂;前臂]下肢[大腿;小腿]可显示。+
[左;右]上肢[上臂;前臂]下肢[大腿;小腿]未显示。+
[左;右]足内外翻。+
[左;右]手脚多一个小指趾。+
[左;右]手脚[1;2;3;4;5]并指趾。+,胎儿畸形。+
[左;右;双]上肢[上臂;前臂]下肢[大腿;小腿]缺失。+
[左;右;双]足内外翻。+
[左;右;双]手脚多并指趾。+,034,0,常见,UIS,001,SZJX,产科,NULL,NULL
534,肿瘤,超声,[胸腔;腹腔;盆腔;骶尾部]见个[类圆形;不规则形;长条形][囊][实]性肿块，约mm×mm×mm[至mm×mm×mm]。+
肿块境界清，[包膜完整;欠规整][，清晰)，
囊壁[规整][薄;呈均匀厚壁型，厚约mm]，光滑，
囊内暗区[透声好;见浮点状弱回声]，后方回声增强。+
[左;右][前;后]壁见乳头状较强回声向囊内突起，约mm×mm×mm。+
肿块内呈多房状，房腔大小不一，房隔膜薄，约mm，规整，房腔内液性暗区见散在细小点状弱回声。+
肿块实质呈不均匀中等回声[，内见散在斑点状强回声]。+
肿块前部呈不规则团块状强回声。+
后方回声[明显][增强;衰减]。+
肿块占据整个腹盆腔，胃泡膀胱受压移位。+
肿块周边及内部未见明显彩流信号。+
肿块周边及内部血管稀少，呈星点彩流。+
肿块周边见较丰富彩流，动脉PSVmm/s，PI，RI，内部见少许星点状彩流信号，动脉PSVmm/s，PI，RI。+
肿块壁上见较少许线状彩流，动脉PSVmm/s，PI，RI，乳头内未见彩流信号。+,[胸腔;腹腔;盆腔;骶尾部][多发性;多房性][囊;实]性占位性病变。+
考虑[肺囊肿;畸胎瘤;卵巢][肿瘤;囊肿]。+
未除外[畸胎瘤;卵巢][肿瘤;囊肿]。+,035,0,常见,UIS,001,ZL,产科,NULL,NULL
535,脐带缠绕,超声,羊膜腔内[见较多;较少见]脐带回声。+
纵切胎儿[颈;肩;上肢;下肢][前;后]体表见[轻;明显][U;W]形压迹，其上见[两组]三管状脐带回声。+旋转探头见脐带绕[颈;肩;上肢;下肢]呈[半]环状。+
脐动脉S/D=（31W后<3为正常）。+,脐带绕[颈;颈肩;上肢;下肢]周[可能]。+
未除外脐带过[长;短]。+
胎儿宫内窘迫。+,036,0,常见,UIS,001,QDCR,产科,NULL,NULL
536,脐动脉缺少,超声,脐带呈双管状，CDFI显示一条为动脉、一条为静脉。+
脐动脉S/D=（31W后<3为正常）。+,脐动脉缺少畸形。+,037,0,常见,UIS,001,QDMQS,产科,NULL,NULL
537,脐带异常,超声,脐带显示清晰，呈三管状，长度及位置未见异常征象。+
脐带增粗，半透明状。+
脐带中部见一局限性增大区，内可见一团状较强回声，约mm×mm×mm。+
脐带内仅见一红一兰两条脐血管，PW显示一条为动脉，另一条为静脉。+
胎儿颈背部纵切“U”形压迹，局部表面见三管状脐带回声，CDFI见为红兰两色脐血管彩流。+
胎儿颈背部横切脐带半环状绕颈一周，CDFI见为胎儿颈套彩环状。+
脐动脉血流S/D=（31W后<3为正常）。+
脐带显示不清。+,脐带血流异常，
脐动脉S/D增高，
脐带水肿。+
脐带血肿可能。+
脐动脉缺少畸形。+
脐带绕颈周。+
胎儿宫内窘迫。+,038,0,常见,UIS,001,QDYC,产科,NULL,NULL
538,正常胎盘,超声,胎盘附着于[子]宫[底;下段][前;后][左侧;右侧]壁，厚mm。+
胎盘绒毛膜面[清晰]呈[线;细波线;波浪]状[，平坦;光滑][，切迹达][胎盘实质;基底层][，形成大小不一的胎盘小叶]。+
胎盘实质回声[不;欠;尚]均匀，[呈致密均匀点状中等回声;可见少许散在点状强回声;增粗增强，可见较大点团状强回声，偶见少许环形液性暗区;增粗增强，可见较多团状强回声，部分呈强回声环，中央呈类圆形液性暗区]。+
胎盘基底膜[未]见[点状;点线状;强串珠状]强回声[，伴声影]。+,胎盘成熟度[0;Ⅰ;Ⅱ;Ⅲ]级[＋;－]。+,039,0,常见,UIS,001,ZCTP,产科,NULL,NULL
539,巨大胎盘,超声,胎盘附于[子]宫[底][前;后;左;右]侧壁，面积[轻度;明显]增大，[轻度;明显]增厚，约mm（<50mm为正常）[，结构不清]。+
胎盘绒毛膜面[清晰]呈[线;细波线;波浪]状[，平坦;光滑][，切迹达][胎盘实质;基底层][，形成大小不一的胎盘小叶]。+
胎盘实质回声[不;欠;尚]均匀，[呈致密均匀点状中等回声;可见少许散在点状强回声;增粗增强，可见较大点团状强回声，偶见少许环形液性暗区;增粗增强，可见较多团状强回声，部分呈强回声环，中央呈类圆形液性暗区]。+
胎盘基底膜[未]见[点状;点线状;强串珠状]强回声[，伴声影]。+
羊膜腔空间过小，胎儿活动受限。+
胎儿各生长参数偏小。+,巨大胎盘。+
胎盘增厚。+
胎盘成熟度[0;Ⅰ;Ⅱ;Ⅲ]级[＋;－]。+,040,0,常见,UIS,001,JDTP,产科,NULL,NULL
540,胎盘过小,超声,胎儿各生长参数偏小。+
胎盘附着于[子]宫[底;下段][前;后][左侧;右侧]壁，面积很小，在一个断面可见全貌，厚mm。+
胎盘绒毛膜面[清晰]呈[线;细波线;波浪]状[，平坦;光滑][，切迹达][胎盘实质;基底层][，形成大小不一的胎盘小叶]。+
胎盘实质回声[不;欠;尚]均匀，[呈致密均匀点状中等回声;可见少许散在点状强回声;增粗增强，可见较大点团状强回声，偶见少许环形液性暗区;增粗增强，可见较多团状强回声，部分呈强回声环，中央呈类圆形液性暗区]。+
胎盘基底膜[未]见[点状;点线状;强串珠状]强回声[，伴声影]。+,胎盘过小。+
胎盘成熟度[0;Ⅰ;Ⅱ;Ⅲ]级[＋;－]。+,041,0,常见,UIS,001,TPGX,产科,NULL,NULL
541,胎盘早剥,超声,胎盘附着于[子]宫[底;下段][前;后][左侧;右侧]壁[，厚mm]。+
胎盘[左侧;右侧;上侧;下侧][边缘;中央][广泛性;局部][轻度;明显][增厚][并向羊膜腔内隆起]，厚mm。+
局部胎盘边缘羊膜与宫壁分离，其间为带点弱回声的液性暗区，厚约mm，范围约mm×mm，羊膜在羊水中有飘动感。+
局部胎盘基底膜与宫壁间见[不规则状;弯月形;带状][弱;无]回声区，约mm×mm×mm[，暗区内见浮点状弱回声]。+
[其余]胎盘基底膜[未]见[点状;串珠状;带状]强回声。+
胎盘实质回声[不]均匀，[见;呈][多处;散在]不规则[点状;团块状;斑块状][较][强;低]回声，约mm×mm[至mm×mm][，间有蜂窝状不规则低回声区]。+
[其余]胎盘实质呈[致密均匀;散在;不均][较粗][点状;团状;点团状][低;强]回声[环][，并见][少许;较多][柱状;环状][强回声][，][偶;多处可][见中央类圆形液性暗区]。+
胎盘绒毛膜面[平坦光滑;波浪状][，切迹达][胎盘实质;基底膜]。+
羊水内见[闪亮浮点状弱回声][及][棉絮状较强回声]。+,胎盘[实质;基底部]异常回声考虑胎盘早剥[可能]。+
胎盘成熟度[0;Ⅰ;Ⅱ;Ⅲ]级[＋;－]。+
建议[经阴道][CDFI]超声检查。+,042,0,常见,UIS,001,TPZB,产科,NULL,NULL
542,前置胎盘,超声,胎盘附着于[子]宫下段[前;后][左侧;右侧]壁，厚mm。+
胎盘下缘[达;距][宫颈内口][边缘;约mm]。+
胎盘[中央;大部分;小部分]覆盖在宫颈内口上。+
胎盘绒毛膜面[清晰]呈[线;细波线;波浪]状[，平坦;光滑][，切迹达][胎盘实质;基底层][，形成大小不一的胎盘小叶]。+
胎盘实质回声[不;欠;尚]均匀，[呈致密均匀点状中等回声;可见少许散在点状强回声;增粗增强，可见较大点团状强回声，偶见少许环形液性暗区;增粗增强，可见较多团状强回声，部分呈强回声环，中央呈类圆形液性暗区]。+
胎盘基底膜[未]见[点状;点线状;强串珠状]强回声[，伴声影]。+,前置胎盘
[中央;前侧壁;后侧壁;左侧壁;右侧壁]型。+
低置胎盘。+
胎盘成熟度[0;Ⅰ;Ⅱ;Ⅲ]级[＋;－]。+,043,0,常见,UIS,001,QZTP,产科,NULL,NULL
543,副胎盘,超声,在正常胎盘[左侧;右侧]面，见一小胎盘，范围约mm×mm，厚约mm。+
胎盘实质回声尚均匀、呈散在较粗点状强回声。+,副胎盘。+,044,0,常见,UIS,001,FTP,产科,NULL,NULL
544,胎盘肿瘤,超声,"胎盘附着于[子]宫下段[前;后][左侧;右侧]壁,面积轻度增大。+
胎盘宫底[中央;前;后][左;右][侧缘]见[轻度;明显;局限性][增厚;突起]，约mm。+
[局部;近胎儿面]见一类圆形实性较强回声肿块，约mm×mm×mm，边界清，内回声不均匀，
可见交错条索较强回声分隔成网状。+
内呈不规则蜂窝状无回声区。+
肿块周边及内部血供稀少，呈星点状，未探及明显动脉彩流信号。+
局部见一类圆形囊性肿块，约mm×mm×mm，壁簿光滑，内透声好。+
肿块周边及内部未见明显彩流信号。+
胎盘绒毛膜面[平坦光滑;波浪状][，切迹达][胎盘实质;基底膜]。+
胎盘实质呈[致密均匀;散在;不均][较粗][点状;团状;点团状][强;低][回声][环][，并见][少许;较多][柱状;环状][强回声][，][偶;多处可][见中央类圆形液性暗区]。+
胎盘基底膜[未]见[点状;串珠状;带状]强回声。+",胎盘实性占位性病变，考虑胎盘绒毛血管瘤[可能性大]。+
胎盘囊性占位性病变，考虑胎盘囊肿。+
胎盘成熟度[0;Ⅰ;Ⅱ;Ⅲ]级[＋;－]。+
建议[经阴道][CDFI]超声检查。+,045,0,常见,UIS,001,TPZL,产科,NULL,NULL
545,胎盘水泡样变,超声,经[阴道;直肠][彩色多普勒超声]探查盆腔：
子宫[前倾;后倾;水平位][后屈;前屈]，[大小正常;稍大;明显增大]，约mm×mm×mm，包膜光滑，宫壁回声均匀。+
宫腔增宽[，约mm]，内呈蜂窝状液性暗区，上方可见大片羊水腔。+
[双侧;左;右]附件[紧附宫][后][旁，][稍;明显][增厚;增粗][，类团块状]，边界[不;欠]清[，约mm×mm×mm]。+
[左;右;双侧]卵巢[无;稍][增大;显示][，境界][不;欠][清][，约mm×mm×mm]。+
[左;右]卵巢[可;未][见][个][小;多个][囊;优势卵]泡暗区[，约mm×mm][，张力稍低][，壁][稍;不][厚]。+
双侧[卵巢动脉;子宫动脉][未见异常彩流信号][PSVmm/s，PI，RI]。+,宫内妊娠[，约周大小]。+
[孕卵;胚胎][萎缩;发育停止]。+
胎盘水泡样变性[，未除外早期葡萄胎可能]。+
建议[经后第三天;定期;治疗后;妇科;进一步][W后][经阴道][CDFI][超声][复查;检查]。+,046,0,常见,UIS,001,TPSPYB,产科,NULL,NULL
546,晚孕双胎,超声,子宫[明显;高度]增大，内见两个胎头，两个胎心[，两个胎儿之间可见飘动胎膜分隔]。+
[其中一个;左侧]胎儿为[头;横;臀;足]位（[LOA;ROA;LSA;RSA;]）[，另一个;右侧]胎儿为[头;横;臀;足]位（[LOA;ROA;LSA;RSA;]）。+
BPDmm及mm，FLmm及mm。+胎心率分别次/分及次/分，律[不]整。+
[胎头;胸部;腹部;脊柱;四肢]未见畸形征象。+
[其中一胎;左侧;右侧]胎儿胎心胎动消失。+
[其中一胎;胎儿]可见以下畸形：
胎盘[增大，;为两个，分别]附着于[子]宫[底][前;后][左侧;右侧]壁[及宫][底][前;后][左侧;右侧][壁]，厚mm[，结构不清]。+
胎盘绒毛膜面[平坦光滑;波浪状][，切迹达][胎盘实质;基底膜]。+
胎盘实质回声[不;欠;尚]均匀[，见][散在][较粗][点状;团状;点团状][强;低][回声][环][，并见][少许;较多][柱状;环状][强回声][，][偶;多处可][见中央类圆形液性暗区]。+
胎盘基底膜[未]见[点状;串珠状;带状]强回声。+,宫内妊娠，[单;双][卵]双胎，符合周[左右]（[其中一个;左侧;右侧][胎儿为死胎]）。+
胎盘成熟度[0;Ⅰ;Ⅱ;Ⅲ]级[＋;－]。+
建议[经阴道][CDFI]超声检查。+,047,0,常见,UIS,001,WYST,产科,NULL,NULL
547,早孕双胎,超声,经[阴道;直肠][彩色多普勒超声]探查盆腔：
子宫[饱满;增大]，约mm×mm×mm。+
宫内膜腔变形，靠近宫底[左;右][前;后]侧[不对称肥厚;局部隆起]，回声增强[，其中见][类圆形;桔瓣形][强回声]。+
宫腔[稍;明显;无]增宽，内二个[圆形;椭圆形][小]孕囊[，分别为mm×mm×mm][及mm×mm×mm]。+
[二个;一个;另一个;大;小;左侧;右侧]孕囊内[未;均]见[胎儿;胚芽;胚胎][，头臀径约mm][及mm]，[可;未][见][原始心管;胎心;胎动][尚][好;消失;搏动]。+
[宫内见个]胎盘，[分别]附着于[子]宫[底][前;后][左侧;右侧]壁[及宫][底][前;后][左侧;右侧][壁][，厚mm][及mm]。+
羊水池宽约mm。+,宫内妊娠（[单;双][卵]双胎，符合周[左右]。+
[双活胎;一活胎一死胎]。+
另一个妊娠囊[萎缩;变形][，胚胎][消失;发育停止]。+
建议[定期;治疗后;妇科;进一步;W后;经阴道][CDFI][超声][复查;检查]。+,048,0,常见,UIS,001,ZYST,产科,NULL,NULL
548,联体双胎,超声,子宫[明显;高度]增大，内见两个胎头，两个胎心[，其中一个;左侧]胎儿为[头;横;臀;足]位，（[L;R][O;S][A;T;P;CA;CP]）[，另一个;右侧]胎儿为[头;横;臀;足]位，（[L;R][O;S][A;T;P;CA;CP]）。+
BPDmm及mm，FLmm及mm。+胎心率分别次/分及次/分，律[不]整。+
[其中一胎;左侧;右侧]胎儿胎心胎动消失。+
[头部;体部]相联，一齐活动。+
[胎头;胸部;腹部;脊柱;四肢]未见畸形征象。+
[其中一胎;胎儿]可见以下畸形：,宫内妊娠，联体双胎，符合周[左右]（[死;活]胎]。+
建议[定期;治疗后;妇科;进一步;W后;经阴道][CDFI][超声][复查;检查]。+,049,0,常见,UIS,001,LTST,产科,NULL,NULL
549,不完全纵隔并妊娠,超声,子宫[稍;明显]增大，近宫底部横切见宫腔有一纵行分隔将宫腔分成[左;右]大[右;左]小两部份。+
左侧宽约mm，右侧宽约mm，子宫长约mm。+
纵隔厚约mm，与宫底连续[，游离缘膜状]。+
[左;右]侧宫腔内见[椭圆形孕囊暗区，大小约mm×mm×mm;球形羊膜囊]，囊壁厚，回声较强。+
囊内[未]见胚芽及卵黄囊[，并见原始心管搏动]。+
内见[胚芽;胚胎;单胎][，头;横;臀;足]位（[L;R][O;S][A;T;P;CA;CP]）。+
[左;右]侧宫腔呈[半月形;线状]液性暗区[，暗区内见一][上肢;下肢;手掌;脚掌]。+
[左;右]侧宫腔内膜稍厚，约mm。+
胎头椭圆形[，脑中线居中]，脑室[无;稍]增宽[，宽约mm]。+
颜面[因体位]显示[不]清[，口唇未见异常]。+
胸部外形正常[，胸腔内未见液性暗区][，心胸比例正常]。+
腹部外形正常[，腹腔未见液性暗区][，胃泡及膀胱暗区显示清晰][，双肾脏对称]。+
脊柱椎骨排列整齐有序。+,子宫畸形[不完全纵隔]并宫内妊娠（[单活胎]），符合周[左右]。+
建议[定期;治疗后;妇科;进一步;W后;经阴道][CDFI][超声][复查;检查]。+,050,0,常见,UIS,001,BWQZGBRS,产科,NULL,NULL
550,残角子宫并妊娠,超声,[膀胱无尿下;经][阴道;直肠][彩色多普勒超声]探查盆腔：
子宫增大，约mm×mm×mm，形态失常，横切面，宫底一侧呈[羊角状;球形]外突，约mm×mm×mm[，内见][胚胎;胎儿][，可见胎心搏动]。+
宫底上方可见一"V"字形压迹。+
[宫体;宫颈]未见明显异常回声。+,残角子宫合并妊娠。+
建议[经后第三天;定期;治疗后;妇科;进一步;W后;经阴道;宫腔镜;阴道镜][彩色][超声][复查;检查]。+,051,0,常见,UIS,001,CJZGBRS,产科,NULL,NULL
551,葡萄胎,超声,经[阴道;直肠][彩色多普勒超声]探查盆腔：
子宫[前倾;后倾;水平位][后屈;前屈]，[大小正常;稍大;明显增大]，约mm×mm×mm[，宫底][平][脐][上mm][下mm][，形态失常][，呈球形][，加压时见子宫有明显压缩性]。+
包膜[欠;不][光滑;凹凸不平]，宫壁回声[不]均匀。+
子宫[前;后;底][左;右][侧]壁可见[多]个[灶性蜂窝状;不规则、境界不清、大小不等][低回声区;液性暗区]，约mm×mm[至mm×mm]，局部血流[较][丰富;稀少]，呈[短杆状;星点状;树枝状]。+
动脉PSVmm/s，PI，RI[，并探及动静脉瘘血流信号]。+
宫腔[稍;明显;球形;梭形]增宽，约mm，[部分为;内充满][蜂窝状无;海绵状低]回声[，部分为胚胎及胎盘][，未见胎心、胎动]。+
宫腔[前;后;底]壁可见附着正常胎盘。+
宫内膜[模糊;不整][，内见不规则][液性暗区;团块回声]。+
宫颈[大小正常;稍大;增大][，阴道内见带状强回声]。+
宫旁组织可见个不规则灶性回声，约mm×mm[至mm][×mm]。+局部血流[较][丰富;稀少]，呈[短杆状;星点状;树枝状]。+
动脉PSVmm/s，PI，RI[，并探及动静脉瘘血流信号]。+
[双侧;左;右]卵巢[不;增;明显增]大[，见多个多房性囊状肿块，约mm×mm至mm×mm]。+
双侧[卵巢动脉;子宫动脉][未见异常彩流信号][PSVmm/s，PI，RI]。+
子宫直肠窝内[未]见不规则液性暗区，宽mm。+,子宫明显增大，远大于孕龄。+
宫腔内水泡样组织，结合临床考虑[符合][恶性;退行性;部分]葡萄胎[可能]。+
子宫[前;后;底][壁]改变考虑受浸润可能。+
妊娠合并葡萄胎（[死胎];[活胎]）。+
未除外绒Ca可能。+
[双侧;左;右]卵巢[多发性]囊性占位性病变，符合黄素囊肿。+
浸润[左;右;前;后]宫旁组织。+
[恶性]葡萄胎治疗后局部病灶[稍;明显;无变化][缩小]。+
建议[经后第三天;定期;治疗后;妇科;进一步;W后;经阴道][CDFI][超声][复查;检查]。+,052,0,常见,UIS,001,PTT,产科,NULL,NULL
552,绒癌,超声,经[阴道;直肠][彩色多普勒超声]探查盆腔：
子宫[前倾;后倾;水平位][后屈;前屈]，[大小正常;稍大;明显增大]，约mm×mm×mm[，宫底][平][脐][上mm][下mm][，形态失常][，呈球形]。+
包膜[欠;不][光滑;凹凸不平]，宫壁回声[不]均匀。+
子宫[前;后;底][左;右][侧]壁可见[多]个[灶性蜂窝状;不规则、境界不清、大小不等][低回声区;液性暗区]，约mm×mm[至mm×mm]，局部血流[较][丰富;稀少]，呈[短杆状;星点状;树枝状]。+
动脉PSVmm/s，PI，RI[，并探及动静脉瘘血流信号]。+
宫腔[稍;明显;球形;梭形]增宽，约mm，内充满[蜂窝状无;海绵状低]回声。+
宫内膜[模糊;不整][，内见不规则][液性暗区;团块回声]。+
宫颈[大小正常;稍大;明显增大][，阴道内见带状强回声]。+
宫旁组织可见个不规则灶性回声，约mm×mm[至mm][×mm]。+局部血流[较][丰富;稀少]，呈[短杆状;星点状;树枝状]。+
动脉PSVmm/s，PI，RI[，并探及动静脉瘘血流信号]。+
[双侧;左;右]卵巢[不;增;明显增]大[，见多个多房性囊状肿块，约mm×mm至mm×mm]。+
双侧[卵巢动脉;子宫动脉][未见异常彩流信号][PSVmm/s，PI，RI]。+
子宫直肠窝内[未]见不规则液性暗区[，宽mm]。+,宫腔内水泡样组织，结合临床考虑[符合]绒Ca[可能]。+
子宫[前;后;底][壁]改变考虑受浸润可能。+
未除外恶性葡萄胎可能。+
[双侧;左;右]卵巢[多发性]囊性占位性病变，符合黄素囊肿。+
浸润[左;右;前;后]宫旁组织。+
绒Ca治疗后局部病灶[稍;明显;无变化][缩小]。+
建议[经后第三天;定期;治疗后;妇科;进一步;W后;经阴道][CDFI][超声][复查;检查]。+,053,0,常见,UIS,001,RA,产科,NULL,NULL
553,宫外孕穿刺,超声,[盆腔;腹腔;子宫][左侧;右侧;内;后方;前方][附件区]见1个类圆形囊性肿块，约mm×mm，囊内见胚胎及胎心闪动。+
经[腹;阴道]路径穿刺。+
常规消毒[铺巾，用][1％;2％]利多卡因局麻，安置套管针。+
用[14;16;18;20]G穿刺[套管]针沿引导线进针，针尖到达囊内[后留置套管]，抽出[淡黄色;淡红色]液体约ml，后注入MTXmg[，静观分钟见胎心闪动消失后退针。+
穿刺后观察半小时病人无不适。+,[左侧;右侧]宫外孕已作穿刺治疗。+,054,0,常见,UIS,001,GWYCC,产科,NULL,NULL
554,生物物理评分,超声,生物物理评分：
呼吸：[10分钟内1至次，每次持续≥1分钟;10分钟内1至次，每次持续<1分钟;10分钟内未见呼吸]，评[2;1;0]分。+
胎动：[10分钟内≥3次;10分钟内1-2次;10分钟内经刺激仍未见胎动]，评[2;1;0]分。+
肌张力：[10分钟内肢体或躯干伸展并回复原位1至次;10分钟内见肢体或躯干伸展但不回复原位1次;10分钟内经刺激仍无肢体或躯干伸展]，评[2;1;0]分。+
羊水：[羊水最大径≥30mm;羊水最大径30-20mm;羊水最大径<20mm]，评[2;1;0]分。+,生物物理评分总分：分（>4分为正常）。+,055,0,常见,UIS,001,SWWLPF,产科,NULL,NULL
555,不全流产[新],超声,"经[腹部;阴道]探查：  
   子宫[前;水平;后位],形态饱满，大小约为：mm ×  mm ×  mm轮廓清晰，宫壁回声均匀，内膜线居中,内膜厚  mm,[宫底部;宫体下段;宫体部;近宫颈内口处]宫腔内可见异常回声团块大小约   mm ×  mm,其内可见不规则小囊,CDFI显示呈条网状血流信号。+ 
   双卵巢大小结构正常。+
   盆腔内可见条片状暗区，液平 mm，透声性不佳。+","子宫增大,宫腔内异常回声团块(胚胎组织残留不除外)。+
盆腔积液。+",056,0,常见,UIS,001,BQLC[X],产科,NULL,NULL
556,残角子宫妊娠,超声,    子宫[后位;水平;前位[，略饱满。+宫体大小：  mm ×  mm ×  mm ，宫腔内膜略增厚，子宫右上方可见一圆形较大包块，内含一胎儿，双顶径  mm ，坐高  mm ，可见胎儿心脏搏动，胎动活跃，羊水  mm ，前壁胎盘O级。+
    左附件区未见异常。+
    右髂窝可见液性暗区深  mm ，右髂窝可见液性暗区深  mm 。+
    子宫直肠可见液性暗区,残角子宫妊娠，活胎；
残角子宫不全破裂；
血腹。+,057,0,常见,UIS,001,CJZGRS,产科,NULL,NULL
557,产后,超声,   产后 天：
   宫腔内可见稍强回声班块 mm，另亦可见深度 mm，不规则液性暗区。+,   产后复旧子宫：复旧良好。+
   宫腔内稍强回声斑块。+[伴;不伴]少量积血。+,058,0,常见,UIS,001,CH,产科,NULL,NULL
558,产前超声筛选报告,超声,产前超声筛查：宫内妊娠，横位 LScA 。+
    胎儿生长指标：BPD =  mm  HC =  mm  AC =  mm 
      FL =  mm   HL =  mm   小脑横径：  mm
      眼距：  mm ，下颌骨  mm ：，足底长： mm。+
    潜在染色体异常指标：CPC：一，EB：阴性，IEF：一，肾盂扩张：一，脑室扩张：一，NT：一。+

    各系统超声观察：
    胎儿头面：颅骨环完整，脑中线居中，两侧去丘脑可见，小脑形态无明显异常，后颅窝池  mm ；唇线连续，左、右耳可显示，位置、形态未见明显异常。+
    胎儿脊柱、四肢：脊椎骨排列整齐，连续性良好；左、右上肢，左、右下肢可见，活动度良好。+
    胎儿心脏：四腔切面可显示，左右房室比例基本对称，二尖瓣和三尖瓣可辨，室间隔显示较完整，胎儿心率：次/分，律齐。+
    胎儿腹部内脏：腹壁完整，肝胆、胃肠、双肾、膀胱可见。+
    脐带：脐动脉两根。+
    胎盘：胎盘附着于子宫前壁，胎盘成熟度[0;10;30]级，厚  mm 。+
    羊水：羊水最大深度  mm 。+, 宫内妊娠，胎儿存活，胎儿发育相当　 +　孕周。+
   胎儿未见明显异常声像，,059,0,常见,UIS,001,CQCSSXBG,产科,NULL,NULL
559,恶性葡萄胎,超声,"经[阴道;腹部]探查：  
   子宫[前;后;平]位,形态饱满，体积增大,大小约为： mm ×  mm ×  mm，子宫内膜不清晰，肌壁较厚，疏松，血流极丰富，子宫前壁两宫角处可见空洞样病灶，内流满彩团样血流
   双侧卵巢可见,大小结构正常。+",恶性葡萄胎。+,060,0,常见,UIS,001,EXPTT,产科,NULL,NULL
560,宫颈机能不全,超声,"    胎位：头位
    测量参数：BPD =  mm  HC =  mm   AC =  mm 
             FL =  mm   HL =  mm   S/D =  mm
             羊水深度=  mm 
    脊柱：正常
    胎心：有     BPM   心脏大小在正常范围
    胎动：有
    胎盘位置：胎盘附着于[宫体前壁;宫体后壁;宫底前壁;宫底后壁;右前侧壁;左前侧壁],胎盘成熟度[0;Ⅰ;Ⅱ;Ⅲ;Ⅳ;Ⅴ]级，厚度
    其他：宫颈长  mm ，颈管扩张，羊膜囊呈细管状突入颈管内长  mm ，子宫口开大   mm 。+",宫内孕，单胎，头位。+
宫颈机能不全。+,061,0,常见,UIS,001,GGJNBQ,产科,NULL,NULL
561,节育器下移,超声,"经[阴道;腹部;直肠]探查：  
   子宫[前;后;平]位,形态规整，大小约为： mm ×  mm ×  mm，轮廓清晰，宫壁回声均匀，内膜线居中,内膜厚   mm,宫腔内可见[0;T;V;宫腔型;母体乐型; ]节育环回声,位置下移至[宫体下段宫腔;宫颈内口;宫颈管内]。+ 
    双侧卵巢可见，大小结构正常。+
    盆腔内可见条片状暗区，液平 mm。+",子宫内节育器位置下移。+,062,0,常见,UIS,001,JYQXY,产科,NULL,NULL
562,节育器正常,超声,"经[阴道;腹部;直肠]探查：  
   子宫[前;后;平]位,形态规整，大小约为： mm ×  mm ×  mm，轮廓清晰，宫壁回声均匀，内膜线居中,内膜厚   mm,宫腔内可见[0;T;V;宫腔型;母体乐型;[节育环回声,位置居中。+ 
    双侧卵巢可见，大小结构正常。+
    盆腔内可见条片状暗区，液平 mm。+",子宫内节育器位置正常。+,063,0,常见,UIS,001,JYQZC,产科,NULL,NULL
563,前置胎盘[新],超声,胎位：
    测量参数：BPD = mm  HC = mm  AC = mm
              FL = mm   S/D = mm
    羊水: 羊水最大深度 mm 
    脊柱：正常
    胎心：有     心脏大小在正常范围
    胎动：有
    胎盘位置：胎盘附着于[宫体前壁;宫体后壁;宫底前壁;宫底后壁;右前侧壁;左前侧壁]胎盘成熟度[O;Ⅰ;Ⅱ;Ⅲ;Ⅳ;Ⅴ;]级，胎盘完全，[胎盘下缘覆盖子宫内口;胎盘下缘抵达子宫内口;子宫内口全部被胎盘覆盖]，胎盘厚度约为： mm
    其他：,"宫内单活胎,胎儿发育相当于孕 周。+
[中央性前置胎盘;边缘性前置胎盘;胎盘低置]。+",064,0,常见,UIS,001,QZTP[X],产科,NULL,NULL
564,死胎[新],超声,胎位：头位
    测量参数：BPD =  mm   HC =  mm   AC =  mm 
              FL =   mm   HL =  mm    
              羊水深度=  mm 
    脊柱：平直
    胎心：无   
    胎动：无    宫内寂静感
    胎盘位置：胎盘附着于[宫体前壁;宫体后壁;宫底部;宫底前壁;宫底后壁;右前侧壁;左前侧壁[成熟度[0;Ⅰ;Ⅱ;Ⅲ;Ⅳ;Ⅴ]级。+

    其他：胎儿颅骨重叠并塌陷，头皮剥离，颅内结构紊乱
          胎儿腹部张力欠隹，内脏结构不清,宫内死胎，羊水过少，胎儿发育相当于孕周。+,065,0,常见,UIS,001,ST[X],产科,NULL,NULL
565,无脑儿[新],超声,"    胎位：ROA
    测量参数：BPD =  mm  HC =  mm   AC =  mm 
             FL =  mm   HL =  mm   S/D =  mm
             羊水深度=  mm 
    脊柱：颈段欠规则
    胎心：有     BPM   心脏大小在正常范围
    胎动：有
    胎盘位置：胎盘附着于[宫体前壁;宫体后壁;宫底前壁;宫底后壁;右前侧壁;左前侧壁],胎盘成熟度[ 0;Ⅰ;Ⅱ;Ⅲ;Ⅳ;Ⅴ]级，厚度
    其他：胎儿头部未见颅骨光环，头节上可见眼眶和鼻骨",宫内单活胎，胎儿发育相当于孕 周。+
胎儿畸形，无脑儿。+,066,0,常见,UIS,001,WNE[X],产科,NULL,NULL
566,小胚胎,超声,"经[阴道;腹部]探查:
  子宫[前;中;后]位增大，宫内可见孕囊着床于[宫体前壁;宫体后壁;宫底]。+孕囊直径 mm，其内[可见;未见]卵黄囊。+
  双卵巢未见异常声像。+
  盆腔内可见条片状暗区,液平深 mm。+",宫内早孕，胚胎发育相当于孕 周。+
盆腔[少量]积液。+,067,0,常见,UIS,001,XPT,产科,NULL,NULL
567,小胚胎2,超声,经[阴道;腹部]探查:
   子宫[前;中;后]位增大，宫内可见孕囊着床于[宫底;宫体]。+其内可见胎芽、胎心及卵黄囊。+CRL:   mm。+
   双卵巢未见异常声像。+
   盆腔可见条片状暗区，液平  mm。+,   宫内早孕，胚胎存活，胚胎发育相当于孕 周。+
   盆腔积液。+,068,0,常见,UIS,001,XPT2,产科,NULL,NULL
568,小胚胎3,超声,经[阴道;腹部]探查：
   子宫[前;中;后]位增大，宫内可见孕囊着床于[宫底;宫体]。+其内可见胎芽、胎心及卵黄囊。+CRL:   mm。+
   双附件未见异常声像。+
   盆腔可见条片状暗区，液平  mm。+
   [左;右]侧卵巢内可见 × mm大小的无回声包块，壁薄光滑。+,   宫内早孕，胚胎存活，胚胎发育相当于孕 周。+
   盆腔积液。+
   [左;右]卵巢囊性包块(考虑黄体囊肿),069,0,常见,UIS,001,XPT3,产科,NULL,NULL
569,小胎儿,超声,经[阴道;腹部]探查:
子宫[前;水平;后]位增大，宫内可见孕囊着床于[宫体前壁;宫体后壁;宫底]。+其内可见胎儿及其附属物声像。+CRL mm。+胎心胎动[可见;未见]。+
[左;右]卵巢可探及大小约 mm×mm的囊性包块，壁薄光滑。+,宫内早孕，胚胎存活。+胚胎发育相当于孕 周。+
[左;右]卵巢囊性包块(考虑黄体囊肿),070,0,常见,UIS,001,XTE,产科,NULL,NULL
570,正常胎儿,超声,胎位：[左枕前;右枕前;左枕横;右枕横;左枕后;右枕后]
    测量参数：BPD =  mm  HC =  mm   AC =  mm 
             FL =  mm   S/D =  
    羊水: 羊水最大深度  mm。+    
    脊柱：[正常;不正常]
    胎心：有   bpm    心脏大小在正常范围
    胎动：有
    胎盘位置：胎盘附着于[宫体前壁;宫体后壁;宫底部;宫底前壁;宫底后壁;右前侧壁;左前侧壁]成熟度[0;Ⅰ;Ⅱ;Ⅲ;Ⅳ;Ⅴ]级。+
    胎儿颈部可见脐带绕颈[一;两;三]周。+,宫内单活胎，胎儿发育相当于孕[足月; 周]。+
胎盘[0;Ⅰ;Ⅱ;Ⅲ;Ⅳ;Ⅴ]级，羊水量[正常;过多]。+
胎儿脐带绕颈[一;两;三]周。+,071,0,常见,UIS,001,ZCTE,产科,NULL,NULL
571,子宫穿孔,超声,    膀胱充盈:佳
    子宫位置：前位
    子宫大小：正常大小约: mm ×  mm ×  mm 
    宫腔：内见一光团靠近宫角似穿过浆膜层
    附件区：（一）
    髂窝：（一）
    子宫直肠窝：未见液性区。+,子宫穿孔。+,072,0,常见,UIS,001,ZGCK,产科,NULL,NULL
573,破卵,超声,经阴道彩色多普勒超声导向卵泡穿刺：
[双;左]侧卵巢见个[优势;较大][卵;囊]泡，约mm×mm×mm[，呈][圆;椭圆]形，饱满，壁[厚;薄]。+
选上述卵泡为穿刺目标。+
常规消毒，将活检枪弹射距离设定在mm。+
用[14;16;18;20]G穿刺[套管]针沿引导线进针，针尖到达卵泡旁，击发活检枪见针尖进入卵泡内，随即退针。+
退针后见卵泡[稍;明显;消失;无][增大;缩小;塌陷]，约mm×mm×mm[，呈][圆;椭圆;不规则]形。+
[宫旁;宫左旁;宫右旁;子宫直肠窝内][未]见[少量]液性暗区[，宽mm]。+
穿刺后观察半小时病人无不适。+,[右;左]侧卵巢优势卵泡已作穿刺。+
[宫旁;宫左旁;宫右旁;子宫直肠窝内]见少量液体。+
建议[经后第三天;定期;治疗后;妇科;进一步;W后;经阴道][彩色多普勒][超声][复查;检查]。+,023,0,常见,UIS,001,PL,附件,NULL,NULL
574,盆腔肿块活检,超声,[盆腔;腹腔;子宫][左侧;右侧;内;后方;前方][卵巢区]见[多]个[类圆形;不规则结节状][液][实]性回声团，[最大]约mm×mm×mm[至mm×mm×mm]。+
选[盆腔;腹腔;子宫][左侧;右侧;内;后方;前方][卵巢区]肿块为穿刺活检目标，经[腹;阴道]穿刺。+
常规消毒[铺巾，用][1％;2％][普鲁;利多][卡因局麻][，安置导向针]。+
用[18;20;22]G[活检针;组织切割针]沿[阴道探头]引导线进针，针尖[到达;离;进入]肿块[边缘;内]触发活检枪向肿块[边缘;中心]活检，随即退针，取材放在10％福尔马林内固定，向不同方向共活检[1;2;3]针。+
用[18;20;22]G[组织切割针;穿刺针]沿[阴道探头]引导线进针，针尖进入肿块[边缘;中心]作反复提拉旋转后退针，取材放在[滤纸上再放入]10％福尔马林液内固定[并][作细胞涂片]，向不同方向共活检[1;2;3]针。+
取材[不;基本]满意，长约mm至mm，组织呈[鱼肉状;白色;红色;红白相间;血丝状][条块;碎块]。+
取材即送[组织;细胞]学检查。+
穿刺后观察半小时病人无不适。+,[盆腔;腹腔;子宫][左侧;右侧;内;后方;前方][附件区][多发性][液][实]性占位性病变已作穿刺活检，病理结果待报。+,024,0,常见,UIS,001,PQZKHJ,附件,NULL,NULL
575,卵囊穿刺硬化,超声,[盆腔;腹腔;子宫][左侧;右侧;内;后方;前方][卵巢区]见[多]个[类圆形;梭形;不规则]囊性肿块回声[，相互相通]，[最大][约mm×mm×mm[至;及][mm×mm×mm]，囊壁光滑，内透声好。+
选[盆腔;腹腔;子宫][左侧;右侧;内;后方;前方][卵巢区]肿块为穿刺抽液目标，经[腹;阴道]穿刺。+
常规消毒铺巾，用[1％;2％][普鲁;利多]卡因局麻[，安置导向针]。+
用[14;16;18;20]G[套管]穿刺针沿引导线进针，针尖到达[囊内;液区]中心，拔出针芯[，后留置套管]，抽出[淡黄色;红白色;加啡色][液体;脓液]共约ml[，抽净后退针]。+
然后用[1％;2％]利多卡因反复冲冼并作表面麻醉[，再用][无水酒精;灭滴灵;NS]反复冲冼至囊液基本变清，抽净后注入[无水酒精;四环素1.0G;地塞米松][ml;mg]，[抽净后]退针。+
穿刺后观察半小时病人无不适。+,[盆腔;腹腔;子宫][左侧;右侧;内;后方;前方][附件区][囊;脓]肿已作穿刺抽[液;脓][硬化]治疗。+
建议[定期;治疗后;妇科;进一步;W后][复查;检查]。+,025,0,常见,UIS,001,LNCCYH,附件,NULL,NULL
576,输卵管造影,超声,按输卵管通水法向宫内注入[双氧水;晶氧稀释液;手振白蛋白稀释液][5;10;15;20]ml。+
经腹超声见宫腔显影后，[双侧;左;右]输卵管[间质部;峡部;壶腹部]内[见;无][大量;较多;细线状][强回声造影剂][通过;进入]。+
右侧输卵管[间质部;峡部;壶腹部]内[见;无][大量;较多;细线状][强回声造影剂][通过;进入]。+
[宫腔;输卵管]造影剂向宫[口;腔][少许;大量]倒流。+
[右;左;双]侧输卵管[间质部;峡部;壶腹部][稍;明显]增宽[，约mm]，内残留[大量;少量][强回声造影剂]液性暗区[，呈][囊状;梭状]。+
盆腔内[无;见][少许;大量]造影剂。+
造影后观察半小时病人无不适。+,[双侧;左;右]输卵管[不;欠][完全;尚][通畅;闭塞][，管腔][稍;明显][狭][窄]。+
建议[经后第三天;定期;治疗后;妇科;进一步;W后;经阴道][彩色多普勒][超声][复查;检查]。+,026,0,常见,UIS,001,SLGZY,附件,NULL,NULL
577,乳腺癌,超声,[左侧][右侧]侧乳腺[1;2;3;4;5;6;7;8;9;10;11;12]点钟，距乳头约[1;2;3;4;5;6;7]MM，腺体内见一不规则形低回声灶，大小约mm×mm，前后径>左右径。边界不清，呈稍高回声毛玻璃状改变，内回声分布不均匀，可见点状钙化点，后方回声明显衰减，[肿块局部的浅筋膜浅层、浅筋膜深层均受侵中断;肿块局部的浅筋膜浅层受侵中断，浅筋膜深层尚连续][，Cooper's韧带部分受侵，呈帆顶状改变]。
CDFI:内部可见较丰富血流信号，可及动脉频谱，VP：MM/s，RI:0.。
[左侧][右侧]侧乳腺各组织结构清晰，腺组织较均质，呈细蜂窝状较强回声，导管未见扩张。
[左侧][右侧]侧腋窝腋下组见[一;多]个淋巴结回声，[大小不一，最大;大小]mm×mm，边界清，椭圆形，皮髓质分界不清，淋巴结门消失。
CDFI：上述淋巴结内未见明确血流信号。
[左侧][右侧][双侧]侧腋窝未见明确肿大淋巴结。
,[右侧][左侧]乳腺[1;2;3;4;5;6;7;8;9;10;11;12]点钟实性占位性病变，符合乳腺癌声像。
[右侧][左侧]侧腋窝淋巴结肿大，考虑恶性淋巴结。
[右侧][左侧]侧乳腺、[右侧][左侧]侧腋窝未见占位性病变。
,001,0,乳腺癌,UIS,001,RXA,乳腺,NULL,NULL
578,各种穿刺抽液,超声,[左侧胸腔;右侧胸腔;腹腔;心包]可见[大;中;少]量无回声暗区，[暗区前缘距皮肤约mm，][收缩期心尖部][收缩期左室后方]暗区最大深度约mm，暗区中央距皮肤约mm。暗区内[未]见高回声分隔。

常规消毒铺巾，局部麻醉，于超声引导下穿刺入[左侧胸腔;右侧胸腔;腹腔;心包]，抽取[暗红色;黄色清亮]液体约ml[，送病理细胞学检查]。术程顺利，术中病人无不适反应。
,[左侧胸腔;右侧胸腔;腹腔;心包]穿刺抽液。



不适随诊。
3个工作日后凭发票到5楼病理科取结果。

,0073,0,常见,UIS,,GZCCCY,介入、定位,NULL,NULL
581,睾丸炎,超声,"[左侧;右侧;双侧]睾丸[切面内径××mm;,左侧××mm;,右侧××mm],形态轮廓[正常;失常],体积[增大;稍大;不大;明显增大;普遍性增大],表面光滑整齐,内部[回声呈中等亮度的细小密集光点,回声增密增强;可见散在点片状低回声],分布[均匀;不均匀],未见明显肿块图像,睾丸周围[可见;未见][小片状积液暗区;大片状积液暗区;未见积液暗区]。
","[左侧;,右侧;,双侧]睾丸[肿大;稍大;明显肿大;普遍性肿大],考虑[急性睾丸炎;急性化脓性睾丸炎;慢性睾丸炎]。[左侧;右侧;双侧]睾丸鞘膜[少量;中量]积液。",001,0,常见,UIS,096,GWY,男生殖系,NULL,NULL
582,视网膜脱离,超声,"[左眼;右眼;双眼]形态结构[正常;失常],玻璃体暗区内可见异常强回声光带,呈[一字形;V字形;W形],[凹面向前;后端连于视乳头;前端止于视网膜锯齿缘;宽口向前;窄口向后与视乳头相连;赤道部扫查呈""同心圆征""],光带[较薄而整齐;厚薄不一;内有小暗区],后方为网膜下积液暗区,光带距眼球后壁约mm。
","[左眼;右眼;双眼]玻璃体内异常强光带,考虑[部分性视网膜脱离;完全性视网膜脱离;陈旧性视网膜脱离]。
",0073,0,六院,UIS,,SWMTL,眼球,NULL,NULL
583,渗出性视网膜炎,超声,"[左眼;右眼]形态结构失常,玻璃体暗区内可见异常强回声光带,呈[一字形;波浪形;弧形],光带与眼球壁之间的暗区内可见弱点状回声。
",考虑[左眼;右眼]渗出性视网膜炎。
,0073,0,六院,UIS,,SCXSWMY,眼球,NULL,NULL
584,视网膜母细胞瘤,超声,"[左眼;右眼]形态结构失常,玻璃体暗区内可见[一个;几个][肿块图像;异常回声],[大小约;大小不等;最大约][×mm;×mm;×mm和×mm],形状呈[半圆形;圆形;不规则形],自眼球壁向玻璃体隆起,边界清楚,但不整齐,内部回声[强弱不一;分布不匀;极不均匀;在实体性病变内有不规则暗区],并有强回声钙斑伴声影,玻璃体暗区内尚可见[继发性视网膜脱离光带回声;漏斗状光带回声;内有明显增厚区]。
","[左眼;右眼]玻璃体内[实质不均质性;混合性]占位病变,性质待查,考虑视网膜母细胞瘤。[左眼;右眼]继发性视网膜脱离。
",0073,0,六院,UIS,,SWMMXBL,眼球,NULL,NULL
